name,playcount,listeners,mbid,url,streamable,tags
Beck,123093980,3539193,a8baaa41-50f1-4f63-979e-717c14979dfb,https://www.last.fm/music/Beck,0,"alternative, indie, rock"
Nickelback,102831614,3434912,bc710bcf-8815-42cf-bad2-3f1d12246aeb,https://www.last.fm/music/Nickelback,0,"rock, alternative rock, hard rock"
Simon & Garfunkel,87203562,3001132,5d02f264-e225-41ff-83f7-d9b1f0b1874a,https://www.last.fm/music/Simon+&+Garfunkel,0,"folk, classic rock, singer-songwriter"
Beastie Boys,98829048,2909334,9beb62b2-88db-4cea-801e-162cd344ee53,https://www.last.fm/music/Beastie+Boys,0,"Hip-Hop, rap, alternative"
Sum 41,112155374,2815887,f2eef649-a6d5-4114-afba-e50ab26254d2,https://www.last.fm/music/Sum+41,0,"punk rock, punk, pop punk"
Lily Allen,85568797,2809413,6e0c7c0e-cba5-4c2c-a652-38f71ef5785d,https://www.last.fm/music/Lily+Allen,0,"pop, female vocalists, british"
Jimmy Eat World,86983395,2698952,bbc5b66b-d037-4f26-aecf-0b129e7f876a,https://www.last.fm/music/Jimmy+Eat+World,0,"rock, alternative, emo"
Lynyrd Skynyrd,44795948,2605487,c544ed4d-2390-4442-a83e-1ea2883b09c8,https://www.last.fm/music/Lynyrd+Skynyrd,0,"classic rock, Southern Rock, rock"
The Prodigy,117342613,2587952,4a4ee089-93b1-4470-af9a-6ff575d32704,https://www.last.fm/music/The+Prodigy,0,"electronic, techno, industrial"
Whitney Houston,41666258,2457611,0307edfc-437c-4b48-8700-80680e66a228,https://www.last.fm/music/Whitney+Houston,0,"pop, female vocalists, soul"
B.o.B,34303435,2436393,bb4d8640-fe09-4019-9068-2b22a086012c,https://www.last.fm/music/B.o.B,0,"Hip-Hop, rap, hip hop"
Jessie J,42829875,2293778,d24fb461-dee8-41fc-bb15-2f13bb2644a6,https://www.last.fm/music/Jessie+J,0,"pop, british, female vocalists"
Gotye,40129557,2270640,6f6fd596-76e0-4b82-aa37-f558ac2d337b,https://www.last.fm/music/Gotye,0,"indie, electronic, alternative"
Ludacris,23665863,2260343,0638ba22-040f-438d-83a5-9b670c4adaf5,https://www.last.fm/music/Ludacris,0,"rap, Hip-Hop, Dirty South"
Avenged Sevenfold,137483057,2225318,24e1b53c-3085-4581-8472-0b0088d2508c,https://www.last.fm/music/Avenged+Sevenfold,0,"metalcore, metal, hard rock"
Sean Paul,29542600,2222113,c3da3346-2643-48a7-93cd-011f6834b3d7,https://www.last.fm/music/Sean+Paul,0,"dancehall, reggae, Hip-Hop"
Sonic Youth,98971852,2208818,be04c6a7-f7e8-4236-8124-3883d05eb259,https://www.last.fm/music/Sonic+Youth,0,"alternative, experimental, post-punk"
Mika,52054430,2145466,e4914285-d20d-4fc2-ae32-42cba8aeeed0,https://www.last.fm/music/Mika,0,"pop, british, britpop"
Neil Young,79950514,2106618,75167b8b-44e4-407b-9d35-effe87b223cf,https://www.last.fm/music/Neil+Young,0,"classic rock, singer-songwriter, rock"
Leona Lewis,32035379,2083037,8d552dfc-648f-401f-90de-e925013ca537,https://www.last.fm/music/Leona+Lewis,0,"pop, female vocalists, soul"
The Postal Service,54602537,2046601,299278d3-25dd-4f30-bae4-5b571c28034d,https://www.last.fm/music/The+Postal+Service,0,"indie, electronic, indie pop"
Tenacious D,62700440,1968894,148ddea2-6839-4354-8e2c-5dfadf136b7f,https://www.last.fm/music/Tenacious+D,0,"rock, comedy, hard rock"
Damien Rice,58394154,1954718,2119beb8-6ac5-4f21-82a4-b831c90c0024,https://www.last.fm/music/Damien+Rice,0,"singer-songwriter, acoustic, indie"
Lou Reed,40549254,1946680,9d1ebcfe-4c15-4d18-95d3-d919898638a1,https://www.last.fm/music/Lou+Reed,0,"rock, classic rock, singer-songwriter"
All Time Low,95061511,1937768,62162215-b023-4f0e-84bd-1e9412d5b32c,https://www.last.fm/music/All+Time+Low,0,"pop punk, rock, powerpop"
LMFAO,24393883,1882743,ed5d9086-e8cd-473a-b96c-d81ad6c98f0d,https://www.last.fm/music/LMFAO,0,"electronic, Hip-Hop, electro"
Billie Holiday,39523963,1878462,d59c4cda-11d9-48db-8bfe-b557ee602aed,https://www.last.fm/music/Billie+Holiday,0,"jazz, blues, female vocalists"
Travis,44617662,1878279,960607c6-b0e3-483d-be67-8232eb50eb95,https://www.last.fm/music/Travis,0,"britpop, indie, rock"
Goldfrapp,52579426,1851399,7b885d42-3c41-4f43-9944-a5855ec5155e,https://www.last.fm/music/Goldfrapp,0,"electronic, trip-hop, female vocalists"
Lifehouse,42040847,1834979,04591295-6d94-45cb-b6c7-1ae17c6f380e,https://www.last.fm/music/Lifehouse,0,"rock, alternative rock, alternative"
PJ Harvey,81018886,1829299,e795e03d-b5d5-4a5f-834d-162cfb308a2c,https://www.last.fm/music/PJ+Harvey,0,"female vocalists, alternative, rock"
Editors,61517547,1822271,0efe858c-89e5-4e47-906a-356fa953fd6e,https://www.last.fm/music/Editors,0,"seen live, indie, indie rock"
Sara Bareilles,35698932,1793186,e54be6b7-5c26-4b47-bb3f-c137429b9b55,https://www.last.fm/music/Sara+Bareilles,0,"female vocalists, pop, singer-songwriter"
Wolfmother,36127895,1791704,f0c8f75f-8736-4b1d-b312-9349fcff321d,https://www.last.fm/music/Wolfmother,0,"rock, hard rock, Stoner Rock"
Bloodhound Gang,39223787,1789334,b2dbfc09-b332-408b-a235-1850e41971c5,https://www.last.fm/music/Bloodhound+Gang,0,"rock, alternative, alternative rock"
Eels,55684144,1786134,14387b0f-765c-4852-852f-135335790466,https://www.last.fm/music/Eels,0,"indie, alternative, rock"
Paul Simon,39318601,1747891,05517043-ff78-4988-9c22-88c68588ebb9,https://www.last.fm/music/Paul+Simon,0,"singer-songwriter, folk, classic rock"
Judas Priest,83400552,1743870,6b335658-22c8-485d-93de-0bc29a1d0349,https://www.last.fm/music/Judas+Priest,0,"heavy metal, metal, hard rock"
Colbie Caillat,27152249,1743337,efc8a006-d0c6-4a9b-8cb1-91ca770fa2b9,https://www.last.fm/music/Colbie+Caillat,0,"female vocalists, pop, acoustic"
Fabolous,14174661,1738647,d2299099-e617-46dd-b013-ba0b4c72bc63,https://www.last.fm/music/Fabolous,0,"Hip-Hop, rap, hip hop"
R. Kelly,18151319,1731702,c2d25856-a09a-4d15-b404-77dd19c19e63,https://www.last.fm/music/R.+Kelly,0,"rnb, soul, Hip-Hop"
Nick Cave & The Bad Seeds,83298431,1717432,172e1f1a-504d-4488-b053-6344ba63e6d0,https://www.last.fm/music/Nick+Cave+&+The+Bad+Seeds,0,"post-punk, rock, alternative"
Tom Waits,102796047,1709902,c3aeb863-7b26-4388-94e8-5a240f2be21b,https://www.last.fm/music/Tom+Waits,0,"blues, singer-songwriter, experimental"
The Decemberists,68933392,1705284,97b1142f-c71e-4971-8736-4a8ceaf6b4c3,https://www.last.fm/music/The+Decemberists,0,"indie, indie rock, folk"
Broken Social Scene,61159070,1683321,2eada8f8-056a-4093-bbc2-004909ce743b,https://www.last.fm/music/Broken+Social+Scene,0,"indie, indie rock, Canadian"
Hot Chip,52754646,1674372,d8915e13-d67a-4aa0-9c0b-1f126af951af,https://www.last.fm/music/Hot+Chip,0,"electronic, seen live, indie"
Janis Joplin,27914711,1669198,76c9a186-75bd-436a-85c0-823e3efddb7f,https://www.last.fm/music/Janis+Joplin,0,"classic rock, blues, female vocalists"
Yann Tiersen,83712799,1662221,12d432a3-feb0-49b1-a107-d20751880764,https://www.last.fm/music/Yann+Tiersen,0,"instrumental, Soundtrack, french"
TV on the Radio,48166235,1659591,eb872766-98f6-453d-883f-2ae908a18315,https://www.last.fm/music/TV+on+the+Radio,0,"indie, indie rock, experimental"
Thievery Corporation,53111020,1653274,a505bb48-ad65-4af4-ae47-29149715bff9,https://www.last.fm/music/Thievery+Corporation,0,"chillout, trip-hop, electronic"
Corinne Bailey Rae,21027369,1646777,bc85c6f6-6b06-44c1-8754-ef32c1e6b824,https://www.last.fm/music/Corinne+Bailey+Rae,0,"soul, female vocalists, jazz"
Imogen Heap,41853736,1643267,328d146c-79f1-4eb6-9e40-8ee5710c14e5,https://www.last.fm/music/Imogen+Heap,0,"female vocalists, indie, electronic"
Cher,25960241,1641477,bfcc6d75-a6a5-4bc6-8282-47aec8531818,https://www.last.fm/music/Cher,0,"pop, female vocalists, 80s"
The Ting Tings,28150391,1625393,e618770f-e994-41c3-856f-1eedf56b6d74,https://www.last.fm/music/The+Ting+Tings,0,"indie, electronic, british"
Bing Crosby,19912690,1622494,2437980f-513a-44fc-80f1-b90d9d7fcf8f,https://www.last.fm/music/Bing+Crosby,0,"jazz, swing, oldies"
Zero 7,44468899,1620763,c23b637b-97c6-41eb-8ef6-6c724efc80a8,https://www.last.fm/music/Zero+7,0,"chillout, electronic, downtempo"
Kool & The Gang,15456465,1616182,2469950a-f0ca-425a-bfbc-baf55ea3afde,https://www.last.fm/music/Kool+&+The+Gang,0,"funk, soul, Disco"
James Morrison,25361517,1613884,b49a9595-3576-44bb-8ac0-e26d3f5b42ff,https://www.last.fm/music/James+Morrison,0,"singer-songwriter, british, soul"
Klaxons,34973734,1613112,63011a8d-0117-4f7e-9991-1ef1f337ff70,https://www.last.fm/music/Klaxons,0,"new rave, indie, electronic"
Billy Talent,80008271,1605401,fd429857-5ace-4609-ae54-1502c3bdac11,https://www.last.fm/music/Billy+Talent,0,"punk rock, seen live, rock"
Enya,62764853,1605153,4967c0a1-b9f3-465e-8440-4598fd9fc33c,https://www.last.fm/music/Enya,0,"new age, celtic, female vocalists"
Duffy,23684195,1604776,da4f7583-bb31-49d2-9364-4bdf8bfb351c,https://www.last.fm/music/Duffy,0,"soul, female vocalists, british"
Razorlight,25589023,1603983,f2cb0435-d643-4fab-9587-fdb0279330a7,https://www.last.fm/music/Razorlight,0,"indie, indie rock, seen live"
Sarah McLachlan,24927739,1574982,ce58d854-7430-4231-aa44-97f0144b3372,https://www.last.fm/music/Sarah+McLachlan,0,"female vocalists, singer-songwriter, pop"
Beirut,87003968,1574600,989276c4-d2e8-4599-a2a0-c9ebeba73104,https://www.last.fm/music/Beirut,0,"folk, indie, indie folk"
P.O.D.,33554503,1569971,b3b81e34-2bfa-4d3c-be35-8a528f06fcd0,https://www.last.fm/music/P.O.D.,0,"Nu Metal, rapcore, rock"
The Raconteurs,36780261,1565452,be407b02-f3e6-4ed5-9489-f8e5f0ab36dc,https://www.last.fm/music/The+Raconteurs,0,"rock, alternative rock, alternative"
Groove Armada,27906681,1563450,35723b60-732e-4bd8-957f-320b416e7b7f,https://www.last.fm/music/Groove+Armada,0,"electronic, chillout, House"
The Libertines,49776533,1561185,e6e64ac4-9233-4bb6-92f3-1392f8b018f3,https://www.last.fm/music/The+Libertines,0,"indie, indie rock, british"
Tegan and Sara,87924023,1551857,d13f0f47-36f9-4661-87fe-2de56f45c649,https://www.last.fm/music/Tegan+and+Sara,0,"indie, female vocalists, Canadian"
Faithless,29062994,1545147,23d9d74d-c95e-46a6-be26-a6075c49747a,https://www.last.fm/music/Faithless,0,"electronic, trip-hop, dance"
Dave Matthews Band,51803471,1536398,07e748f1-075e-428d-85dc-ce3be434e906,https://www.last.fm/music/Dave+Matthews+Band,0,"rock, alternative, Jam"
Coolio,11568827,1534332,cc30e630-8c75-4d78-b205-8e2edc6bdaa7,https://www.last.fm/music/Coolio,0,"rap, Hip-Hop, hip hop"
Kings of Convenience,62810762,1528018,cf0f4547-ffbd-4011-98ad-0bec9ba022db,https://www.last.fm/music/Kings+of+Convenience,0,"indie, acoustic, norwegian"
D12,13907660,1520064,9ab19acf-06d9-4c92-bd5a-8c945488d45b,https://www.last.fm/music/D12,0,"rap, Hip-Hop, hip hop"
The Knife,63090352,1515646,cf16d0a3-9d9c-44d4-b610-f0baccc27912,https://www.last.fm/music/The+Knife,0,"electronic, synthpop, swedish"
Roxette,31155232,1510929,d3b2711f-2baa-441a-be95-14945ca7e6ea,https://www.last.fm/music/Roxette,0,"pop, 80s, rock"
Mogwai,78587136,1508271,d700b3f5-45af-4d02-95ed-57d301bda93e,https://www.last.fm/music/Mogwai,0,"post-rock, instrumental, seen live"
OK Go,28540058,1505924,e132d370-2a59-4437-8610-756df28a5a02,https://www.last.fm/music/OK+Go,0,"indie, indie rock, rock"
Sex Pistols,27936921,1495197,e5db18cb-4b1f-496d-a308-548b611090d3,https://www.last.fm/music/Sex+Pistols,0,"punk, punk rock, british"
Daddy Yankee,28154686,1494351,2f522f5c-111c-4ce8-8bd0-d82e97c227ad,https://www.last.fm/music/Daddy+Yankee,0,"Reggaeton, latin, Hip-Hop"
Tori Amos,68332635,1487992,c0b2500e-0cef-4130-869d-732b23ed9df5,https://www.last.fm/music/Tori+Amos,0,"female vocalists, singer-songwriter, alternative"
Robin Thicke,16734622,1484178,ddfd9b2f-186e-4b2c-ad09-01aa5380c225,https://www.last.fm/music/Robin+Thicke,0,"soul, rnb, pop"
Def Leppard,32490410,1482205,7249b899-8db8-43e7-9e6e-22f1e736024e,https://www.last.fm/music/Def+Leppard,0,"hard rock, classic rock, rock"
Morcheeba,44167817,1472063,067102ea-9519-4622-9077-57ca4164cfbb,https://www.last.fm/music/Morcheeba,0,"trip-hop, chillout, electronic"
Andrew Bird,56635593,1470058,081b133e-ce74-42ba-92c1-c18234acb532,https://www.last.fm/music/Andrew+Bird,0,"indie, singer-songwriter, folk"
Bush,26476303,1469874,d5319d7c-7c20-430e-acef-2718aaa90554,https://www.last.fm/music/Bush,0,"Grunge, rock, alternative rock"
Sam Cooke,23259534,1465963,6c8fd0be-d961-454c-aee0-4366a6dbc993,https://www.last.fm/music/Sam+Cooke,0,"soul, rhythm and blues, oldies"
Sixpence None the Richer,15337463,1463521,c2c70ed6-5f10-445c-969f-2c16bc9a4c2e,https://www.last.fm/music/Sixpence+None+the+Richer,0,"pop, female vocalists, rock"
Tony Bennett,14362811,1458327,8be0594f-8c13-46bb-ab06-f93ffba5c776,https://www.last.fm/music/Tony+Bennett,0,"jazz, swing, oldies"
Fort Minor,25151445,1449579,e1564e98-978b-4947-8698-f6fd6f8b0181,https://www.last.fm/music/Fort+Minor,0,"Hip-Hop, rap, alternative"
Andy Williams,11889093,1431332,81e23b53-ede9-4321-a210-d29e94cf1398,https://www.last.fm/music/Andy+Williams,0,"oldies, 60s, easy listening"
Europe,16892878,1431253,ccfe7a3c-1a45-4984-a8d0-644549cefe61,https://www.last.fm/music/Europe,0,"hard rock, rock, 80s"
Apocalyptica,60362583,1430443,788ad31c-bf0c-4a31-83f8-b8b130d79c76,https://www.last.fm/music/Apocalyptica,0,"symphonic metal, instrumental, metal"
Steppenwolf,12423570,1429436,12ff8858-bfcb-4812-a8dd-7e9debf0cbee,https://www.last.fm/music/Steppenwolf,0,"classic rock, rock, hard rock"
Ben Harper,24704305,1427762,bab1a235-a6a5-4e67-90ca-64ac0f991a10,https://www.last.fm/music/Ben+Harper,0,"singer-songwriter, acoustic, folk"
Black Rebel Motorcycle Club,40265973,1423914,32b90c92-9978-4a07-90eb-caa4b22f4907,https://www.last.fm/music/Black+Rebel+Motorcycle+Club,0,"rock, indie rock, indie"
Keri Hilson,12885182,1417649,b76c616a-ec0d-4f0c-b986-f249c4a04d77,https://www.last.fm/music/Keri+Hilson,0,"rnb, pop, female vocalists"
T. Rex,26351044,1414664,c842d29f-a297-48cd-bb71-4f77fd672b16,https://www.last.fm/music/T.+Rex,0,"glam rock, classic rock, rock"
Whitesnake,25566509,1411895,5dedf5cf-a598-4408-9556-3bf3f149f3ba,https://www.last.fm/music/Whitesnake,0,"hard rock, classic rock, rock"
Ludovico Einaudi,54014304,1409246,fa34b363-79df-434f-a5b8-be4e6898543f,https://www.last.fm/music/Ludovico+Einaudi,0,"piano, Classical, contemporary classical"
Basement Jaxx,24157015,1405808,28cbf94d-0700-4095-a188-37e373b069a7,https://www.last.fm/music/Basement+Jaxx,0,"electronic, dance, House"
of Montreal,61491286,1405213,8475297d-fb78-4630-8d74-9b87b6bb7cc8,https://www.last.fm/music/of+Montreal,0,"indie, seen live, indie pop"
Jay Sean,13310330,1402120,e03cf5b6-d2ec-4465-adee-226b518bcfcd,https://www.last.fm/music/Jay+Sean,0,"rnb, pop, soul"
John Coltrane,32751119,1393060,b625448e-bf4a-41c3-a421-72ad46cdb831,https://www.last.fm/music/John+Coltrane,0,"jazz, saxophone, free jazz"
Miike Snow,31164889,1391096,753a1564-aaef-4d39-bc68-4a8d5e328cf7,https://www.last.fm/music/Miike+Snow,0,"electronic, electropop, synth"
The Dandy Warhols,27645439,1388138,5f572b31-8fd9-45ae-9beb-358c98d839df,https://www.last.fm/music/The+Dandy+Warhols,0,"indie, rock, alternative"
Mos Def,30166428,1387607,9f4551c6-1324-4ac5-b3fe-a5c5cfacd54d,https://www.last.fm/music/Mos+Def,0,"Hip-Hop, rap, hip hop"
Seal,17135826,1386679,f053ae01-dae6-4aae-9883-e8c279fdbef4,https://www.last.fm/music/Seal,0,"soul, pop, singer-songwriter"
Dashboard Confessional,40961776,1383056,50549203-9602-451c-b49f-ff031ba8635c,https://www.last.fm/music/Dashboard+Confessional,0,"emo, indie, acoustic"
The Zombies,22499175,1382248,720f4d86-cab5-463d-98bc-5d4bf5c3470e,https://www.last.fm/music/The+Zombies,0,"60s, classic rock, psychedelic"
The Byrds,19685338,1381937,2819834e-4e08-47b0-a2c4-b7672318e8f0,https://www.last.fm/music/The+Byrds,0,"classic rock, 60s, psychedelic"
Puddle of Mudd,19182101,1376105,ff460a70-fdf4-4aa2-b021-8a04da76d88e,https://www.last.fm/music/Puddle+of+Mudd,0,"rock, alternative rock, post-grunge"
Meek Mill,33168929,1369403,31bcadcc-e1da-4cad-bec8-2f4f1d41b095,https://www.last.fm/music/Meek+Mill,0,"Hip-Hop, rap, hip hop"
Kelly Rowland,14276134,1367754,31bea673-d23a-4889-8da1-7cb040863268,https://www.last.fm/music/Kelly+Rowland,0,"rnb, pop, female vocalists"
Bad Religion,82094294,1364382,149e6720-4e4a-41a4-afca-6d29083fc091,https://www.last.fm/music/Bad+Religion,0,"punk, punk rock, seen live"
Daughtry,30513445,1364117,21e3292e-dac8-4609-b57d-402f926aa41f,https://www.last.fm/music/Daughtry,0,"rock, alternative rock, alternative"
Alien Ant Farm,16390504,1358223,8ac6cc32-8ddf-43b1-9ac4-4b04f9053176,https://www.last.fm/music/Alien+Ant+Farm,0,"rock, alternative rock, alternative"
Kate Nash,34555669,1356968,49018fd2-95ef-4f7e-92bb-813159909314,https://www.last.fm/music/Kate+Nash,0,"female vocalists, british, indie"
Joe Cocker,16060599,1352288,32f2d6bd-c22b-42cf-a7bc-0c4b48cd2bcb,https://www.last.fm/music/Joe+Cocker,0,"classic rock, blues, rock"
Static-X,36419301,1350850,8ac9e35c-e92d-4030-99ef-ba4127b1555c,https://www.last.fm/music/Static-X,0,"industrial metal, metal, Nu Metal"
Sugababes,21904039,1348703,dfa715ac-b536-44df-af43-570d3ea3edec,https://www.last.fm/music/Sugababes,0,"pop, female vocalists, british"
Santigold,32827941,1337188,97b20fe3-0924-4a5f-9955-d0b5c5f9587f,https://www.last.fm/music/Santigold,0,"electronic, indie, seen live"
The Bravery,20933199,1336543,7e30debb-3308-49ab-a5ac-6d49319a5705,https://www.last.fm/music/The+Bravery,0,"indie, indie rock, alternative"
Ray LaMontagne,23867463,1335029,b5c4ffa2-82e1-4b72-b7f3-c60afb74b860,https://www.last.fm/music/Ray+LaMontagne,0,"folk, singer-songwriter, acoustic"
White Lies,39656443,1333266,5bdb38bd-5c5b-4d0f-8901-8bbe1d7062d8,https://www.last.fm/music/White+Lies,0,"indie rock, seen live, post-punk"
Men at Work,14525712,1330764,395cc503-63b5-4a0b-a20a-604e3fcacea2,https://www.last.fm/music/Men+at+Work,0,"80s, new wave, rock"
We Are Scientists,26214018,1326972,9386b36e-87f3-4716-a219-79a07a4e29cc,https://www.last.fm/music/We+Are+Scientists,0,"indie, indie rock, seen live"
Explosions in the Sky,64474905,1322277,4236acde-2ce2-441c-a3d4-38d55f1b5474,https://www.last.fm/music/Explosions+in+the+Sky,0,"post-rock, instrumental, ambient"
Carpenters,20266731,1320416,4580d83b-093e-4241-91fb-2dd71f5f1f3f,https://www.last.fm/music/Carpenters,0,"pop, 70s, female vocalists"
Mudvayne,30720852,1318426,f1c8da15-b408-4149-b863-f1cbe9971f19,https://www.last.fm/music/Mudvayne,0,"Nu Metal, metal, alternative metal"
Bat for Lashes,41101303,1317299,10000730-525f-4ed5-aaa8-92888f060f5f,https://www.last.fm/music/Bat+for+Lashes,0,"female vocalists, indie, alternative"
Ryan Adams,46156672,1317008,c80f38a6-9980-485d-997c-5c1a9cbd0d64,https://www.last.fm/music/Ryan+Adams,0,"singer-songwriter, Alt-country, rock"
Joni Mitchell,33736573,1315281,a6de8ef9-b1a1-4756-97aa-481bbb8a4069,https://www.last.fm/music/Joni+Mitchell,0,"folk, singer-songwriter, female vocalists"
Gavin DeGraw,18344003,1311676,3f2a12e9-6398-42fd-b257-2f6abd4aa5fc,https://www.last.fm/music/Gavin+DeGraw,0,"singer-songwriter, rock, pop"
Awolnation,24828479,1303475,77b29df2-056e-409e-a1b2-5e2bbfe421c4,https://www.last.fm/music/Awolnation,0,"electronic, indie, alternative"
Ingrid Michaelson,26308783,1298661,1fc494a1-9109-4081-a455-2d05bea9d2bf,https://www.last.fm/music/Ingrid+Michaelson,0,"female vocalists, singer-songwriter, indie"
Jethro Tull,36336042,1297846,ece57992-dc2e-4f67-a269-fa43626c1a3d,https://www.last.fm/music/Jethro+Tull,0,"Progressive rock, classic rock, folk rock"
Cut Copy,36852253,1294863,caaba574-dfbc-4681-8e56-19b5150897d2,https://www.last.fm/music/Cut+Copy,0,"electronic, indie, australian"
Herbie Hancock,17978358,1292853,27613b78-1b9d-4ec3-9db5-fa0743465fdd,https://www.last.fm/music/Herbie+Hancock,0,"jazz, funk, Fusion"
Rufus Wainwright,25453587,1292133,78e46ae5-9bfd-433b-be3f-19e993d67ecc,https://www.last.fm/music/Rufus+Wainwright,0,"singer-songwriter, indie, folk"
The Kills,43756521,1290279,2c629b8c-d751-4131-b785-5690bb5e0fd7,https://www.last.fm/music/The+Kills,0,"Garage Rock, indie rock, indie"
David Gray,20202879,1280484,f7ced51c-2105-498b-a399-764ad3941759,https://www.last.fm/music/David+Gray,0,"singer-songwriter, acoustic, indie"
Machine Gun Kelly,74638503,1278324,f6af669a-56ea-448a-a044-de76181ada33,https://www.last.fm/music/Machine+Gun+Kelly,0,"Hip-Hop, rap, pop punk"
Danny Elfman,26056632,1268208,5b24fbab-c58f-4c37-a59d-ab232e2d98c4,https://www.last.fm/music/Danny+Elfman,0,"Soundtrack, instrumental, Classical"
UNKLE,35809217,1265890,6648391e-7890-4f6c-b939-976f215195d3,https://www.last.fm/music/UNKLE,0,"trip-hop, electronic, downtempo"
New Found Glory,42492429,1264482,6acb932e-840d-47ac-8e0d-725ad8a6e52c,https://www.last.fm/music/New+Found+Glory,0,"pop punk, seen live, punk"
Laura Marling,36702265,1264098,cd9713d6-6e5f-4143-9412-4d12b7bd47f2,https://www.last.fm/music/Laura+Marling,0,"folk, female vocalists, singer-songwriter"
Tricky,34312506,1263638,5bf64d94-efd9-4334-96fd-e6197b0b02b8,https://www.last.fm/music/Tricky,0,"trip-hop, electronic, downtempo"
The Stooges,22076672,1262421,794c6bf2-3241-416f-9b8f-24e2d84a1c4b,https://www.last.fm/music/The+Stooges,0,"punk, proto-punk, Garage Rock"
Broken Bells,29366504,1260196,62d364d2-550b-420e-b918-b3bd1e4a2efc,https://www.last.fm/music/Broken+Bells,0,"indie, experimental, indie pop"
Ace of Base,16090811,1256288,d4a1404d-e00c-4bac-b3ba-e3557f6468d6,https://www.last.fm/music/Ace+of+Base,0,"pop, dance, 90s"
Franz Schubert,14752186,1253054,f91e3a88-24ee-4563-8963-fab73d2765ed,https://www.last.fm/music/Franz+Schubert,0,"Classical, romantic, piano"
Fitz and the Tantrums,17730330,1251241,8560d4e8-05e2-4c20-980b-ad2db445dd5d,https://www.last.fm/music/Fitz+and+the+Tantrums,0,"soul, pop, seen live"
NOFX,68663082,1247559,dcaa4f81-bfb7-44eb-8594-4e74f004b6e4,https://www.last.fm/music/NOFX,0,"punk, punk rock, seen live"
Blackbear,49492928,1245541,,https://www.last.fm/music/Blackbear,0,"electronic, pop, rnb"
James Taylor,18977223,1236610,c5a69f1d-f4fc-42b1-9e99-5b3cd35406fa,https://www.last.fm/music/James+Taylor,0,"folk, singer-songwriter, acoustic"
Curren$y,20599264,1235719,4ce1c576-305a-4b82-82fa-5e5359056219,https://www.last.fm/music/Curren$y,0,"Hip-Hop, rap, Dirty South"
Devendra Banhart,51337359,1232538,0110e63e-0a9b-4818-af8e-41e180c20b9a,https://www.last.fm/music/Devendra+Banhart,0,"folk, singer-songwriter, indie"
Stars,42192423,1232330,a9e6f9a1-575f-4e03-9488-b9e022c6d3b3,https://www.last.fm/music/Stars,0,"indie, indie pop, Canadian"
Blind Melon,16843076,1231889,38c5cdab-5d6d-43d1-85b0-dac41bde186e,https://www.last.fm/music/Blind+Melon,0,"Grunge, rock, alternative rock"
Dropkick Murphys,51233313,1230072,e8374874-4178-4869-b92e-fef6bf30dc04,https://www.last.fm/music/Dropkick+Murphys,0,"punk, punk rock, seen live"
Diana Krall,22552850,1228101,67d2cb7a-9ddb-4a7f-82bf-5a2d1a038e98,https://www.last.fm/music/Diana+Krall,0,"jazz, female vocalists, vocal jazz"
Jane's Addiction,16452040,1227281,e3434cc7-d348-491a-9dc8-325af3d9086d,https://www.last.fm/music/Jane%27s+Addiction,0,"alternative rock, rock, alternative"
Manic Street Preachers,43691677,1226855,32efea44-6cb5-4b4f-bdaa-c8b8f6cef981,https://www.last.fm/music/Manic+Street+Preachers,0,"rock, britpop, seen live"
Primal Scream,21594284,1222867,55704c38-224f-4b75-b29f-d43653f8bc9a,https://www.last.fm/music/Primal+Scream,0,"rock, indie, electronic"
Barenaked Ladies,24138753,1221973,86e736b4-93e2-40ff-9e1c-fb7c63fef5f6,https://www.last.fm/music/Barenaked+Ladies,0,"rock, alternative, Canadian"
BØRNS,21841681,1219054,b2befbb4-c585-4b05-8efa-3deebc8e1385,https://www.last.fm/music/B%C3%98RNS,0,"seen live, pop, indie pop"
Caribou,39907704,1218810,735e3514-a8ae-401f-af3b-6300df1b8d2c,https://www.last.fm/music/Caribou,0,"electronic, seen live, experimental"
Bobby Helms,5410196,1216506,502b3244-0f7d-470c-99e9-b17fe6bcaabf,https://www.last.fm/music/Bobby+Helms,0,"country, christmas, rockabilly"
Moloko,21710836,1214984,2f94016a-3880-4d8c-9af9-0e197ee77189,https://www.last.fm/music/Moloko,0,"electronic, trip-hop, female vocalists"
Peggy Lee,9721290,1214724,5a2463af-eef0-4a22-bc8f-5865fbe9c78e,https://www.last.fm/music/Peggy+Lee,0,"jazz, female vocalists, swing"
Jamie Cullum,23079467,1209222,e0e9d279-37d5-4493-99b8-5a21309502f6,https://www.last.fm/music/Jamie+Cullum,0,"jazz, piano, singer-songwriter"
The Mars Volta,58746810,1208256,20883363-1ea4-4d72-ad72-c0e767038f3e,https://www.last.fm/music/The+Mars+Volta,0,"Progressive rock, experimental, rock"
Dream Theater,111927656,1203502,28503ab7-8bf2-4666-a7bd-2644bfc7cb1d,https://www.last.fm/music/Dream+Theater,0,"Progressive metal, Progressive rock, metal"
The Vines,17883492,1200534,85db45b3-fd2e-42de-9e20-46d4cfe4c429,https://www.last.fm/music/The+Vines,0,"rock, indie, indie rock"
Within Temptation,86064829,1200127,eace2373-31c8-4aba-9a5c-7bce22dd140a,https://www.last.fm/music/Within+Temptation,0,"symphonic metal, Gothic Metal, Female fronted metal"
The Supremes,13076200,1199015,d8392f05-fb39-402e-8e21-913f2b27b5c6,https://www.last.fm/music/The+Supremes,0,"soul, motown, 60s"
Twista,10619590,1195710,0bc858a1-3573-4216-9423-c96dd8c72919,https://www.last.fm/music/Twista,0,"rap, Hip-Hop, hip hop"
Him,70956325,1194058,8ceb3468-5cee-4948-9178-0dce86cfdf41,https://www.last.fm/music/Him,0,"Love Metal, Gothic Rock, rock"
Silverchair,26166745,1191432,b0799818-22cb-4564-8e68-3c410d0722ee,https://www.last.fm/music/Silverchair,0,"Grunge, rock, alternative rock"
Live,19795550,1190892,cba77ba2-862d-4cee-a8f6-d3f9daf7211c,https://www.last.fm/music/Live,0,"rock, alternative rock, alternative"
Atreyu,42682243,1184002,17e137fb-59e5-4fd7-af48-afc34995396c,https://www.last.fm/music/Atreyu,0,"metalcore, hardcore, metal"
The Band,20947178,1183430,a0ef7e1d-44ff-4039-9435-7d5fefdeecc9,https://www.last.fm/music/The+Band,0,"classic rock, rock, folk rock"
Kraftwerk,33635400,1181399,5700dcd4-c139-4f31-aa3e-6382b9af9032,https://www.last.fm/music/Kraftwerk,0,"electronic, synthpop, german"
Birdman,6497858,1180826,dcf5807c-ef1f-4291-b452-6824080ecac4,https://www.last.fm/music/Birdman,0,"Hip-Hop, rap, Dirty South"
Trivium,64587874,1180521,1f5ff245-2837-4d4a-a609-e93e544478c3,https://www.last.fm/music/Trivium,0,"metalcore, thrash metal, metal"
Doves,21156436,1179905,9de8f66e-3cd1-4f11-8328-38200f0612b0,https://www.last.fm/music/Doves,0,"indie, indie rock, britpop"
My Morning Jacket,29901506,1175186,ea5883b7-68ce-48b3-b115-61746ea53b8c,https://www.last.fm/music/My+Morning+Jacket,0,"indie, indie rock, Alt-country"
The Presidents of the United States of America,14693647,1173296,7509421d-1074-442f-be8f-b526167afcb3,https://www.last.fm/music/The+Presidents+of+the+United+States+of+America,0,"rock, alternative, alternative rock"
Jordin Sparks,13250648,1172934,5508631d-697f-4839-a669-06637e5bcb90,https://www.last.fm/music/Jordin+Sparks,0,"pop, rnb, female vocalists"
Donovan,16019821,1172000,d03a507f-4b3f-4188-8635-52ef78338e23,https://www.last.fm/music/Donovan,0,"folk, singer-songwriter, 60s"
Eddie Vedder,35931759,1171135,1a60d6dd-9d3e-40fc-a66d-3184f9ee0d61,https://www.last.fm/music/Eddie+Vedder,0,"singer-songwriter, Grunge, rock"
Digitalism,25899918,1170379,7b52603c-a84c-4a76-8dc8-899bb4dd9fa7,https://www.last.fm/music/Digitalism,0,"electronic, electro, dance"
Perry Como,8529581,1169294,0182474b-8a1d-46d0-9d0f-e6df353335ea,https://www.last.fm/music/Perry+Como,0,"jazz, oldies, 50s"
The Yardbirds,11411541,1169045,191de76f-a224-445d-b041-54df16d65bf7,https://www.last.fm/music/The+Yardbirds,0,"classic rock, blues rock, 60s"
J Balvin,37923974,1168612,5bdeb32d-56a5-4b6d-a768-264101fa0a0a,https://www.last.fm/music/J+Balvin,0,"mierda, Brutal Death Metal, shit"
Philip Glass,28518001,1164179,5ae54dee-4dba-49c0-802a-a3b3b3adfe9b,https://www.last.fm/music/Philip+Glass,0,"minimalism, Classical, contemporary classical"
Elvis Costello,21534408,1163969,8a338e06-d182-46f2-bd16-30a09bc840ba,https://www.last.fm/music/Elvis+Costello,0,"rock, new wave, singer-songwriter"
Lamb,23247563,1161718,d0cd81a5-0d64-404e-9bd3-932c019694b3,https://www.last.fm/music/Lamb,0,"trip-hop, electronic, chillout"
Bob Sinclar,11022539,1159213,f9ab44f1-7b19-4ecb-830c-403abcf36cd1,https://www.last.fm/music/Bob+Sinclar,0,"House, dance, electronic"
B.B. King,18344730,1157706,dcb03ce3-67a5-4eb3-b2d1-2a12d93a38f3,https://www.last.fm/music/B.B.+King,0,"blues, guitar, blues rock"
Styx,14111870,1157096,835a6d9c-fea0-4a71-ae52-9c4da946433a,https://www.last.fm/music/Styx,0,"classic rock, rock, Progressive rock"
Elbow,31707200,1155376,3cb3928a-526c-4a3d-93c5-53315fa9bde0,https://www.last.fm/music/Elbow,0,"indie, seen live, alternative"
Trapt,17580129,1153894,8876c0be-ccff-4d46-aa91-7f935a3b3b6b,https://www.last.fm/music/Trapt,0,"rock, alternative rock, alternative"
Hilary Duff,25101512,1153456,bfaf9b70-d1fd-4d3e-b730-3e67e6f8f9bb,https://www.last.fm/music/Hilary+Duff,0,"pop, female vocalists, dance"
Noah and the Whale,25476669,1152351,917bc621-ad02-477d-9308-a0304c5f9727,https://www.last.fm/music/Noah+and+the+Whale,0,"folk, indie, indie folk"
Theory of a Deadman,23133866,1149915,183e636e-d41c-43fe-a428-8a034eb20c7b,https://www.last.fm/music/Theory+of+a+Deadman,0,"rock, alternative rock, post-grunge"
ATB,30011079,1149371,22a096ef-c70d-4d70-ae19-4fc2412d4986,https://www.last.fm/music/ATB,0,"trance, electronic, dance"
Enigma,37804308,1148431,f1d1df24-91af-4d27-83a4-9b4ad29b37eb,https://www.last.fm/music/Enigma,0,"new age, ambient, electronic"
UB40,13385112,1148059,7113aab7-628f-4050-ae49-dbecac110ca8,https://www.last.fm/music/UB40,0,"reggae, 80s, pop"
Hooverphonic,27069489,1147674,62dc94cc-f611-4345-87cb-b914796a4a45,https://www.last.fm/music/Hooverphonic,0,"trip-hop, electronic, chillout"
Savage Garden,16102239,1147005,a871fd87-50f7-4032-b06d-da56779edcce,https://www.last.fm/music/Savage+Garden,0,"pop, 90s, australian"
Le Tigre,19398487,1144988,955838b6-ba6c-452f-9642-0ab68bfac926,https://www.last.fm/music/Le+Tigre,0,"indie, electronic, riot grrrl"
Toni Braxton,13175206,1144236,3c8a8696-e176-4c46-a2d3-48b6b1525c7f,https://www.last.fm/music/Toni+Braxton,0,"rnb, soul, female vocalists"
Hinder,18337237,1143476,b2704b11-9e3f-4785-abbd-4191653113a8,https://www.last.fm/music/Hinder,0,"rock, alternative rock, post-grunge"
Kodaline,23475515,1142554,74aab3b7-93a5-473c-a729-f975234c58b6,https://www.last.fm/music/Kodaline,0,"indie rock, alternative, irish"
Howard Shore,52020732,1141392,9b58672a-e68e-4972-956e-a8985a165a1f,https://www.last.fm/music/Howard+Shore,0,"Soundtrack, Classical, instrumental"
City and Colour,56640682,1140927,b1003bf1-25b8-41f4-a783-36060f987913,https://www.last.fm/music/City+and+Colour,0,"acoustic, indie, singer-songwriter"
Tinie Tempah,13765012,1140207,3cce3d37-d44f-46a2-b1e3-cd7247d5015c,https://www.last.fm/music/Tinie+Tempah,0,"Hip-Hop, Grime, rap"
Joss Stone,19067747,1136629,dbbc47a5-1338-4830-9298-a8d0b11c0a46,https://www.last.fm/music/Joss+Stone,0,"soul, female vocalists, jazz"
Sly & The Family Stone,14869874,1135651,b7ec4c54-1f93-4bf2-957f-7b9921ab84ea,https://www.last.fm/music/Sly+&+The+Family+Stone,0,"funk, soul, rhythm and blues"
The Naked and Famous,30068117,1134650,216a7b44-3846-494c-93f5-f2d4d9b95b36,https://www.last.fm/music/The+Naked+and+Famous,0,"indie, electronic, indie pop"
Buddy Holly,14931956,1130372,d352f5dd-3023-4565-a7bb-52396bf8821d,https://www.last.fm/music/Buddy+Holly,0,"rockabilly, Rock and Roll, 50s"
Annie Lennox,12518719,1128906,3e30aebd-0557-4cfd-8fb9-3945afa5d72b,https://www.last.fm/music/Annie+Lennox,0,"female vocalists, pop, 80s"
Rilo Kiley,37001878,1124821,eaf6a7ca-105d-4a94-ba02-8c3e4040319a,https://www.last.fm/music/Rilo+Kiley,0,"indie, female vocalists, indie rock"
Tom Jones,10385798,1123937,79d26f81-e2ff-4708-b5db-459c280c9eec,https://www.last.fm/music/Tom+Jones,0,"pop, oldies, classic rock"
George Ezra,24159677,1123579,2c5e2a98-d9ea-46b5-9618-d9bb4863a920,https://www.last.fm/music/George+Ezra,0,"indie, folk, singer-songwriter"
Cheap Trick,12514132,1122387,9f870653-72b0-4c6d-8c59-439a95963e09,https://www.last.fm/music/Cheap+Trick,0,"classic rock, rock, power pop"
The Maccabees,25261332,1120543,9b458fd2-49fb-487a-bdc5-57f5d3d62dd1,https://www.last.fm/music/The+Maccabees,0,"indie, indie rock, seen live"
The Stranglers,15762982,1120165,a96d82a0-cdca-40bf-b4c8-3d7ec178d85b,https://www.last.fm/music/The+Stranglers,0,"new wave, post-punk, punk"
RJD2,30279023,1119810,1a120ec5-35b3-4f3e-aa49-7201550d9feb,https://www.last.fm/music/RJD2,0,"Hip-Hop, electronic, trip-hop"
Martin Solveig,11669331,1119232,06db73fd-57e2-4a6f-bcd3-699fb7bb7af4,https://www.last.fm/music/Martin+Solveig,0,"House, electronic, dance"
The Calling,11469450,1118250,29eb4497-0bd8-4126-abdf-d8007326ee8b,https://www.last.fm/music/The+Calling,0,"rock, alternative rock, alternative"
Public Enemy,18179586,1116904,bf2e15d0-4b77-469e-bfb4-f8414415baca,https://www.last.fm/music/Public+Enemy,0,"Hip-Hop, rap, hip hop"
Everclear,13977956,1112812,3604c99d-c146-4276-aa0c-9376d333aeb8,https://www.last.fm/music/Everclear,0,"rock, alternative, alternative rock"
Nouvelle Vague,33507089,1108969,b017a7ae-e5ee-4675-bb13-c83346134971,https://www.last.fm/music/Nouvelle+Vague,0,"Bossa Nova, french, female vocalists"
Everything But the Girl,16169147,1102163,959cf5bf-ee29-4af6-a85a-0b480181d988,https://www.last.fm/music/Everything+But+the+Girl,0,"electronic, trip-hop, chillout"
The Streets,29572804,1101919,a02224a7-c738-4df0-9173-ac805788b895,https://www.last.fm/music/The+Streets,0,"Hip-Hop, british, seen live"
Collective Soul,14476908,1098537,aa266ac7-d919-4132-982e-76cbd95591a7,https://www.last.fm/music/Collective+Soul,0,"rock, alternative rock, alternative"
Rita Ora,22937429,1098416,c9dd033c-0270-463c-b3ec-f4b7712486fe,https://www.last.fm/music/Rita+Ora,0,"pop, female vocalists, dance"
Rancid,43044599,1097471,24f8d8a5-269b-475c-a1cb-792990b0b2ee,https://www.last.fm/music/Rancid,0,"punk, punk rock, ska punk"
Commodores,8491663,1095326,fd525564-a737-47d7-875c-ad810d89c9a9,https://www.last.fm/music/Commodores,0,"soul, funk, 70s"
"Crosby, Stills, Nash & Young",14560524,1095056,46a782ea-4308-476b-abd1-a91b197f3037,"https://www.last.fm/music/Crosby,+Stills,+Nash+&+Young",0,"classic rock, folk rock, folk"
Chamillionaire,10857140,1094945,4fbc55bb-61be-4eb7-b4b4-c08c68b4e060,https://www.last.fm/music/Chamillionaire,0,"rap, Hip-Hop, Dirty South"
Amy Macdonald,26786185,1094527,6aa40207-fec8-43a7-991d-b872a42def05,https://www.last.fm/music/Amy+Macdonald,0,"female vocalists, singer-songwriter, indie"
Silversun Pickups,33058940,1094266,b5bd9f88-962e-4730-84a7-795592ba42e8,https://www.last.fm/music/Silversun+Pickups,0,"indie rock, indie, alternative"
Twisted Sister,12799720,1091775,c6122fee-089f-41c4-a34f-e5f7e5607b05,https://www.last.fm/music/Twisted+Sister,0,"hard rock, heavy metal, hair metal"
Saliva,14686332,1091773,6e650a01-6489-4dc8-85e1-8ec809dd72a2,https://www.last.fm/music/Saliva,0,"hard rock, rock, Nu Metal"
Roxy Music,20255204,1089974,331ce348-1b08-40b9-8ed7-0763b92bd003,https://www.last.fm/music/Roxy+Music,0,"glam rock, new wave, rock"
Semisonic,9469317,1089968,3037bd18-0079-4e4b-9ce1-758689e210d8,https://www.last.fm/music/Semisonic,0,"rock, alternative, alternative rock"
Patrick Watson,22068234,1086536,592da4c4-9618-4a1a-a944-e60c05c39037,https://www.last.fm/music/Patrick+Watson,0,"indie, singer-songwriter, seen live"
Xzibit,10134538,1085433,9e839dc3-55f3-4492-ad0e-a1a2e84275e2,https://www.last.fm/music/Xzibit,0,"rap, Hip-Hop, Gangsta Rap"
Children of Bodom,76194502,1084596,f57e14e4-b030-467c-b202-539453f504ec,https://www.last.fm/music/Children+of+Bodom,0,"Melodic Death Metal, metal, death metal"
Culture Club,8862748,1082876,81435053-e1a2-48a4-adfd-e89f310c7b38,https://www.last.fm/music/Culture+Club,0,"80s, new wave, pop"
Ólafur Arnalds,36599131,1081693,6655955b-1c1e-4bcb-84e4-81bcd9efab30,https://www.last.fm/music/%C3%93lafur+Arnalds,0,"ambient, instrumental, icelandic"
Jack White,28095063,1080254,3ae2fb37-8a23-429d-9920-bac811c4fc22,https://www.last.fm/music/Jack+White,0,"rock, blues, singer-songwriter"
The Veronicas,25314059,1079717,fd1baeb3-0ee9-4838-b4c7-615c78d68d10,https://www.last.fm/music/The+Veronicas,0,"pop rock, pop, female vocalists"
Devo,21070497,1079668,d2db1078-c170-4e22-b261-14f3ad60a690,https://www.last.fm/music/Devo,0,"new wave, post-punk, 80s"
The Lonely Island,32429303,1079646,028e1863-cab4-4a3d-9dd9-91c682c91005,https://www.last.fm/music/The+Lonely+Island,0,"comedy, rap, Hip-Hop"
Simply Red,15535515,1078288,a9100753-f539-43cf-bcc9-579566fb512e,https://www.last.fm/music/Simply+Red,0,"pop, 80s, soul"
The Darkness,15908370,1077791,81df2271-03a1-46a3-bb30-cce187235312,https://www.last.fm/music/The+Darkness,0,"rock, hard rock, glam rock"
The Pogues,20097316,1077654,d41a6875-b626-4c0f-89a1-aecb643d29ff,https://www.last.fm/music/The+Pogues,0,"irish, folk, punk"
Ashanti,9316425,1076572,b0e304ab-ab52-4e4c-bff5-eb0dff0b3d09,https://www.last.fm/music/Ashanti,0,"rnb, female vocalists, soul"
Vangelis,27521431,1072328,57fca0e2-f9ad-4ae6-af9d-6a6f50cbcd5f,https://www.last.fm/music/Vangelis,0,"electronic, new age, ambient"
Nicole Scherzinger,14399212,1071209,0f7534a6-dc5f-46ca-a2e0-13d214cdd52b,https://www.last.fm/music/Nicole+Scherzinger,0,"pop, rnb, female vocalists"
Gossip,23726426,1070845,88bbc272-5ce9-4f17-ab72-9dc7fd6ba86b,https://www.last.fm/music/Gossip,0,"indie, indie rock, female vocalists"
Biffy Clyro,50122151,1068216,892500b7-09a6-4049-ba92-2d192dd70563,https://www.last.fm/music/Biffy+Clyro,0,"seen live, alternative rock, rock"
Nightmares on Wax,18885723,1066794,b8c5cc4f-239f-4e02-b46f-b040b77c2030,https://www.last.fm/music/Nightmares+on+Wax,0,"trip-hop, chillout, downtempo"
Washed Out,32013487,1066627,74a30f2a-dae6-4e99-8a75-cb0f93b31aa6,https://www.last.fm/music/Washed+Out,0,"chillwave, electronic, Lo-Fi"
Chris Cornell,19095013,1065715,cbf9738d-8f81-4a92-bc64-ede09341652d,https://www.last.fm/music/Chris+Cornell,0,"rock, Grunge, alternative rock"
Télépopmusik,15641356,1065208,265f242e-cf4e-4fbe-a3fe-43112387172f,https://www.last.fm/music/T%C3%A9l%C3%A9popmusik,0,"electronic, chillout, trip-hop"
Dinosaur Jr.,34548489,1065100,77c167d2-4965-4421-830a-9815e4956475,https://www.last.fm/music/Dinosaur+Jr.,0,"alternative, indie rock, seen live"
Chris Rea,12766629,1064133,c707b37e-cb5c-4694-be4d-46beefcb2475,https://www.last.fm/music/Chris+Rea,0,"rock, blues, classic rock"
Switchfoot,26831725,1063548,ff865aa0-4603-4f79-ae8b-8735332e2cfa,https://www.last.fm/music/Switchfoot,0,"rock, alternative, alternative rock"
Suzanne Vega,13486427,1063428,cf119120-7df5-47d7-9dec-49f8837a4e40,https://www.last.fm/music/Suzanne+Vega,0,"female vocalists, singer-songwriter, folk"
José Feliciano,5692100,1062858,3c004c98-aab6-4b63-a2df-e07c98e73b0a,https://www.last.fm/music/Jos%C3%A9+Feliciano,0,"latin, folk, singer-songwriter"
Ratatat,50630726,1062764,f467181e-d5e0-4285-b47e-e853dcc89ee7,https://www.last.fm/music/Ratatat,0,"electronic, instrumental, indie"
The Jam,19589994,1062752,23228f18-01d5-493e-94ce-cfcde82a8db2,https://www.last.fm/music/The+Jam,0,"punk, mod, new wave"
Motion City Soundtrack,35437138,1062378,190e78ac-8f44-4bf1-a4ff-95ed9376ad9e,https://www.last.fm/music/Motion+City+Soundtrack,0,"seen live, pop punk, emo"
Anthrax,32302964,1061965,b616d6f0-ec1f-4c69-8a79-12a97ece7372,https://www.last.fm/music/Anthrax,0,"thrash metal, metal, heavy metal"
Vince Staples,55104136,1059360,78e854b8-9713-4ff2-9218-6b3784893bff,https://www.last.fm/music/Vince+Staples,0,"Hip-Hop, rap, seen live"
Clap Your Hands Say Yeah,21455307,1059000,4b2d6a23-034d-4a29-9bb9-d2462796da4e,https://www.last.fm/music/Clap+Your+Hands+Say+Yeah,0,"indie, indie rock, seen live"
Guano Apes,33935914,1058946,66da25f9-1534-4dd1-b88c-718bc24e1ccd,https://www.last.fm/music/Guano+Apes,0,"rock, alternative rock, alternative"
Craig David,13163168,1058622,89e39f67-65cc-4f90-b145-b1b56c209f8a,https://www.last.fm/music/Craig+David,0,"rnb, pop, soul"
The Subways,24199491,1057649,20e264d7-b4d5-4e49-8931-a9c67ff07f04,https://www.last.fm/music/The+Subways,0,"indie rock, indie, seen live"
The Tallest Man on Earth,37502913,1056567,7e35659f-f3bb-4c28-bcf5-47bd5cfa2bca,https://www.last.fm/music/The+Tallest+Man+on+Earth,0,"folk, singer-songwriter, acoustic"
Madness,17930728,1055711,5f58803e-8c4c-478e-8b51-477f38483ede,https://www.last.fm/music/Madness,0,"ska, 80s, british"
Parov Stelar,44384739,1054927,fe1a873d-2000-4789-a895-4187fe756203,https://www.last.fm/music/Parov+Stelar,0,"nu-jazz, electronic, downtempo"
Barry White,11815213,1053893,b904d624-9e05-4398-8f4f-88fbcf022f79,https://www.last.fm/music/Barry+White,0,"soul, funk, Disco"
Machine Head,40829790,1051295,ccd57217-fe4b-406d-8e20-567d25120338,https://www.last.fm/music/Machine+Head,0,"thrash metal, metal, groove metal"
Mastodon,66297555,1046140,bc5e2ad6-0a4a-4d90-b911-e9a7e6861727,https://www.last.fm/music/Mastodon,0,"Progressive metal, metal, Sludge"
The Moody Blues,15082685,1046095,774666d2-2064-4d6c-856c-f8cda0aaf9f0,https://www.last.fm/music/The+Moody+Blues,0,"classic rock, Progressive rock, rock"
J Dilla,49922290,1043094,cbcbb22c-3a8d-46af-b4ba-09c98f0d7931,https://www.last.fm/music/J+Dilla,0,"Hip-Hop, instrumental hip-hop, underground hip-hop"
Friendly Fires,22206376,1041147,ef656595-bbe8-4386-8953-be8df9f54472,https://www.last.fm/music/Friendly+Fires,0,"electronic, indie, seen live"
Ben Folds,28334138,1040957,51b7f46f-6c0f-46f2-9496-08c9ec2624d4,https://www.last.fm/music/Ben+Folds,0,"singer-songwriter, seen live, indie"
Daniel Powter,8358684,1039119,32cfbaf8-87aa-466b-9c1a-331ad9075ea2,https://www.last.fm/music/Daniel+Powter,0,"pop, singer-songwriter, alternative"
Aloe Blacc,12046594,1037094,4bf89e02-6c30-4603-9f6a-52619b1bea1a,https://www.last.fm/music/Aloe+Blacc,0,"soul, Hip-Hop, Neo-Soul"
Take That,19135303,1036786,24d2505b-388c-46cc-8a64-48223ea6d78d,https://www.last.fm/music/Take+That,0,"pop, britpop, british"
Nero,21914715,1032243,eb6f3590-7c5b-47f9-8251-bfac71d94d34,https://www.last.fm/music/Nero,0,"dubstep, Drum and bass, electronic"
Ja Rule,8123854,1031169,b504f625-4ef6-4a5a-81e8-870a61e8dc9c,https://www.last.fm/music/Ja+Rule,0,"rap, Hip-Hop, hip hop"
Nada Surf,23093075,1030075,b9a2a9a6-7a40-48a6-bcb1-8eff5b89ad5b,https://www.last.fm/music/Nada+Surf,0,"indie, seen live, indie rock"
Lloyd Banks,8161973,1029765,8a6ccf62-b8fa-46d7-87df-f2dd14e6280d,https://www.last.fm/music/Lloyd+Banks,0,"rap, Hip-Hop, G-Unit"
Fuel,11971168,1028875,f3a278e2-0b20-4f99-8acd-0931df3cbffd,https://www.last.fm/music/Fuel,0,"rock, alternative rock, alternative"
Erasure,16402169,1028213,43b58c98-3779-4b04-9a23-1c95cca3a145,https://www.last.fm/music/Erasure,0,"80s, synthpop, new wave"
Eagle-Eye Cherry,8321155,1027761,4a5777b3-f55b-437c-8b23-d9ee7791c7fc,https://www.last.fm/music/Eagle-Eye+Cherry,0,"rock, pop, alternative"
Boyz II Men,9873824,1027626,b42eca0f-9381-43db-badb-1cba080a7dc2,https://www.last.fm/music/Boyz+II+Men,0,"rnb, soul, 90s"
Bobby Darin,8829132,1027495,1f223eed-aa38-49da-9e76-62ab3adc2e04,https://www.last.fm/music/Bobby+Darin,0,"jazz, swing, oldies"
Velvet Revolver,16270509,1026676,3a528006-1429-47f4-ae9b-2ea95343e16a,https://www.last.fm/music/Velvet+Revolver,0,"hard rock, rock, alternative rock"
Adam Lambert,30419753,1025325,e942594a-91cc-427a-8beb-6815c28e9254,https://www.last.fm/music/Adam+Lambert,0,"pop, rock, glam"
Mike Oldfield,26789920,1021720,a1684a49-feaa-4150-b758-d9412fc59f12,https://www.last.fm/music/Mike+Oldfield,0,"Progressive rock, new age, instrumental"
Yo Gotti,8057022,1021131,b02ec63e-e78d-43e5-a594-462e95036e8d,https://www.last.fm/music/Yo+Gotti,0,"rap, Dirty South, Hip-Hop"
Spin Doctors,7006173,1019792,1bcb61f3-ca9c-4a26-b16e-0547ad6c21be,https://www.last.fm/music/Spin+Doctors,0,"rock, alternative rock, 90s"
Antonín Dvořák,10211619,1016254,819eaeb2-8dd8-48a5-ad07-0bcd137985ef,https://www.last.fm/music/Anton%C3%ADn+Dvo%C5%99%C3%A1k,0,"Classical, romantic, Czech"
Dope,23401645,1015805,c48ff56b-0a0e-453c-be56-741d47c33056,https://www.last.fm/music/Dope,0,"industrial metal, Nu Metal, metal"
Luther Vandross,8755208,1015529,816d9b5d-eaf9-4a97-b5f7-6e82cd01aafe,https://www.last.fm/music/Luther+Vandross,0,"soul, rnb, male vocalists"
Kenny Chesney,16069561,1015020,5dca4d22-d6c8-4e70-8ca1-4543e43353c7,https://www.last.fm/music/Kenny+Chesney,0,"country, Kenny Chesney, modern country"
Édith Piaf,17344543,1013195,4f8ef4a3-40fa-46b5-8773-97686a8424f4,https://www.last.fm/music/%C3%89dith+Piaf,0,"french, chanson, female vocalists"
Omarion,6612862,1012153,3ca09fae-fdee-4771-bab9-244708515a98,https://www.last.fm/music/Omarion,0,"rnb, Hip-Hop, Omarion"
Orchestral Manoeuvres in the Dark,16533679,1012131,6d072aa8-c851-49c5-92f9-cbca05f4bed9,https://www.last.fm/music/Orchestral+Manoeuvres+in+the+Dark,0,"new wave, 80s, synthpop"
Stevie Ray Vaughan,14366495,1008981,f5426431-f490-4678-ad44-a75c71097bb4,https://www.last.fm/music/Stevie+Ray+Vaughan,0,"blues, blues rock, guitar"
The Rapture,16652003,1007478,3f7b73d1-c978-4f9a-819a-a00b909c5d62,https://www.last.fm/music/The+Rapture,0,"indie, electronic, indie rock"
Harry Nilsson,12408126,1007210,e5963d26-01fa-40f5-b200-e0127f410a45,https://www.last.fm/music/Harry+Nilsson,0,"singer-songwriter, classic rock, rock"
Meat Loaf,14650793,1006373,b134d1bf-c7c7-4427-93ac-9fdbc2b59ef1,https://www.last.fm/music/Meat+Loaf,0,"rock, classic rock, hard rock"
Story of the Year,24094050,1006284,e2c3c508-f0ab-49af-92c9-a81d66d67405,https://www.last.fm/music/Story+of+the+Year,0,"post-hardcore, rock, emo"
Emilíana Torrini,20624141,1003877,b2a9731b-9e13-4ff9-af21-5e694a5663e8,https://www.last.fm/music/Emil%C3%ADana+Torrini,0,"icelandic, female vocalists, trip-hop"
Sneaker Pimps,19277608,1003528,696d8523-39a0-44e2-9add-afaa183a2f46,https://www.last.fm/music/Sneaker+Pimps,0,"trip-hop, electronic, chillout"
Clint Mansell,30340783,1002553,fc015f11-be38-4b7d-b3e8-5d809242ecec,https://www.last.fm/music/Clint+Mansell,0,"Soundtrack, instrumental, ambient"
REO Speedwagon,9971775,1001904,bdc70372-7e8a-4cb9-8d33-f036b3b7cdc1,https://www.last.fm/music/REO+Speedwagon,0,"classic rock, rock, 80s"
Fever Ray,30347359,1001258,f7df5df4-4dfa-459d-972b-1ba051c15ddc,https://www.last.fm/music/Fever+Ray,0,"electronic, ambient, swedish"
Goldfinger,18833244,1000358,ea38b4ff-86f2-4672-ac62-77a43ebc7a72,https://www.last.fm/music/Goldfinger,0,"punk, ska, punk rock"
Alter Bridge,36786361,997939,60a23fda-a440-4ab9-a344-7dfdd2ed341a,https://www.last.fm/music/Alter+Bridge,0,"rock, alternative rock, hard rock"
Crossfade,14108220,995937,bd276100-4bf8-44f9-86f8-7f7b3b353f7a,https://www.last.fm/music/Crossfade,0,"alternative rock, rock, hard rock"
Damian Marley,15524119,995418,cbfb9bcd-c5a0-4d7c-865f-2c641c171e1c,https://www.last.fm/music/Damian+Marley,0,"reggae, dancehall, ragga"
Katie Melua,25055448,994826,39e32995-6515-40b2-a6f0-841524047edc,https://www.last.fm/music/Katie+Melua,0,"jazz, female vocalists, blues"
Julie London,10433038,994714,e7ee5f13-baf5-4a87-b58b-f871c137d4f5,https://www.last.fm/music/Julie+London,0,"jazz, female vocalists, vocal jazz"
Travie McCoy,7856210,992411,76bf7aec-83f0-47a9-8964-eea180b99ac2,https://www.last.fm/music/Travie+McCoy,0,"Hip-Hop, rap, alternative rap"
Anberlin,42650269,991303,c648509e-9916-4c56-ab63-652a03da16dd,https://www.last.fm/music/Anberlin,0,"rock, alternative rock, alternative"
Metro Station,14922539,990139,ab7ebf8c-059f-4071-93b1-dd3ae80d60b2,https://www.last.fm/music/Metro+Station,0,"electronic, powerpop, indie"
Roddy Ricch,34646945,988659,,https://www.last.fm/music/Roddy+Ricch,0,"Hip-Hop, rap, trap"
Poison,12471727,987695,c79c43d4-cbed-4373-89ce-6560f62eb7d8,https://www.last.fm/music/Poison,0,"hard rock, hair metal, 80s"
Tim McGraw,14650477,987344,7e5cfc9a-e9e1-46f1-b81a-861b12049488,https://www.last.fm/music/Tim+McGraw,0,"country, Tim McGraw, modern country"
House of Pain,7689747,987242,c2d6a6fb-7999-4bb3-b2df-7d752fdf4e95,https://www.last.fm/music/House+of+Pain,0,"Hip-Hop, rap, old school"
Coheed and Cambria,59559815,986339,ae1b47d5-5128-431c-9d30-e08fd90e0767,https://www.last.fm/music/Coheed+and+Cambria,0,"Progressive rock, seen live, rock"
Thrice,46891649,985906,244afcb7-fa9a-49b1-9aa6-0149512d1c52,https://www.last.fm/music/Thrice,0,"post-hardcore, rock, seen live"
Brad Paisley,14847815,985777,6cfd7ffc-824f-4219-8e27-4b9417700f44,https://www.last.fm/music/Brad+Paisley,0,"country, modern country, brad paisley"
We the Kings,16386121,985437,6ec79457-b06b-4e3b-83f9-9b26fc7a99bc,https://www.last.fm/music/We+the+Kings,0,"pop punk, powerpop, alternative"
Tycho,35827516,985324,cbef45a9-7acb-4325-94c9-70081ac8d1b8,https://www.last.fm/music/Tycho,0,"ambient, electronic, idm"
Tech N9ne,22549233,985180,dde3d9b1-0e44-48bc-b0c9-d739b3570000,https://www.last.fm/music/Tech+N9ne,0,"rap, Hip-Hop, Horrorcore"
Opeth,99563747,983062,c14b4180-dc87-481e-b17a-64e4150f90f6,https://www.last.fm/music/Opeth,0,"Progressive metal, progressive death metal, death metal"
Buzzcocks,16938829,982768,31e9c35b-2675-4632-8596-f9bd9286f6c8,https://www.last.fm/music/Buzzcocks,0,"punk, punk rock, british"
Starship,7125754,981921,fbf445c0-11ae-4d3e-af1a-c6e2783e447c,https://www.last.fm/music/Starship,0,"80s, rock, classic rock"
As I Lay Dying,50719381,981831,ba147ea0-60c4-4a40-9da6-0d5c2b2e7b03,https://www.last.fm/music/As+I+Lay+Dying,0,"metalcore, hardcore, metal"
Kaskade,17604869,981533,29ed4a49-fb99-4a5c-8713-609cabe6f34a,https://www.last.fm/music/Kaskade,0,"House, electronic, deep house"
Macy Gray,9490679,981339,48772747-4cda-4ba8-b470-cfd5a32e05f7,https://www.last.fm/music/Macy+Gray,0,"soul, female vocalists, rnb"
Maurice Ravel,9910319,981236,6fdd3b3e-1ea6-4da9-8d6f-8f8de01c133a,https://www.last.fm/music/Maurice+Ravel,0,"Classical, Impressionist, french"
Angels & Airwaves,36951792,979886,05071a7e-e71c-4306-a509-591cd3686893,https://www.last.fm/music/Angels+&+Airwaves,0,"alternative rock, alternative, rock"
Amon Tobin,29963653,979726,630662ea-1c7d-4208-99fd-ba3afec20f0c,https://www.last.fm/music/Amon+Tobin,0,"electronic, trip-hop, idm"
The Coral,15309125,978966,3b1c66fb-98ad-417f-b01e-49baf37f06a3,https://www.last.fm/music/The+Coral,0,"indie, indie rock, british"
Darude,7705883,978565,9ffad8aa-b671-4a9a-a527-a95bdaaa0ec4,https://www.last.fm/music/Darude,0,"trance, electronic, dance"
LL Cool J,8415935,975832,a4dd0e77-83b8-4e92-89b7-effb0e47fd8c,https://www.last.fm/music/LL+Cool+J,0,"Hip-Hop, rap, hip hop"
Jamie Foxx,7512159,975452,15a5da16-8b89-4047-aefe-81473c97b5b2,https://www.last.fm/music/Jamie+Foxx,0,"rnb, soul, Hip-Hop"
Jewel,12962590,975317,d5b637f0-74b8-4df6-bddf-dc3784a6881a,https://www.last.fm/music/Jewel,0,"female vocalists, pop, singer-songwriter"
Hot Hot Heat,16511720,975204,0e0dd9da-5878-4c46-9a9a-6df43abb5c96,https://www.last.fm/music/Hot+Hot+Heat,0,"indie, indie rock, seen live"
Niall Horan,42744416,974715,,https://www.last.fm/music/Niall+Horan,0,"pop, irish, folk"
Don Henley,8173954,974286,b2c2d4fe-8c1e-44ec-8be6-ff500e105a90,https://www.last.fm/music/Don+Henley,0,"classic rock, rock, 80s"
Mando Diao,37124734,972154,ea854cc1-13fc-4fd0-86a5-d2c7dba06764,https://www.last.fm/music/Mando+Diao,0,"seen live, rock, indie"
Blackstreet,5889412,969902,d72d000b-b860-44f4-9ac1-5d82e3fff9a9,https://www.last.fm/music/Blackstreet,0,"rnb, Hip-Hop, 90s"
Dayglow,24099705,969709,2bee95a7-1c0e-4b3c-99a5-4857d9d776dd,https://www.last.fm/music/Dayglow,0,"indie pop, indie, alternative"
G-Unit,7046881,969402,3a212655-d7d5-4570-9d31-4b7b1ef02629,https://www.last.fm/music/G-Unit,0,"rap, Hip-Hop, Gangsta Rap"
Thomas Newman,22704375,968894,348f3a5f-5112-4d72-b33b-11c60b4f9af2,https://www.last.fm/music/Thomas+Newman,0,"Soundtrack, instrumental, ambient"
All That Remains,34117614,968379,4f8b7186-b2a2-40db-97ae-6e1cd46d57b1,https://www.last.fm/music/All+That+Remains,0,"metalcore, Melodic Death Metal, metal"
The Corrs,17507798,967487,acf6c776-d0f6-4239-b5a2-a45a613ffa52,https://www.last.fm/music/The+Corrs,0,"pop, irish, female vocalists"
Method Man,12541178,967053,94dbfe2e-ca48-4e08-a5a8-e1e74136c63d,https://www.last.fm/music/Method+Man,0,"Hip-Hop, rap, wu-tang"
Huey Lewis & The News,10670348,966496,2be6ae30-d220-4419-80da-2a46813ed872,https://www.last.fm/music/Huey+Lewis+&+The+News,0,"80s, rock, classic rock"
Sergei Rachmaninoff,13133680,964945,44b16e44-da77-4580-b851-0d765904573e,https://www.last.fm/music/Sergei+Rachmaninoff,0,"Classical, piano, russian"
Orbital,18253793,964931,f3e2a7d9-c6bb-4848-95e5-04c0a1e2f511,https://www.last.fm/music/Orbital,0,"electronic, techno, ambient"
Kaytranada,36040740,964412,e56aee57-d90e-40cf-a70d-beb70f6f3c69,https://www.last.fm/music/Kaytranada,0,"seen live, electronic, Hip-Hop"
Banks,40596248,964264,faa28a33-5470-4b90-90c3-e71955d93a44,https://www.last.fm/music/Banks,0,"electronic, downtempo, pop"
Alkaline Trio,53752549,960351,69421e11-e4c3-4854-951b-ceab4972e38e,https://www.last.fm/music/Alkaline+Trio,0,"punk, punk rock, seen live"
Ashlee Simpson,13343867,960182,463c514e-c30d-4a2a-a87b-762535253a80,https://www.last.fm/music/Ashlee+Simpson,0,"pop, female vocalists, pop rock"
Keith Urban,15363491,956559,f45da029-7b00-4bf3-962c-0eeb20309cc4,https://www.last.fm/music/Keith+Urban,0,"country, Keith Urban, singer-songwriter"
Bow Wow,5465985,955778,6fd44ae7-097d-4979-94ba-5dfc40d9f7ad,https://www.last.fm/music/Bow+Wow,0,"Hip-Hop, rap, rnb"
Muddy Waters,13823814,955738,f86f1f07-d182-45ce-ae93-ef610880ca72,https://www.last.fm/music/Muddy+Waters,0,"blues, Chicago Blues, Classic Blues"
Dinah Washington,8071124,955565,d385947d-c00d-4311-9cf1-a032a1d4040b,https://www.last.fm/music/Dinah+Washington,0,"jazz, female vocalists, blues"
Sarah Vaughan,9681825,954225,351d8bdf-33a1-45e2-8c04-c85fad20da55,https://www.last.fm/music/Sarah+Vaughan,0,"jazz, female vocalists, jazz vocal"
Death from Above 1979,28290565,953900,92dc699f-fcbc-4278-afbe-40b5ad060a55,https://www.last.fm/music/Death+from+Above+1979,0,"indie, indie rock, rock"
The Wallflowers,10428714,953634,d9c90718-d54d-4ccf-a92e-37a5415ce299,https://www.last.fm/music/The+Wallflowers,0,"rock, alternative, alternative rock"
M. Ward,22311172,953577,655b3e5b-09e4-45dd-941c-6fa3fc12521b,https://www.last.fm/music/M.+Ward,0,"folk, singer-songwriter, indie"
Porcupine Tree,90803059,952473,169c4c28-858e-497b-81a4-8bc15e0026ea,https://www.last.fm/music/Porcupine+Tree,0,"Progressive rock, Progressive metal, psychedelic"
Chaka Khan,8180324,951383,900e9144-019d-4043-86cb-ec0e127c39d0,https://www.last.fm/music/Chaka+Khan,0,"soul, funk, female vocalists"
Spandau Ballet,8634314,950694,4c0d9acf-a8a1-4765-9c56-05f92f68c048,https://www.last.fm/music/Spandau+Ballet,0,"80s, new wave, pop"
The Album Leaf,25157764,950410,ffb18e19-64a4-4a65-b4ce-979e00c3c69d,https://www.last.fm/music/The+Album+Leaf,0,"post-rock, ambient, instrumental"
Skid Row,18949871,950317,6da0515e-a27d-449d-84cc-00713c38a140,https://www.last.fm/music/Skid+Row,0,"hard rock, heavy metal, hair metal"
Phantom Planet,10917310,950075,766a2b45-441f-4096-af05-dbbca9518c9d,https://www.last.fm/music/Phantom+Planet,0,"rock, indie, alternative"
John Mellencamp,10150165,949807,0aad6b52-fd93-4ea4-9c5d-1f66e1bc9f0a,https://www.last.fm/music/John+Mellencamp,0,"rock, classic rock, singer-songwriter"
Blake Shelton,13587563,945296,2ad66473-ccb3-41d2-8756-b56680cdfe62,https://www.last.fm/music/Blake+Shelton,0,"country, modern country, Blake Shelton"
John Lee Hooker,12567898,945270,b0122194-c49a-46a1-ade7-84d1d76bd8e9,https://www.last.fm/music/John+Lee+Hooker,0,"blues, delta blues, Classic Blues"
Thelonious Monk,16085236,944928,8e8c7417-c905-46b1-b42a-5260b4274ed4,https://www.last.fm/music/Thelonious+Monk,0,"jazz, bebop, piano"
Yeasayer,26812917,943149,3feba7fa-3837-424a-b4f1-0077d217f569,https://www.last.fm/music/Yeasayer,0,"seen live, experimental, psychedelic"
The Pointer Sisters,6761684,943128,81bac815-97c5-4723-8f0b-4d8edfad1010,https://www.last.fm/music/The+Pointer+Sisters,0,"Disco, 80s, pop"
Suede,26066025,942170,afcca32f-c202-4f18-8951-af79d483791a,https://www.last.fm/music/Suede,0,"britpop, indie, british"
Ra Ra Riot,15303261,941844,d8f63b51-73e0-4f65-8bd3-bcfe6892fb0e,https://www.last.fm/music/Ra+Ra+Riot,0,"indie, indie pop, indie rock"
Eiffel 65,7627299,941690,6ee7a715-e0c0-46d0-a215-2e17001699fc,https://www.last.fm/music/Eiffel+65,0,"dance, electronic, eurodance"
The Rasmus,25578348,941154,012e3432-71d3-4317-9ce5-b60cb6cdc38f,https://www.last.fm/music/The+Rasmus,0,"rock, alternative rock, finnish"
Serj Tankian,34334521,940450,e471b63c-c3b5-4f62-a971-cd0b2273838f,https://www.last.fm/music/Serj+Tankian,0,"alternative metal, alternative, alternative rock"
Thousand Foot Krutch,28818568,939915,1339fab0-3ad8-4b8e-afac-7b7ae34509c7,https://www.last.fm/music/Thousand+Foot+Krutch,0,"alternative rock, christian rock, rock"
Basshunter,18677008,939058,255e2420-5b02-452b-9771-0512ebe78090,https://www.last.fm/music/Basshunter,0,"dance, electronic, techno"
Camera Obscura,27056015,939016,ef43cee7-13f5-4d10-844e-879aba3d8b19,https://www.last.fm/music/Camera+Obscura,0,"indie pop, indie, female vocalists"
Jorja Smith,28602732,939001,,https://www.last.fm/music/Jorja+Smith,0,"rnb, seen live, soul"
Bill Evans,19852314,938903,b4a5e374-ed1b-4976-9b86-58d4a9b643a8,https://www.last.fm/music/Bill+Evans,0,"jazz, jazz piano, piano"
John Frusciante,48687403,938754,f1571db1-c672-4a54-a2cf-aaa329f26f0b,https://www.last.fm/music/John+Frusciante,0,"alternative, singer-songwriter, experimental"
The Walkmen,20130054,938709,b7834ebd-64ae-46c3-a930-2d3a52ee743a,https://www.last.fm/music/The+Walkmen,0,"seen live, indie rock, indie"
Kid Rock,11276282,935715,ad0ecd8b-805e-406e-82cb-5b00c3a3a29e,https://www.last.fm/music/Kid+Rock,0,"rock, hard rock, alternative rock"
Eagles of Death Metal,24077515,935079,de11b037-d880-40e0-8901-0397c768c457,https://www.last.fm/music/Eagles+of+Death+Metal,0,"seen live, Stoner Rock, rock"
Talk Talk,17379030,933697,a74f43e4-50c4-4b19-a2ce-c05ce9bccb03,https://www.last.fm/music/Talk+Talk,0,"new wave, post-rock, 80s"
Crazy Town,8468171,933241,8996b655-fbad-4018-b430-1bd8fab43235,https://www.last.fm/music/Crazy+Town,0,"rapcore, Nu Metal, alternative"
The Crystal Method,18918187,931484,aaf09f31-bb5c-43e5-9f54-bb6554c33a71,https://www.last.fm/music/The+Crystal+Method,0,"electronic, big beat, breakbeat"
Tokyo Police Club,22793166,930467,35a6a353-b186-4c13-a264-d18d5e2ce853,https://www.last.fm/music/Tokyo+Police+Club,0,"indie rock, indie, seen live"
Róisín Murphy,25686150,928873,4c56405d-ba8e-4283-99c3-1dc95bdd50e7,https://www.last.fm/music/R%C3%B3is%C3%ADn+Murphy,0,"electronic, female vocalists, dance"
DragonForce,29839148,926640,ef58d4c9-0d40-42ba-bfab-9186c1483edd,https://www.last.fm/music/DragonForce,0,"Power metal, speed metal, metal"
She & Him,33825844,926053,fb821608-35fd-4a45-a4b2-1a0537cee111,https://www.last.fm/music/She+&+Him,0,"folk, indie, indie pop"
Talib Kweli,14332716,925221,bb3cbea2-5ad4-4917-bc84-8a1975d40315,https://www.last.fm/music/Talib+Kweli,0,"Hip-Hop, rap, hip hop"
Primus,29307834,924914,84dc4f23-c0b8-4fe1-bbca-a3993ddc8fc2,https://www.last.fm/music/Primus,0,"funk metal, alternative, alternative rock"
Felix Mendelssohn,8461791,923962,0e85eb79-1c05-44ba-827c-7b259a3d941a,https://www.last.fm/music/Felix+Mendelssohn,0,"Classical, romantic, german"
Chromeo,19434938,922519,647221d0-f6b1-4e03-924c-c59b8059536f,https://www.last.fm/music/Chromeo,0,"electronic, funk, electro"
First Aid Kit,25724319,921486,e4466078-fb0f-4899-98a2-7c7dfeb14714,https://www.last.fm/music/First+Aid+Kit,0,"folk, swedish, seen live"
Scooter,25158726,921479,ecfb0632-bc69-4796-99c5-fad5e7f91fcc,https://www.last.fm/music/Scooter,0,"techno, dance, electronic"
Anti-Flag,32162347,921242,b88f21a7-a1b9-48fd-bbc4-ae758026f17f,https://www.last.fm/music/Anti-Flag,0,"punk, punk rock, seen live"
Alexandre Desplat,25552516,921169,391846f7-f09f-470c-b188-c16b3a2022e4,https://www.last.fm/music/Alexandre+Desplat,0,"Soundtrack, instrumental, Classical"
Hellogoodbye,19927181,920875,3fa7095b-4447-465e-a784-14b07789d7a1,https://www.last.fm/music/Hellogoodbye,0,"indie, powerpop, seen live"
Frankie Goes to Hollywood,7383646,917782,c09c8263-40ef-4352-8031-e438b1ce68fc,https://www.last.fm/music/Frankie+Goes+to+Hollywood,0,"80s, new wave, pop"
Gary Jules,9321023,917760,3d65bead-6eae-4012-8665-d5f593ea4a62,https://www.last.fm/music/Gary+Jules,0,"singer-songwriter, alternative, indie"
Infected Mushroom,47585607,917655,eab76c9f-ff91-4431-b6dd-3b976c598020,https://www.last.fm/music/Infected+Mushroom,0,"psytrance, electronic, psychedelic"
Warren G,8169998,917050,85d7666c-d3ce-4e2c-8b1b-f20db7cdae4f,https://www.last.fm/music/Warren+G,0,"Hip-Hop, G-funk, rap"
Silverstein,40070359,916033,d89de379-665d-425c-b2e9-41b95d1edb36,https://www.last.fm/music/Silverstein,0,"post-hardcore, screamo, emo"
The Specials,15136151,915556,586c06cd-b81b-4a55-bcfc-7ce8078907f0,https://www.last.fm/music/The+Specials,0,"ska, two-tone, reggae"
Jackson Browne,11217716,915547,88527d26-7496-47c5-8358-ebdb1868a90f,https://www.last.fm/music/Jackson+Browne,0,"singer-songwriter, classic rock, rock"
Amos Lee,12567054,915285,332228ce-fe8c-4a5e-90e0-e1361553e5ff,https://www.last.fm/music/Amos+Lee,0,"singer-songwriter, folk, soul"
Sick Puppies,17107375,914461,86f78011-5087-48d2-8922-c381d2eb0c40,https://www.last.fm/music/Sick+Puppies,0,"alternative rock, rock, alternative"
The Whitest Boy Alive,23680148,913450,f83781c8-64f9-4657-85bd-51f74d195cfd,https://www.last.fm/music/The+Whitest+Boy+Alive,0,"indie, electronic, seen live"
Danzig,20463513,912532,8925a01a-8608-411d-a90b-f3a52d061208,https://www.last.fm/music/Danzig,0,"heavy metal, hard rock, metal"
Flogging Molly,35355978,911914,c3694ddc-f7e5-40dd-9fad-90d11a2c50fa,https://www.last.fm/music/Flogging+Molly,0,"seen live, irish, punk"
Lacuna Coil,46254432,908168,6fea1339-260c-40fe-bb7a-ace5c8438955,https://www.last.fm/music/Lacuna+Coil,0,"Gothic Metal, metal, Female fronted metal"
Belinda Carlisle,9787750,908069,2925aac9-5474-4030-b8a3-4151107010b2,https://www.last.fm/music/Belinda+Carlisle,0,"pop, 80s, female vocalists"
You Me at Six,35770240,907345,fb4fc5a6-cbe1-45ff-954c-ef45faceb54d,https://www.last.fm/music/You+Me+at+Six,0,"pop punk, rock, seen live"
MC Hammer,4371500,905820,cba94150-9113-4017-acc2-a8cc0313a084,https://www.last.fm/music/MC+Hammer,0,"Hip-Hop, rap, 90s"
Madison Beer,44040421,904916,749ef494-8518-4b49-b685-63d8e728d25c,https://www.last.fm/music/Madison+Beer,0,"pop, female vocalists, rnb"
Sugarcult,14614092,902915,0cc9e56e-a623-47ea-b5f2-1a1757cc2426,https://www.last.fm/music/Sugarcult,0,"rock, punk rock, alternative"
Vince Guaraldi Trio,14352374,902124,744b52c8-509b-4451-abfd-a17d18d4bd1d,https://www.last.fm/music/Vince+Guaraldi+Trio,0,"jazz, piano, instrumental"
Robert Schumann,9500541,901322,3cd3882c-00f8-4362-a0c2-ad89ed248533,https://www.last.fm/music/Robert+Schumann,0,"Classical, romantic, piano"
Marcy Playground,8102354,901131,64cdc08f-ba6f-41fe-94be-452dc6d5108e,https://www.last.fm/music/Marcy+Playground,0,"alternative, alternative rock, rock"
Jason Aldean,14959278,898813,f24df11a-7e35-4979-a4db-a3b2a170ce27,https://www.last.fm/music/Jason+Aldean,0,"country, modern country, Jason Aldean"
Underoath,43111461,896546,674a7e8c-9682-419a-8e05-2358e28b5359,https://www.last.fm/music/Underoath,0,"screamo, post-hardcore, hardcore"
Madeleine Peyroux,13161621,895396,7f260b9c-bea7-469b-9ba8-0daec7d2c85c,https://www.last.fm/music/Madeleine+Peyroux,0,"jazz, female vocalists, blues"
The Lovin' Spoonful,7104643,893632,abc08d4f-4e3c-4b5a-b1e8-d324cd6a2f92,https://www.last.fm/music/The+Lovin%27+Spoonful,0,"60s, classic rock, rock"
Chic,7630465,893544,a4ed036b-5f18-439c-b1e1-96d205bab255,https://www.last.fm/music/Chic,0,"Disco, funk, soul"
Michelle Branch,12804189,893078,a10f94a9-2a3c-4166-b9fa-a7bed0bf7d96,https://www.last.fm/music/Michelle+Branch,0,"pop, female vocalists, singer-songwriter"
Best Coast,28013854,892814,5ab8835e-ac44-4055-9c11-7878199606b5,https://www.last.fm/music/Best+Coast,0,"Lo-Fi, indie, seen live"
Low,27154684,892511,7afa6a05-5a02-48a7-9ce9-b6335987b640,https://www.last.fm/music/Low,0,"slowcore, indie, seen live"
Charles Mingus,15026062,892451,f3b8e107-abe8-4743-b6a3-4a4ee995e71f,https://www.last.fm/music/Charles+Mingus,0,"jazz, bebop, bass"
Girls Aloud,24184093,891011,a0b2f210-cd3a-453d-937d-e4f2658d17c7,https://www.last.fm/music/Girls+Aloud,0,"pop, british, female vocalists"
Ace Hood,5959753,889527,986ee464-cf8a-4e59-a71f-74756102067f,https://www.last.fm/music/Ace+Hood,0,"rap, Hip-Hop, Dirty South"
Sugar Ray,9077193,888297,ecc5119f-2ce2-4561-8c36-3aa4dd49e281,https://www.last.fm/music/Sugar+Ray,0,"rock, alternative, alternative rock"
Lindsay Lohan,10978833,888244,63b43c69-b822-4268-bdad-bcde12531f50,https://www.last.fm/music/Lindsay+Lohan,0,"pop, female vocalists, pop rock"
Doris Day,7038070,887973,3db5dfb1-1b91-4038-8268-ae04d15b6a3e,https://www.last.fm/music/Doris+Day,0,"jazz, female vocalists, 50s"
"Crosby, Stills & Nash",10806816,886803,cfafad90-b736-4c74-8ded-f3f4d7b2c792,"https://www.last.fm/music/Crosby,+Stills+&+Nash",0,"classic rock, folk rock, folk"
Kim Wilde,8022202,885135,4b462375-c508-432a-8c88-ceeec38b16ae,https://www.last.fm/music/Kim+Wilde,0,"80s, pop, new wave"
James Vincent McMorrow,14892008,884542,3b7b1fd3-6952-4aa8-9467-40b105d1039b,https://www.last.fm/music/James+Vincent+McMorrow,0,"folk, singer-songwriter, indie"
Canned Heat,8256530,879724,815a0279-558c-4522-ac3b-6a1e259e95b5,https://www.last.fm/music/Canned+Heat,0,"blues rock, blues, classic rock"
Toby Keith,11397708,876416,2f951906-5629-4fef-a260-5033151c162a,https://www.last.fm/music/Toby+Keith,0,"country, toby keith, male country"
Five for Fighting,9659895,875522,23eeaeaf-423d-4859-8c91-2175ece74287,https://www.last.fm/music/Five+for+Fighting,0,"alternative, rock, singer-songwriter"
Caesars,8967783,873346,2f1e4ada-2b9a-4834-90fa-88d61b73082f,https://www.last.fm/music/Caesars,0,"indie, rock, swedish"
MØ,23961517,872784,3ab2ee23-1c2f-458c-9c8c-ca4844729120,https://www.last.fm/music/M%C3%98,0,"indie pop, seen live, danish"
Bad Company,9903287,872200,eba5d39f-8cb7-4d54-871d-297e5d7f1aad,https://www.last.fm/music/Bad+Company,0,"classic rock, rock, hard rock"
Extreme,9112282,871778,640295b7-f228-4016-8e89-28ea65ed1396,https://www.last.fm/music/Extreme,0,"hard rock, rock, funk metal"
Still Woozy,27936192,870853,,https://www.last.fm/music/Still+Woozy,0,"bedroom pop, Lo-Fi, indie"
Anastacia,11770414,870339,d3b2bec4-b70e-460e-b433-a865ceac2de8,https://www.last.fm/music/Anastacia,0,"pop, female vocalists, soul"
Starsailor,11872500,869309,fbd86487-ccb5-4a57-a860-cc3d360b5115,https://www.last.fm/music/Starsailor,0,"indie, britpop, rock"
The Dave Brubeck Quartet,10443454,867175,7bf711e9-4e69-4e08-b6e8-c0cb5805f1e7,https://www.last.fm/music/The+Dave+Brubeck+Quartet,0,"jazz, cool jazz, instrumental"
Aimee Mann,17342119,866280,db3c0a20-bf05-4b30-ac22-f294aea24172,https://www.last.fm/music/Aimee+Mann,0,"female vocalists, singer-songwriter, indie"
Red,24392702,866201,f934452d-a26d-4fc9-88e6-188d721ae7a5,https://www.last.fm/music/Red,0,"alternative rock, christian rock, rock"
Peaches,14424787,866031,3b1a5ad8-badd-4504-b37d-690835f13a0c,https://www.last.fm/music/Peaches,0,"Electroclash, electronic, female vocalists"
Relient K,27201050,864534,a49b5d41-7399-49ef-bcb8-a5779a30d2e9,https://www.last.fm/music/Relient+K,0,"rock, pop punk, christian rock"
Jurassic 5,17854989,864478,11c6b106-1c1f-429d-8407-b1ee155d7f72,https://www.last.fm/music/Jurassic+5,0,"Hip-Hop, hip hop, rap"
Feeder,17894510,862543,88a4cd4e-5dee-4153-8462-0d5e43c75f47,https://www.last.fm/music/Feeder,0,"rock, seen live, indie"
Godspeed You! Black Emperor,28674384,862131,3648db01-b29d-4ab9-835c-83f6a5068fe4,https://www.last.fm/music/Godspeed+You%21+Black+Emperor,0,"post-rock, instrumental, experimental"
Reel Big Fish,26321121,859709,5e5480be-eded-44ad-9c45-f6136ec2f5db,https://www.last.fm/music/Reel+Big+Fish,0,"ska, ska punk, seen live"
Donny Hathaway,6627610,859637,3f6ae36d-ffdb-40cf-98e6-8023cb1c41c9,https://www.last.fm/music/Donny+Hathaway,0,"soul, funk, jazz"
Paul Oakenfold,10978656,859227,7bf1f441-ccf1-4258-9797-07c8d16eb44c,https://www.last.fm/music/Paul+Oakenfold,0,"trance, electronic, dance"
"""Weird Al"" Yankovic",21545957,859213,7746d775-9550-4360-b8d5-c37bd448ce01,https://www.last.fm/music/%22Weird+Al%22+Yankovic,0,"comedy, parody, funny"
The Maine,35035361,856546,7bd47e67-ecd5-49d5-837f-c692df38da4e,https://www.last.fm/music/The+Maine,0,"pop punk, powerpop, indie"
The Jacksons,6820492,854173,e5257dc5-1edd-4fca-b7e6-1158e00522c8,https://www.last.fm/music/The+Jacksons,0,"soul, pop, Disco"
Plies,5085785,853660,72f62a4c-0042-49f6-b4dc-2f5b27dd289f,https://www.last.fm/music/Plies,0,"rap, Hip-Hop, Dirty South"
Alexi Murdoch,10744797,853202,750e9439-2e5d-4afd-92cc-d23183cd7606,https://www.last.fm/music/Alexi+Murdoch,0,"singer-songwriter, folk, acoustic"
Atmosphere,36782607,851799,f77ff758-01ca-4fa5-acf8-cd741f986d1c,https://www.last.fm/music/Atmosphere,0,"Hip-Hop, underground hip-hop, rap"
Salt-N-Pepa,5460197,851554,26bcd35d-56a3-4e4d-8ad7-7bc5787c3af1,https://www.last.fm/music/Salt-N-Pepa,0,"Hip-Hop, rap, female vocalists"
Funkadelic,14177150,851540,cf042013-3edd-46c4-9b0e-a62faac98d0b,https://www.last.fm/music/Funkadelic,0,"funk, soul, psychedelic"
New Radicals,6887946,850749,09a6ae88-7589-4ab2-b10c-dd50ebd526a0,https://www.last.fm/music/New+Radicals,0,"alternative, rock, 90s"
Berlin,5616375,850644,c7cb9a2e-ff57-4bb8-bd2c-83524e18e369,https://www.last.fm/music/Berlin,0,"new wave, 80s, pop"
The Antlers,27869717,850297,ff0d20a7-a69e-4207-a18f-ca808759499d,https://www.last.fm/music/The+Antlers,0,"indie, indie rock, slowcore"
Kacey Musgraves,41079606,849939,d1393ecb-431b-4fde-a6ea-d769f2f040cb,https://www.last.fm/music/Kacey+Musgraves,0,"country, female vocalists, singer-songwriter"
Cam'ron,7456644,847144,ea6b7199-901d-4c0e-8242-6d7bc2bf62b7,https://www.last.fm/music/Cam%27ron,0,"Hip-Hop, rap, Dipset"
Madcon,8237042,847123,2da9b8e3-e2de-4599-aa30-bf47e35e3fc0,https://www.last.fm/music/Madcon,0,"Hip-Hop, rnb, rap"
Yung Lean,90356599,846591,757ed661-fbad-4e45-b1cd-a6b09f06f54a,https://www.last.fm/music/Yung+Lean,0,"Hip-Hop, cloud rap, sad"
Alan Jackson,12480548,846218,7291957b-c463-4275-a41c-a104c9e2337f,https://www.last.fm/music/Alan+Jackson,0,"country, Alan Jackson, singer-songwriter"
Isaac Hayes,7016017,844688,a2361c7d-ddb6-41c1-a9a0-be09fbbb8d21,https://www.last.fm/music/Isaac+Hayes,0,"soul, funk, rhythm and blues"
Buena Vista Social Club,18445698,843369,2a85ecff-41e9-4be1-aca6-c87054a4c334,https://www.last.fm/music/Buena+Vista+Social+Club,0,"latin, cuban, jazz"
Carla Bruni,15746661,842508,f90575d1-abcb-42b3-ae32-1849312c26e6,https://www.last.fm/music/Carla+Bruni,0,"french, female vocalists, singer-songwriter"
Rogue Wave,11210863,842425,6aa55ee1-4c46-4f7c-9a6d-5051dfe2c06d,https://www.last.fm/music/Rogue+Wave,0,"indie, indie rock, seen live"
Neon Indian,21336604,840964,e8238c02-1cf0-4a51-bfd0-cee93904d351,https://www.last.fm/music/Neon+Indian,0,"electronic, chillwave, psychedelic"
The-Dream,7660836,840674,66a4b9d2-d5a6-40b8-93d5-0bdd1dbb4b43,https://www.last.fm/music/The-Dream,0,"rnb, r&b, male vocalists"
"Grover Washington, Jr.",7285530,839612,c60e178f-36f1-4169-9c03-84addbdbf104,"https://www.last.fm/music/Grover+Washington,+Jr.",0,"jazz, Smooth Jazz, saxophone"
Giveon,34100503,838470,,https://www.last.fm/music/Giveon,0,"rnb, Neo-Soul, soul"
Eartha Kitt,4311799,838145,02b4a39e-04c0-4eb7-a0eb-c919f3d14154,https://www.last.fm/music/Eartha+Kitt,0,"jazz, female vocalists, soul"
Andrea Bocelli,11737479,837922,c5a0a216-c33c-42dc-92b8-4b60236f8dad,https://www.last.fm/music/Andrea+Bocelli,0,"Classical, opera, italian"
The Academy Is...,26423352,837360,eb8ff09f-0b63-4c5e-96dc-b6dadeb794ac,https://www.last.fm/music/The+Academy+Is...,0,"emo, indie, alternative"
Ashley Tisdale,14413501,836914,1fa14a96-c25c-4bb7-b94d-ff453519eab3,https://www.last.fm/music/Ashley+Tisdale,0,"pop, female vocalists, dance"
Naughty Boy,8552835,836658,d22f4834-1372-4b56-bec3-ef74a186717c,https://www.last.fm/music/Naughty+Boy,0,"rnb, electronic, House"
The Drifters,5799743,836578,bd26fb86-61e7-4ac4-a5e0-e15108ab95f4,https://www.last.fm/music/The+Drifters,0,"soul, oldies, 60s"
Gary Numan,14236394,836340,6cb79cb2-9087-44d4-828b-5c6fdff2c957,https://www.last.fm/music/Gary+Numan,0,"new wave, electronic, synthpop"
Miranda Lambert,12790234,836312,4eca1aa0-c79f-481b-af8a-4a2d6c41aa5c,https://www.last.fm/music/Miranda+Lambert,0,"country, female vocalists, singer-songwriter"
The New Pornographers,29735730,836254,25b75a66-ce83-4db3-b136-395a3c3784c4,https://www.last.fm/music/The+New+Pornographers,0,"indie, indie rock, seen live"
The Buggles,5410520,835846,20278bbd-271a-4a1c-b6fd-43a13d43203d,https://www.last.fm/music/The+Buggles,0,"new wave, 80s, pop"
Little Richard,8010212,835205,95c2339b-8277-49a6-9aaf-08d8eeeaa0be,https://www.last.fm/music/Little+Richard,0,"Rock and Roll, rock n roll, rockabilly"
Hanson,11483574,834466,3c0a0074-4f26-4d3b-b723-a66bf6cc3753,https://www.last.fm/music/Hanson,0,"pop, pop rock, seen live"
James,14686672,833938,a2accb58-6099-4cb5-a3c8-f6332f364db5,https://www.last.fm/music/James,0,"britpop, indie, alternative"
Spiritualized,21692335,833221,65041e06-83d2-4987-ae52-c17a915fc82a,https://www.last.fm/music/Spiritualized,0,"space rock, shoegaze, psychedelic"
Flux Pavilion,10149233,833119,3ce513c5-bdd4-492c-a875-07e0f3e1993b,https://www.last.fm/music/Flux+Pavilion,0,"dubstep, electronic, bass"
Blue Foundation,13094079,830662,455aca99-38f3-47cb-aa6b-820cf9de3c91,https://www.last.fm/music/Blue+Foundation,0,"trip-hop, electronic, chillout"
Jazmine Sullivan,11700871,830329,6f92929a-6381-48ac-b348-83b43b9cf646,https://www.last.fm/music/Jazmine+Sullivan,0,"rnb, soul, female vocalists"
Real Estate,25879016,830171,2ff0dfc6-0542-4bbc-a44a-60605c074ba6,https://www.last.fm/music/Real+Estate,0,"Lo-Fi, indie, seen live"
Volbeat,46097515,829335,4753fcb7-9270-493a-974d-8daca4e49125,https://www.last.fm/music/Volbeat,0,"seen live, heavy metal, metal"
The Horrors,23222949,828479,fe563c67-8e92-416b-bd6e-b53a04a42568,https://www.last.fm/music/The+Horrors,0,"Garage Rock, indie, seen live"
Ben Folds Five,16959286,828380,abe2669a-a612-4bf6-9193-bb4f4b8a9088,https://www.last.fm/music/Ben+Folds+Five,0,"alternative, rock, indie"
Mr. Scruff,10809442,828143,234bab50-2f04-4d21-8f91-df93ef554855,https://www.last.fm/music/Mr.+Scruff,0,"electronic, ninja tune, trip-hop"
The Cribs,17488431,827903,a3a92047-be1c-4f3e-8960-c4f8570984df,https://www.last.fm/music/The+Cribs,0,"indie, seen live, indie rock"
Cher Lloyd,11587629,827641,48fbfb0b-92ee-45eb-99c2-0bde4c05962e,https://www.last.fm/music/Cher+Lloyd,0,"pop, british, female vocalists"
Ol' Dirty Bastard,9478547,827131,d50548a0-3cfd-4d7a-964b-0aef6545d819,https://www.last.fm/music/Ol%27+Dirty+Bastard,0,"Hip-Hop, rap, wu-tang"
Jon Hopkins,22909032,827079,0b0c25f4-f31c-46a5-a4fb-ccbf53d663bd,https://www.last.fm/music/Jon+Hopkins,0,"ambient, electronic, downtempo"
Bobby Womack,7958231,826453,48e78462-2f0b-4a1a-9fa4-0585e2991e80,https://www.last.fm/music/Bobby+Womack,0,"soul, funk, rhythm and blues"
Zebrahead,25207850,826272,4df5d35b-a9d4-4d4f-91f6-bae55693de31,https://www.last.fm/music/Zebrahead,0,"punk rock, punk, pop punk"
Testament,27067918,826169,6b335658-22c8-485d-93de-0bc29a1d0349,https://www.last.fm/music/Testament,0,"thrash metal, metal, heavy metal"
DJ Fresh,10275377,822959,c441cd7b-0bcb-43e8-8ad7-99a579e3c0c2,https://www.last.fm/music/DJ+Fresh,0,"Drum and bass, jungle, electronic"
London Grammar,29192168,819945,4dbe08c1-b40a-43b3-ab89-210000bd8ab2,https://www.last.fm/music/London+Grammar,0,"indie pop, electronic, indie"
Sweet,7899478,819033,dc73bb40-b697-4df9-a2ec-0555bebdba75,https://www.last.fm/music/Sweet,0,"glam rock, classic rock, 70s"
Them Crooked Vultures,18619625,817823,4bc09c51-5d42-4c93-9ba6-8cc21a0edb8d,https://www.last.fm/music/Them+Crooked+Vultures,0,"hard rock, Stoner Rock, rock"
Lit,7212797,817705,5ccb9a53-092d-4806-b337-470a582893d7,https://www.last.fm/music/Lit,0,"rock, alternative rock, alternative"
Senses Fail,26549873,817265,b4946461-dacb-4aa9-a77c-7b3231317794,https://www.last.fm/music/Senses+Fail,0,"emo, screamo, seen live"
Warpaint,28581592,816866,cf82a38f-9413-4333-bacb-ca5b6db95794,https://www.last.fm/music/Warpaint,0,"psychedelic, indie, seen live"
múm,21855166,816822,2b64e811-cbcd-45f7-b29d-296444cad4f1,https://www.last.fm/music/m%C3%BAm,0,"icelandic, electronic, ambient"
George Benson,8872230,816567,467f69b6-8d6d-4d2c-bfad-e89adf2806ff,https://www.last.fm/music/George+Benson,0,"jazz, Smooth Jazz, soul"
Sleigh Bells,22132850,816460,95f7536d-b2f7-4087-8668-a663ec201f5a,https://www.last.fm/music/Sleigh+Bells,0,"electronic, noise pop, Lo-Fi"
Juicy J,11766687,816204,c45d161f-83ce-4464-ba41-44202e6916d9,https://www.last.fm/music/Juicy+J,0,"Hip-Hop, rap, Dirty South"
James Newton Howard,16189511,816070,f6580b26-77f7-4a7b-8513-6db0476e8f21,https://www.last.fm/music/James+Newton+Howard,0,"Soundtrack, instrumental, composer"
Filter,11561664,815604,c8f0b459-ad49-4d5b-b534-5c5f101fbb17,https://www.last.fm/music/Filter,0,"rock, alternative rock, alternative"
Jimmy Cliff,6874400,814080,2caa54a7-b08c-41da-b892-3a41abe778be,https://www.last.fm/music/Jimmy+Cliff,0,"reggae, ska, roots reggae"
Inna,15213495,813464,99efca32-eea1-45fb-92cb-8798976a9769,https://www.last.fm/music/Inna,0,"dance, electronic, House"
Zac Brown Band,15569727,813329,507226f4-0842-4f43-950e-81a7017230ec,https://www.last.fm/music/Zac+Brown+Band,0,"country, modern country, zac brown band"
SBTRKT,21813825,813271,7f2aa196-cfd4-4a3d-ace3-28b7b6a79af7,https://www.last.fm/music/SBTRKT,0,"electronic, dubstep, seen live"
Hurts,32840697,812798,fcd954c7-f327-446f-87a3-2c4b242c6f38,https://www.last.fm/music/Hurts,0,"synthpop, electronic, british"
Westlife,16897506,812555,5f000e69-3cfd-4871-8f1b-faa7f0d4bcbc,https://www.last.fm/music/Westlife,0,"pop, boybands, westlife"
The Ataris,14835449,812519,57805d77-f947-4851-b7fb-78baad154451,https://www.last.fm/music/The+Ataris,0,"punk, punk rock, rock"
Pentatonix,19011164,811505,79c67eb5-3851-4b28-bfe0-3adfcd6f58d7,https://www.last.fm/music/Pentatonix,0,"a cappella, pop, futuristic"
Agnes Obel,22862620,810656,e3c4c4af-f83b-4168-84cb-898009dd0447,https://www.last.fm/music/Agnes+Obel,0,"folk, singer-songwriter, female vocalists"
XTC,18288615,810044,97c86b2c-2765-46a2-aef8-76a7e24c430f,https://www.last.fm/music/XTC,0,"new wave, post-punk, 80s"
Gary Moore,13802951,809912,a8806b5c-3ee0-4277-94d3-1a5427a7707c,https://www.last.fm/music/Gary+Moore,0,"blues, blues rock, rock"
Temple of the Dog,9302570,808550,e9571c17-817f-4d34-ae3f-0c7a96f822c1,https://www.last.fm/music/Temple+of+the+Dog,0,"Grunge, rock, alternative rock"
Charlie Parker,12522754,808432,c7356af9-9ea6-4a78-a55b-c73775716312,https://www.last.fm/music/Charlie+Parker,0,"jazz, bebop, saxophone"
Free,7274733,808293,8ee4aeeb-254b-471f-9921-186dfc401d2f,https://www.last.fm/music/Free,0,"classic rock, blues rock, rock"
Ms. Lauryn Hill,17489086,807681,e8414012-4a1c-4ad4-be5e-fc55294e28cc,https://www.last.fm/music/Ms.+Lauryn+Hill,0,"soul, rnb, Hip-Hop"
Radical Face,15469908,807360,6c25514f-1f14-4106-a142-be95ba11f117,https://www.last.fm/music/Radical+Face,0,"indie, indie pop, singer-songwriter"
Faith Hill,7343961,807056,406552d4-5ba1-4226-b7c0-367bc50fc767,https://www.last.fm/music/Faith+Hill,0,"country, female vocalists, pop"
Jerry Lee Lewis,7464150,806471,b59ac58d-036e-4bba-8112-c32a34c4575b,https://www.last.fm/music/Jerry+Lee+Lewis,0,"rockabilly, Rock and Roll, rock n roll"
Ill Niño,21708727,805531,91e2e08f-abd7-44d6-9a84-b8a4afa8a265,https://www.last.fm/music/Ill+Ni%C3%B1o,0,"Nu Metal, metal, metalcore"
Paul van Dyk,12614121,805304,092ca127-2e07-4cbd-9cba-e412b4ddddd9,https://www.last.fm/music/Paul+van+Dyk,0,"trance, electronic, dance"
Ladyhawke,15737006,802855,2e547c75-36c1-49d0-984e-b14498c936f0,https://www.last.fm/music/Ladyhawke,0,"electronic, indie, female vocalists"
Jesse McCartney,11489519,802332,9d075d6e-9492-4343-ac95-93a808f61477,https://www.last.fm/music/Jesse+McCartney,0,"pop, Jesse McCartney, pop rock"
Squarepusher,19511182,802207,4d86ad4e-28d8-4e9f-8cf4-735c57060fdc,https://www.last.fm/music/Squarepusher,0,"idm, electronic, experimental"
Echosmith,9147639,802153,53317371-09a4-4bf4-a832-22a9c6704be2,https://www.last.fm/music/Echosmith,0,"indie, indie pop, pop"
The Avett Brothers,27845623,802003,0a176d0a-ef46-4e7f-b018-9f4d65614668,https://www.last.fm/music/The+Avett+Brothers,0,"folk, Alt-country, bluegrass"
Afrojack,8486778,801307,a3ee920f-4e7f-4993-8aca-4b8538cfaa4a,https://www.last.fm/music/Afrojack,0,"House, electro house, Progressive House"
Black Flag,25422167,801161,9941a936-196a-4a62-ae53-a69cbc33f20e,https://www.last.fm/music/Black+Flag,0,"punk, hardcore punk, hardcore"
Kim Petras,60042147,800709,,https://www.last.fm/music/Kim+Petras,0,"pop, german, electropop"
Status Quo,10346141,800563,96fa50c4-af9d-419c-9593-bdda8687e14c,https://www.last.fm/music/Status+Quo,0,"classic rock, rock, hard rock"
Nazareth,9914876,800205,88f219d8-4140-4191-af4b-de81c7c587c4,https://www.last.fm/music/Nazareth,0,"classic rock, hard rock, rock"
Bananarama,6513238,799546,84d06499-0643-46b8-9e1f-45f743a53f5e,https://www.last.fm/music/Bananarama,0,"80s, pop, female vocalists"
The Civil Wars,14154966,798970,91dad7e7-0bf6-47e8-bd42-ef1fac32c729,https://www.last.fm/music/The+Civil+Wars,0,"folk, acoustic, singer-songwriter"
100 gecs,56226182,798811,,https://www.last.fm/music/100+gecs,0,"hyperpop, bubblegum bass, electronic"
Tosca,13363589,798044,7441591e-750c-484e-ae17-68427fdce7b7,https://www.last.fm/music/Tosca,0,"downtempo, chillout, electronic"
EVE 6,9208322,796976,ebd2ac91-6249-4e4b-bde1-353a424138c9,https://www.last.fm/music/EVE+6,0,"rock, alternative, alternative rock"
Dmitri Shostakovich,8873685,796517,519dd32e-8f30-4380-8826-7aa99169e1bb,https://www.last.fm/music/Dmitri+Shostakovich,0,"Classical, russian, contemporary classical"
The Righteous Brothers,5318374,795631,1ac3366a-a0e9-4a55-8f6e-796fce32a3b2,https://www.last.fm/music/The+Righteous+Brothers,0,"oldies, 60s, soul"
Sevendust,16647076,795564,52b9e109-44a0-45eb-a197-226c4abab232,https://www.last.fm/music/Sevendust,0,"alternative metal, metal, Nu Metal"
Wyclef Jean,7604345,795554,4f29ecd7-21a5-4c03-b9ba-d0cfe9488f8c,https://www.last.fm/music/Wyclef+Jean,0,"Hip-Hop, reggae, rap"
Leftfield,8884823,795204,369fbad4-6fa4-4dae-9842-a69826cd359d,https://www.last.fm/music/Leftfield,0,"electronic, electronica, techno"
Grandaddy,15708083,795159,9d4c4835-c71a-4647-a4fc-263e26832cd0,https://www.last.fm/music/Grandaddy,0,"indie, indie rock, alternative"
Robert Palmer,6555463,793755,d5a1b969-1a58-4df3-ac24-40c67462edf2,https://www.last.fm/music/Robert+Palmer,0,"80s, rock, classic rock"
Baby Bash,4922460,793486,1fe6717a-73b5-4e70-82c5-6b83a08c997d,https://www.last.fm/music/Baby+Bash,0,"Hip-Hop, rnb, rap"
Love,12881467,793458,c6a5a81d-2544-499a-8b30-6c52179c0857,https://www.last.fm/music/Love,0,"psychedelic, Psychedelic Rock, 60s"
Purity Ring,29585208,793231,fdb53441-e5e6-4657-9aad-8dab672e1cdc,https://www.last.fm/music/Purity+Ring,0,"electronic, experimental, chillwave"
At the Drive-In,31889754,792090,7e13cd1c-0300-4d03-bd8e-5f86dd99d74f,https://www.last.fm/music/At+the+Drive-In,0,"post-hardcore, indie, alternative"
BADBADNOTGOOD,21353647,792066,754294d5-d7d2-4ea2-8184-1dcaaf55a56f,https://www.last.fm/music/BADBADNOTGOOD,0,"jazz, experimental, Hip-Hop"
Mystery Jets,13349948,792002,0f8bd5a7-c915-4e00-a035-fe3969e9a9b1,https://www.last.fm/music/Mystery+Jets,0,"indie, seen live, indie rock"
Hank Williams,10597745,790915,906bddec-bc73-49f8-ac1e-eaee691c6cf9,https://www.last.fm/music/Hank+Williams,0,"country, classic country, folk"
Monica,6535374,790437,,https://www.last.fm/music/Monica,0,"rnb, female vocalists, soul"
Sparklehorse,16964721,790191,45be8e20-3c3c-4e78-98f0-b5bdecf2f703,https://www.last.fm/music/Sparklehorse,0,"indie, indie rock, alternative"
Dierks Bentley,9839422,790011,6bd7faa9-601f-44db-a2a6-239209f83156,https://www.last.fm/music/Dierks+Bentley,0,"country, modern country, dierks bentley"
Quantic,12729854,789452,f1560407-8826-4ec9-b78f-e0c3fa3ea4f5,https://www.last.fm/music/Quantic,0,"downtempo, electronic, chillout"
Dave Brubeck,9214620,789132,de0222a6-e1c4-403d-8b01-3f66d505061b,https://www.last.fm/music/Dave+Brubeck,0,"jazz, piano, jazz piano"
Chumbawamba,8324315,788880,7b7b1e6f-e73e-41a0-9d72-8f0b30c6992d,https://www.last.fm/music/Chumbawamba,0,"alternative, pop, punk"
Gabriel Fauré,6303544,788775,fa19a8b6-e7f4-40d4-af15-7a7c41ac7d8f,https://www.last.fm/music/Gabriel+Faur%C3%A9,0,"Classical, romantic, french"
Richard Wagner,9042470,788682,eefd7c1e-abcf-4ccc-ba60-0fd435c9061f,https://www.last.fm/music/Richard+Wagner,0,"Classical, opera, romantic"
Rick Springfield,5259808,788218,88543892-2eef-4a6a-a84c-5b8502b80421,https://www.last.fm/music/Rick+Springfield,0,"80s, rock, classic rock"
James Horner,16488695,787996,679ec43c-bc04-4bb0-b619-2da702a214ba,https://www.last.fm/music/James+Horner,0,"Soundtrack, instrumental, Classical"
Yazoo,7545850,786467,42922db2-2e80-44b8-9cdf-0b3a6634c124,https://www.last.fm/music/Yazoo,0,"80s, new wave, synthpop"
Delerium,13607526,785679,4279aba0-1bde-40a9-8fb2-c63d165dc554,https://www.last.fm/music/Delerium,0,"ambient, electronic, trance"
Pennywise,22418825,783982,5c210861-2ce2-4be3-9307-bbcfc361cc01,https://www.last.fm/music/Pennywise,0,"punk, punk rock, seen live"
Barbra Streisand,10779471,783221,56cd15a1-0d74-438b-8244-c96ffe1cae03,https://www.last.fm/music/Barbra+Streisand,0,"female vocalists, pop, 80s"
Patsy Cline,8529244,782937,ad82dd72-0df3-4a09-8d7a-1af9c9e80522,https://www.last.fm/music/Patsy+Cline,0,"country, female vocalists, classic country"
Ghostface Killah,19748974,782569,3b39abeb-0064-4eed-9ddd-ee47a45c54cb,https://www.last.fm/music/Ghostface+Killah,0,"Hip-Hop, rap, wu-tang"
Helloween,43940605,782560,765774a0-2060-469b-8b7d-612eea48579b,https://www.last.fm/music/Helloween,0,"Power metal, heavy metal, speed metal"
Panda Bear,20651480,782473,fd3c3f9f-a471-498e-ab3a-940ac20b6bbd,https://www.last.fm/music/Panda+Bear,0,"experimental, psychedelic, freak folk"
The War on Drugs,30987061,782373,87b9b3b8-ab93-426c-a200-4012d667a626,https://www.last.fm/music/The+War+on+Drugs,0,"indie rock, seen live, indie"
Arch Enemy,50392437,782170,e631bb92-3e2b-43e3-a2cb-b605e2fb53bd,https://www.last.fm/music/Arch+Enemy,0,"Melodic Death Metal, death metal, metal"
Bibio,19326501,781981,9f9953f0-68bb-4ce3-aace-2f44c87f0aa3,https://www.last.fm/music/Bibio,0,"experimental, electronic, ambient"
Village People,4587039,781289,f19d3d49-be22-4ca6-9903-64d86984fbf2,https://www.last.fm/music/Village+People,0,"Disco, pop, 70s"
Black Label Society,30233418,781246,a8e935c6-3fcc-414c-900c-77e8170e7e7c,https://www.last.fm/music/Black+Label+Society,0,"heavy metal, metal, hard rock"
The Platters,5867578,780318,3fb55c03-3ad9-4341-8d0b-7c4c49aefca0,https://www.last.fm/music/The+Platters,0,"oldies, soul, 60s"
Fear Factory,30241671,780228,c17f08f4-2542-46fb-97f3-3202d60c225a,https://www.last.fm/music/Fear+Factory,0,"industrial metal, metal, death metal"
Boys Noize,12448308,779249,d2f4a968-1f6e-4a4a-9376-ee2b2a50c87a,https://www.last.fm/music/Boys+Noize,0,"electro, electronic, seen live"
Gipsy Kings,10747386,778862,44a7f7d5-79df-4f44-8f5e-02dfc0626904,https://www.last.fm/music/Gipsy+Kings,0,"Flamenco, latin, spanish"
The Go! Team,15467048,776766,8a396a9c-2e4f-47e2-a587-c26e93a0953f,https://www.last.fm/music/The+Go%21+Team,0,"indie, seen live, electronic"
Emeli Sandé,13890094,775882,7cfaac66-62e5-4fcd-af1b-9d3aa8f68e8b,https://www.last.fm/music/Emeli+Sand%C3%A9,0,"soul, british, female vocalists"
Say Anything,33900933,775329,ee90d1b3-a4e2-4d18-9092-111d856e7e7a,https://www.last.fm/music/Say+Anything,0,"seen live, indie, alternative"
Bakar,15178190,774925,62841baa-52ae-4d69-a086-75a129db03fc,https://www.last.fm/music/Bakar,0,"french rap, French hip hop, Hip-Hop"
Randy Newman,9667248,774684,da7bb7d8-557d-4635-9ca1-e6e985525bd5,https://www.last.fm/music/Randy+Newman,0,"singer-songwriter, piano, Soundtrack"
Gang of Four,13707171,773774,d8661c02-f423-4d72-8044-40ff05daf7a1,https://www.last.fm/music/Gang+of+Four,0,"post-punk, new wave, punk"
Chingy,4496888,773094,2c311e1d-5da3-4ffb-a46e-572981b5849f,https://www.last.fm/music/Chingy,0,"rap, Hip-Hop, hip hop"
Glenn Miller,8040068,771792,7b353d3c-2bd9-40e3-a21d-b7da3f941339,https://www.last.fm/music/Glenn+Miller,0,"jazz, swing, Big Band"
Saosin,29966646,771602,47b8b42a-96e8-46fa-9ea6-70c5136ae971,https://www.last.fm/music/Saosin,0,"post-hardcore, emo, screamo"
Cold,14363489,770348,dc4ee3bc-f75d-40a8-9882-0c00c728d811,https://www.last.fm/music/Cold,0,"alternative rock, rock, alternative"
Natalie Cole,5484172,769970,eb45032c-80da-469c-be20-1d09f08ef37f,https://www.last.fm/music/Natalie+Cole,0,"jazz, female vocalists, soul"
Raekwon,13625233,769677,4e954b02-fae2-4bd7-9547-e055a6ac0527,https://www.last.fm/music/Raekwon,0,"Hip-Hop, rap, wu-tang"
Big L,12685684,769664,f1c0d18c-6101-4aa2-ae47-8df5b7280fde,https://www.last.fm/music/Big+L,0,"Hip-Hop, rap, new york"
Mr. Probz,7328361,769374,9bb64b8f-d7a4-4fc0-954f-9c9e9d7b3bc3,https://www.last.fm/music/Mr.+Probz,0,"Hip-Hop, dutch, rap"
The Everly Brothers,7413812,768824,091ec508-877f-4e3c-92a3-10903bbbc7ad,https://www.last.fm/music/The+Everly+Brothers,0,"oldies, 60s, rock n roll"
Die Antwoord,32280894,768686,7e07ffb5-c0f6-4891-a74d-a5e12a247785,https://www.last.fm/music/Die+Antwoord,0,"Hip-Hop, rap, seen live"
Armand van Helden,6695106,768518,b09b5127-c62e-4bb2-b790-1e4aa18749ed,https://www.last.fm/music/Armand+van+Helden,0,"House, electronic, dance"
Alex Gaudino,5394387,768443,836d43ae-5086-4f45-9e23-b02edca37653,https://www.last.fm/music/Alex+Gaudino,0,"House, dance, electronic"
Ash,12416173,767970,c3f93741-ba7c-4f13-b3e4-b21c482f1960,https://www.last.fm/music/Ash,0,"seen live, rock, indie"
The Replacements,21624753,767201,dc0d05ce-2f47-4962-b4fa-8631a0a51987,https://www.last.fm/music/The+Replacements,0,"alternative, punk, post-punk"
Vengaboys,6613243,767162,90c7177f-4be5-413d-aabd-d228934c2b9b,https://www.last.fm/music/Vengaboys,0,"dance, eurodance, pop"
Death,48279344,766014,fbff9a95-e3f5-47ca-a747-e38e35b31fd8,https://www.last.fm/music/Death,0,"death metal, Technical Death Metal, progressive death metal"
Rob Thomas,8541450,765498,e42680f7-e439-4666-9c2c-536c2b3c6db3,https://www.last.fm/music/Rob+Thomas,0,"pop, rock, alternative"
Sam & Dave,5415159,765163,f1d7f1fd-8883-47e9-ad2b-e9ec9ff61aac,https://www.last.fm/music/Sam+&+Dave,0,"soul, rhythm and blues, 60s"
Above & Beyond,22281243,765039,4a8c330f-6acf-4589-8220-a4ce1ba09eeb,https://www.last.fm/music/Above+&+Beyond,0,"trance, progressive trance, vocal trance"
SAINt JHN,16933985,764869,,https://www.last.fm/music/SAINt+JHN,0,"Hip-Hop, rap, trap"
Jennifer Hudson,7019116,764377,95b5d5b5-46c4-4c3e-89d5-ffe9236427ac,https://www.last.fm/music/Jennifer+Hudson,0,"rnb, soul, female vocalists"
Enter Shikari,66964429,764362,329f95db-f02e-40bf-a5f7-0dea11529ce3,https://www.last.fm/music/Enter+Shikari,0,"post-hardcore, trancecore, seen live"
Black Kids,9996814,763500,38f953ac-af97-40b1-b95c-ab35cc0d7a81,https://www.last.fm/music/Black+Kids,0,"indie, indie pop, indie rock"
The Weepies,14102950,763303,59d34d63-e209-4f26-8a09-b08d12202082,https://www.last.fm/music/The+Weepies,0,"folk, indie, singer-songwriter"
The Dresden Dolls,23721715,762970,107c7983-0728-46ea-8550-77e698adf690,https://www.last.fm/music/The+Dresden+Dolls,0,"punk cabaret, alternative, cabaret"
Sergei Prokofiev,7173764,762908,e5423437-896b-4b8f-b792-5def0dd30001,https://www.last.fm/music/Sergei+Prokofiev,0,"Classical, russian, contemporary classical"
Death in Vegas,10063348,762772,5b32946a-4c08-4a75-b1b1-60700470671f,https://www.last.fm/music/Death+in+Vegas,0,"electronic, trip-hop, alternative"
Clipse,10909619,762754,e6424fa5-08d3-41c6-96f3-8549f733708c,https://www.last.fm/music/Clipse,0,"Hip-Hop, rap, hip hop"
Jake Bugg,22665676,762442,0d9905e6-add6-4713-94ca-9f686f9b5e9b,https://www.last.fm/music/Jake+Bugg,0,"folk, british, indie"
Example,13630098,761968,ddeb3502-8693-4619-b41d-263105f84477,https://www.last.fm/music/Example,0,"Hip-Hop, electronic, british"
The Raveonettes,18010938,761404,79255a50-40df-447f-9612-2cf669080196,https://www.last.fm/music/The+Raveonettes,0,"indie, indie rock, seen live"
Less Than Jake,27286211,761143,e54e065f-0ce6-4779-9a9a-afd7b997471f,https://www.last.fm/music/Less+Than+Jake,0,"ska, seen live, ska punk"
Cheat Codes,11241528,759446,,https://www.last.fm/music/Cheat+Codes,0,"electronic, pop, tropical house"
Afroman,6065803,759068,8c332797-2784-45a7-9b5c-3b86f07a03de,https://www.last.fm/music/Afroman,0,"rap, Hip-Hop, reggae"
K'naan,9140694,758567,ee421ee4-f861-405d-8730-29cb512dfdbd,https://www.last.fm/music/K%27naan,0,"Hip-Hop, african, rap"
Flight Facilities,11060297,758217,785e1c02-f535-4fc0-a1d6-23de849ebdcb,https://www.last.fm/music/Flight+Facilities,0,"electronic, House, chillout"
Jeff Beck,9881561,758179,a6339659-c879-4f88-9908-206d47963e29,https://www.last.fm/music/Jeff+Beck,0,"classic rock, rock, blues"
God Is An Astronaut,51651032,757310,e9dfc148-d5f6-425e-b80b-f99ed2bd7c09,https://www.last.fm/music/God+Is+An+Astronaut,0,"post-rock, instrumental, ambient"
Chairlift,13584429,757184,a3cd61ef-7fd4-44af-a27f-99641a82b22b,https://www.last.fm/music/Chairlift,0,"electronic, indie pop, indie"
Perfume Genius,24233032,756548,c4ff10e0-ae5a-467d-a409-6e0b4bf241eb,https://www.last.fm/music/Perfume+Genius,0,"singer-songwriter, ambient, experimental"
Brandi Carlile,13642966,755298,baf05baf-69fb-47dd-93c2-033536b8c385,https://www.last.fm/music/Brandi+Carlile,0,"female vocalists, singer-songwriter, folk"
Blind Guardian,65106664,753681,7fa7fc04-1011-4876-8095-ecd232edea87,https://www.last.fm/music/Blind+Guardian,0,"Power metal, speed metal, metal"
Band of Skulls,11786721,753296,1641141b-3c9c-4772-a5cc-7e23fdf17382,https://www.last.fm/music/Band+of+Skulls,0,"rock, indie, alternative"
Lil Durk,40053175,753097,c9cd225b-4883-428e-82c2-73e0b6282fb6,https://www.last.fm/music/Lil+Durk,0,"rap, drill, Hip-Hop"
The Black Crowes,12630704,752784,02ceff75-7363-493e-a78d-912dc86c7460,https://www.last.fm/music/The+Black+Crowes,0,"rock, Southern Rock, blues rock"
Television,12223146,752628,490bde43-5edb-4a93-b3b3-7a0465fd8909,https://www.last.fm/music/Television,0,"post-punk, new wave, punk"
The Cult,13443614,751914,8846e4ff-0c19-4af2-872b-7a8dc7497f68,https://www.last.fm/music/The+Cult,0,"hard rock, rock, Gothic Rock"
War,5514045,751826,773b364d-7179-4499-8331-a3e3acdc3079,https://www.last.fm/music/War,0,"funk, soul, black metal"
Ramin Djawadi,36318414,751748,f089f636-6b85-4e0e-a192-0d30ed2b44d1,https://www.last.fm/music/Ramin+Djawadi,0,"Soundtrack, instrumental, composer"
Archive,34402739,751557,bd513de0-e42f-425e-ae46-817d7bc5fb1c,https://www.last.fm/music/Archive,0,"trip-hop, electronic, alternative"
Yelle,15443338,750974,f43d43c8-eedf-4628-99b0-04120e7124c8,https://www.last.fm/music/Yelle,0,"french, electronic, electropop"
Bobby McFerrin,5134122,750960,a996b5bd-db99-4257-b036-336f63448aa2,https://www.last.fm/music/Bobby+McFerrin,0,"jazz, reggae, vocal"
Gladys Knight & The Pips,5217137,750361,ca825016-f7fd-4ccf-a523-6ee36ea88828,https://www.last.fm/music/Gladys+Knight+&+The+Pips,0,"soul, motown, rhythm and blues"
Ricky Nelson,5582274,750265,0b511854-c21c-4af1-9c31-e3fc178ded61,https://www.last.fm/music/Ricky+Nelson,0,"rockabilly, oldies, 60s"
Alexisonfire,46630768,749727,bc1c8f3f-6f36-4086-a470-87ed813dd429,https://www.last.fm/music/Alexisonfire,0,"post-hardcore, screamo, hardcore"
Parkway Drive,54898595,749562,a436dd02-0549-4c91-b608-df451217fdeb,https://www.last.fm/music/Parkway+Drive,0,"metalcore, hardcore, seen live"
Wilson Pickett,5548141,748421,fc6214b3-6d82-4803-be74-01ece1723e42,https://www.last.fm/music/Wilson+Pickett,0,"soul, rhythm and blues, funk"
Oh Wonder,18025312,748222,,https://www.last.fm/music/Oh+Wonder,0,"indie, electronic, seen live"
Social Distortion,19009178,748080,e1e05cce-3922-44e1-8f20-015abe5e309d,https://www.last.fm/music/Social+Distortion,0,"punk, punk rock, seen live"
Omi,6081714,747881,86587db1-a845-4e7c-ba3e-281f98fd3a54,https://www.last.fm/music/Omi,0,"reggae, electronic, hardcore"
ZHU,13376973,746369,eca0569c-877e-4d72-a280-90581c2adfd5,https://www.last.fm/music/ZHU,0,"House, electronic, deep house"
George Strait,15008021,746140,5ab2cf34-517e-48eb-b3a5-34e1cbcd600a,https://www.last.fm/music/George+Strait,0,"country, George Strait, classic country"
Dionne Warwick,6375849,744356,6784ee31-6d79-4a37-9e1f-01d6ef31940e,https://www.last.fm/music/Dionne+Warwick,0,"soul, female vocalists, pop"
The O'Jays,5076702,744333,8153c6ef-026c-481f-b081-974f2c948d9f,https://www.last.fm/music/The+O%27Jays,0,"soul, funk, motown"
Jill Scott,10439983,744025,b1fb6a18-1626-4011-80fb-eaf83dfebcb6,https://www.last.fm/music/Jill+Scott,0,"soul, Neo-Soul, female vocalists"
Lou Bega,3966510,743957,64f9c914-74a0-4f6b-8589-6261851b0ab9,https://www.last.fm/music/Lou+Bega,0,"pop, mambo, dance"
Something Corporate,21775348,742931,8dacf242-9bf7-44f5-b2eb-18305b904551,https://www.last.fm/music/Something+Corporate,0,"emo, piano rock, rock"
Crystal Fighters,14586863,742475,309ec98f-3066-4501-8761-1db9fb0c7a83,https://www.last.fm/music/Crystal+Fighters,0,"seen live, electronic, dance-punk"
Paris Hilton,7086967,742226,0d9ff9c7-394e-4228-93aa-c4afd4765324,https://www.last.fm/music/Paris+Hilton,0,"Brutal Death Metal, pop, all things annoying in the world put together into one stupid bitch"
Mr. Oizo,12040017,742128,a4a3048f-3968-4848-9f53-94e3d4f88b53,https://www.last.fm/music/Mr.+Oizo,0,"electronic, electro, french"
Johnny Mathis,4585824,741989,48896dee-a985-424d-9849-84802f7e79c9,https://www.last.fm/music/Johnny+Mathis,0,"oldies, pop, 60s"
Julian Casablancas,10588447,741580,c5ce487b-0462-444e-a184-4de0fef7e028,https://www.last.fm/music/Julian+Casablancas,0,"indie, indie rock, rock"
Hawthorne Heights,15565220,741299,194eeda1-e662-43bc-b9be-32fc1afecc8b,https://www.last.fm/music/Hawthorne+Heights,0,"emo, screamo, rock"
Peter Tosh,8169106,741033,7db6aae5-6644-4513-9bfc-ca2e79d4469c,https://www.last.fm/music/Peter+Tosh,0,"reggae, roots reggae, Rasta"
Slightly Stoopid,13701590,740708,2c7e21ad-9b16-42df-9f9b-d583ce70a88a,https://www.last.fm/music/Slightly+Stoopid,0,"reggae, ska, dub"
Johann Pachelbel,4824784,740048,2251b277-2dfb-4cf1-83f3-27e29f902440,https://www.last.fm/music/Johann+Pachelbel,0,"Classical, baroque, instrumental"
Gin Blossoms,7398540,740038,1c42b705-d3fc-452e-93ee-d0030bdd70f3,https://www.last.fm/music/Gin+Blossoms,0,"alternative, rock, alternative rock"
Chet Faker,17412188,739783,0fb267e2-7175-4537-a9f2-e835ecc81ff7,https://www.last.fm/music/Chet+Faker,0,"downtempo, seen live, Lo-Fi"
Mark Knopfler,20211377,738940,e49f69da-17d5-4c5c-bac0-dadcb0e588f5,https://www.last.fm/music/Mark+Knopfler,0,"rock, classic rock, singer-songwriter"
Apparat,22325119,738813,dc3dbfc1-f1f1-49c6-9d7c-425fabf3ae12,https://www.last.fm/music/Apparat,0,"idm, electronic, ambient"
September,9069106,738794,f97b55a8-7d03-4ebe-a277-a9cadc2a9f86,https://www.last.fm/music/September,0,"dance, pop, swedish"
Ministry,19628228,737543,13df2a46-f72f-40e7-aa63-26fcf62c7048,https://www.last.fm/music/Ministry,0,"industrial, industrial metal, metal"
Joan Baez,9794956,737047,92d37892-6186-4459-9cc1-f0dde57652d0,https://www.last.fm/music/Joan+Baez,0,"folk, singer-songwriter, female vocalists"
Three Dog Night,5838878,736103,1a48176d-1414-4a18-9792-50ba585d4d59,https://www.last.fm/music/Three+Dog+Night,0,"classic rock, rock, 70s"
Howlin' Wolf,9710286,735442,ca5b38c2-f39d-45a4-ad3d-daf4448846ef,https://www.last.fm/music/Howlin%27+Wolf,0,"blues, Chicago Blues, Classic Blues"
Trentemøller,20866898,735311,95e9aba6-f85c-48a0-9ec9-395d4f0e3875,https://www.last.fm/music/Trentem%C3%B8ller,0,"electronic, minimal, techno"
Jean Sibelius,6216368,735123,691b0e9d-9e57-41cf-932d-a3d21b068e75,https://www.last.fm/music/Jean+Sibelius,0,"Classical, finnish, romantic"
The Devil Wears Prada,36826472,735058,43c0958c-27ef-46c4-b4cc-83cfca54170d,https://www.last.fm/music/The+Devil+Wears+Prada,0,"metalcore, hardcore, screamo"
Henry Mancini,7602841,734979,83e71a21-caf7-4e48-8ff7-6512d51e88a3,https://www.last.fm/music/Henry+Mancini,0,"Soundtrack, jazz, instrumental"
Yung Gravy,22782279,734793,,https://www.last.fm/music/Yung+Gravy,0,"rap, Hip-Hop, hip hop"
Soulfly,22300199,734327,8ccee82d-dbbc-4666-9307-00974301b57a,https://www.last.fm/music/Soulfly,0,"thrash metal, metal, seen live"
+44,15665855,733962,c2a44e93-3a2b-44aa-bd8b-7a71bb76e3b5,https://www.last.fm/music/%252B44,0,"punk rock, pop punk, punk"
LeAnn Rimes,7567143,732729,a9778727-c913-4caa-93d9-2f4975c30baf,https://www.last.fm/music/LeAnn+Rimes,0,"country, pop, female vocalists"
Sébastien Tellier,11397498,732265,ac69016f-42cc-4322-b70e-101458b769aa,https://www.last.fm/music/S%C3%A9bastien+Tellier,0,"electronic, french, downtempo"
Coconut Records,11137111,731896,eddc0911-21fc-4327-ab90-ccc459ce1ef7,https://www.last.fm/music/Coconut+Records,0,"indie, indie pop, alternative"
Lil Jon & The East Side Boyz,4695533,731832,243c6f61-d83b-4459-bebd-5899df0da111,https://www.last.fm/music/Lil+Jon+&+The+East+Side+Boyz,0,"Crunk, rap, Hip-Hop"
Skunk Anansie,13289258,731093,e212efdf-98b2-4dce-92ed-62cfc1e29854,https://www.last.fm/music/Skunk+Anansie,0,"rock, alternative rock, female vocalists"
Funeral for a Friend,27098461,730767,199d0ab3-22c0-4c00-b99d-257f591dda1f,https://www.last.fm/music/Funeral+for+a+Friend,0,"emo, post-hardcore, rock"
Texas,8918240,730455,7289d10d-d8d2-41ff-8308-c56ec9346e07,https://www.last.fm/music/Texas,0,"pop, rock, female vocalists"
Billy Ocean,5881120,730407,0e422e91-a42a-4b4d-8413-9baff67350f2,https://www.last.fm/music/Billy+Ocean,0,"80s, pop, soul"
Giuseppe Verdi,7946329,729769,f1bedf1f-4445-4651-9c35-f4a3f3860a13,https://www.last.fm/music/Giuseppe+Verdi,0,"Classical, opera, italian"
Los Campesinos!,29524141,729264,e1194e66-e4f0-4351-9d26-ac95df530d0c,https://www.last.fm/music/Los+Campesinos%21,0,"indie pop, indie, seen live"
Air Supply,7791544,728834,df9a1914-7fad-4900-bdd4-d7811712a2a8,https://www.last.fm/music/Air+Supply,0,"80s, pop, soft rock"
Frankie Valli & the Four Seasons,7861809,728812,3f64d38c-1ad4-4fb0-941e-7f4b51d4c9e6,https://www.last.fm/music/Frankie+Valli+&+the+Four+Seasons,0,"oldies, 60s, pop"
Sub Focus,13826986,728465,8cf49f40-b8fe-4a63-b4ea-f922d6145bb4,https://www.last.fm/music/Sub+Focus,0,"Drum and bass, electronic, dnb"
Judy Garland,4524708,728004,b9348d59-b91b-423f-847b-8db155a0653b,https://www.last.fm/music/Judy+Garland,0,"jazz, female vocalists, oldies"
John Travolta,4882421,727858,94f4c61e-5cf3-4cba-ab3e-9bd5be99f6ab,https://www.last.fm/music/John+Travolta,0,"Soundtrack, pop, 70s"
The Bird and the Bee,12816908,727681,d08b66b4-8950-439f-bd8e-2dd78dbd7a5f,https://www.last.fm/music/The+Bird+and+the+Bee,0,"indie, female vocalists, electronic"
Rockwell,4144724,727115,b7d224b3-a31c-4616-b69f-b6fcabd5cfbd,https://www.last.fm/music/Rockwell,0,"Drum and bass, 80s, pop"
Uriah Heep,13882985,725937,f1548c5b-329e-4036-921c-02213a04b525,https://www.last.fm/music/Uriah+Heep,0,"classic rock, hard rock, Progressive rock"
Martha Reeves & The Vandellas,5236126,724282,9d1bc10a-24fe-4b41-8338-ea92d8101a09,https://www.last.fm/music/Martha+Reeves+&+The+Vandellas,0,"soul, motown, 60s"
Fink,15332268,722620,cd3ec2cf-3a76-4f3f-9b77-2135a1d24602,https://www.last.fm/music/Fink,0,"indie, singer-songwriter, downtempo"
Lil Jon,4261226,722376,a95384b1-6aec-468c-ae0d-8c6daf87c4c2,https://www.last.fm/music/Lil+Jon,0,"Crunk, Hip-Hop, rap"
Against Me!,38998964,721473,a66ebddc-ff04-46b8-820a-15c63e80dba1,https://www.last.fm/music/Against+Me%21,0,"punk, folk punk, seen live"
Millencolin,28349624,721285,a11aacf5-fcbe-47f9-b065-75f4466c00ae,https://www.last.fm/music/Millencolin,0,"punk rock, seen live, punk"
Chicane,11867052,721215,c3480e79-a8d9-44f5-8c93-9f7b490df99f,https://www.last.fm/music/Chicane,0,"trance, chillout, electronic"
Amon Amarth,62799571,721068,5b687684-ad34-4a9f-b425-0e7aa81fbd38,https://www.last.fm/music/Amon+Amarth,0,"Melodic Death Metal, viking metal, death metal"
Dirty Projectors,19247085,719936,71a94ed8-03cc-459a-bd35-a081ca88a402,https://www.last.fm/music/Dirty+Projectors,0,"experimental, seen live, indie"
White Zombie,10286914,719913,cfe572bf-840f-4bed-934a-f69f4b1e90d4,https://www.last.fm/music/White+Zombie,0,"industrial metal, metal, industrial"
Eric B. & Rakim,6899958,719839,e38ae17c-22f1-4e60-bfc5-8c98bad32473,https://www.last.fm/music/Eric+B.+&+Rakim,0,"Hip-Hop, rap, hip hop"
Aesop Rock,32983632,719712,aba64937-3334-4c65-90a1-4e6b9d4d7ada,https://www.last.fm/music/Aesop+Rock,0,"Hip-Hop, underground hip-hop, rap"
Gigi D'Agostino,9925092,719325,57c1e5ea-e08f-413a-bcb1-f4e4b675bead,https://www.last.fm/music/Gigi+D%27Agostino,0,"dance, electronic, trance"
The Runaways,7919062,719280,ded0d67a-eb71-4fe9-83c0-1d18b8ed497e,https://www.last.fm/music/The+Runaways,0,"hard rock, rock, female vocalists"
Robert Miles,7082088,719102,e83144dd-bb95-49fe-b1dd-00bab25cca9e,https://www.last.fm/music/Robert+Miles,0,"trance, electronic, ambient"
The Brian Jonestown Massacre,27440334,718957,381e8434-109a-439c-8acc-5d328359f2e0,https://www.last.fm/music/The+Brian+Jonestown+Massacre,0,"psychedelic, shoegaze, indie"
Minnie Riperton,6255688,718819,e842abf7-8a63-4602-8879-75958c2884a1,https://www.last.fm/music/Minnie+Riperton,0,"soul, female vocalists, funk"
IU,60950542,718429,b9545342-1e6d-4dae-84ac-013374ad8d7c,https://www.last.fm/music/IU,0,"k-pop, Korean, female vocalists"
Nico & Vinz,6044090,718402,f8e8de78-2131-4e96-8829-ba3614f48a48,https://www.last.fm/music/Nico+&+Vinz,0,"pop, norwegian, Hip-Hop"
Kid Ink,9545063,717493,60614320-9caf-4ae4-bded-7140672fdf8a,https://www.last.fm/music/Kid+Ink,0,"Hip-Hop, rap, west coast"
Brooks & Dunn,8076138,717394,f30118c5-f783-4969-8427-f3c096378267,https://www.last.fm/music/Brooks+&+Dunn,0,"country, Brooks and Dunn, modern country"
Georges Bizet,5421103,717313,9bd20e6a-b41d-4983-a5b6-c0ff849fa235,https://www.last.fm/music/Georges+Bizet,0,"Classical, opera, romantic"
Box Car Racer,11408368,716487,1cae523b-fbf3-4312-a5c9-e569a6d4bd74,https://www.last.fm/music/Box+Car+Racer,0,"punk rock, punk, pop punk"
J.J. Cale,12607840,714783,4b0be624-6b87-47e8-bbf0-588a2c6c0439,https://www.last.fm/music/J.J.+Cale,0,"blues, blues rock, singer-songwriter"
All Saints,7400467,714716,a371601f-c184-4683-806d-2eb35e88f0d7,https://www.last.fm/music/All+Saints,0,"pop, female vocalists, british"
"Emerson, Lake & Palmer",12257518,714209,ad996aef-cc1c-42ac-af5c-619c370f4b8a,"https://www.last.fm/music/Emerson,+Lake+&+Palmer",0,"Progressive rock, classic rock, Symphonic Rock"
Soil,14187597,713927,b82cca8e-c183-413f-a60b-12bf0c229433,https://www.last.fm/music/Soil,0,"metal, hard rock, Nu Metal"
Wire,21579955,713294,7f2a8098-50e3-451c-8696-c5d9f64f4762,https://www.last.fm/music/Wire,0,"post-punk, punk, new wave"
Quiet Riot,6382586,713008,5c6acb91-4b9b-4245-b92f-e817295c4ed0,https://www.last.fm/music/Quiet+Riot,0,"heavy metal, hard rock, hair metal"
Sun Kil Moon,19396518,712436,ef2c6449-d02b-415b-ad8c-c14c08266552,https://www.last.fm/music/Sun+Kil+Moon,0,"folk, singer-songwriter, indie"
A Great Big World,7256275,711842,6958e806-1e14-4844-a0a7-07a27756aa0f,https://www.last.fm/music/A+Great+Big+World,0,"indie, indie pop, pop"
Françoise Hardy,14499682,711634,d2a79d20-1304-47fd-a998-b4fe1ec78373,https://www.last.fm/music/Fran%C3%A7oise+Hardy,0,"french, female vocalists, 60s"
Electric Six,19668224,711541,c71274ea-0a3d-40e3-97a1-1304be041461,https://www.last.fm/music/Electric+Six,0,"rock, alternative, indie"
Cash Cash,9197464,711501,dda162b4-f871-4e89-b081-b7b3470782f0,https://www.last.fm/music/Cash+Cash,0,"powerpop, electronic, pop"
Manowar,32379606,710770,00eeed6b-5897-4359-8347-b8cd28375331,https://www.last.fm/music/Manowar,0,"heavy metal, Power metal, metal"
Jamie T,17159835,710641,bc883961-64d4-46b3-8b1c-64009854291c,https://www.last.fm/music/Jamie+T,0,"indie, british, seen live"
Kurt Vile,23478439,710489,e07a111e-4e8a-4651-a849-01ac60551ab2,https://www.last.fm/music/Kurt+Vile,0,"seen live, Lo-Fi, psychedelic"
Jax Jones,11072031,710409,a2507d4d-3387-4d31-a6e8-f2c9794fb37e,https://www.last.fm/music/Jax+Jones,0,"electronic, dance, House"
Hootie & The Blowfish,7056662,710404,b3120863-d98d-4bad-a637-8abd8cde6685,https://www.last.fm/music/Hootie+&+The+Blowfish,0,"rock, alternative, 90s"
Soul Asylum,5665417,710292,b10db9ad-b4c3-47f3-a7a4-37864b134f65,https://www.last.fm/music/Soul+Asylum,0,"alternative rock, rock, alternative"
Guster,14230698,709312,6cbe1e63-5895-4168-ac7e-f0d2836ba0c1,https://www.last.fm/music/Guster,0,"indie, seen live, alternative"
Kenny Rogers,6483523,709063,c3d14b41-a48d-488f-bfed-ce0597bb0b1f,https://www.last.fm/music/Kenny+Rogers,0,"country, classic country, kenny rogers"
Serge Gainsbourg,19048928,708904,bd6155ce-d874-4258-bd27-bbdd77c6f181,https://www.last.fm/music/Serge+Gainsbourg,0,"french, chanson francaise, chanson"
The Herbaliser,10311447,708321,bf48d271-9595-4043-9064-52f43707d4ab,https://www.last.fm/music/The+Herbaliser,0,"Hip-Hop, ninja tune, trip-hop"
Quincy Jones,5912965,707901,5803c81e-739a-4057-9a5c-cf84e55db630,https://www.last.fm/music/Quincy+Jones,0,"jazz, soul, funk"
Neko Case,22066982,707793,e13d2935-8c42-4c0a-96d7-654062acf106,https://www.last.fm/music/Neko+Case,0,"Alt-country, singer-songwriter, female vocalists"
Powerman 5000,10513405,706761,0a41f86c-ced1-44e0-95a2-5c8b2368ab1d,https://www.last.fm/music/Powerman+5000,0,"industrial metal, metal, industrial"
The Spinners,5134256,706307,fd2b6371-5b61-4068-8baa-9c333c97dfd7,https://www.last.fm/music/The+Spinners,0,"soul, motown, funk"
Hot Chocolate,4319833,705765,a749130e-c2d8-4a7c-b740-908ea4574961,https://www.last.fm/music/Hot+Chocolate,0,"Disco, funk, 70s"
Junior Senior,6287194,704470,258f34b3-e8c3-4621-937f-ffc5a3dc9918,https://www.last.fm/music/Junior+Senior,0,"dance, electronic, pop"
Danger Mouse,11781292,704037,4b356f05-bcc2-4544-925b-fd9a1bf708be,https://www.last.fm/music/Danger+Mouse,0,"Hip-Hop, mashup, electronic"
Benjamin Francis Leftwich,9717734,702471,b9e82c61-c1ec-4b42-9233-ca3567d2f2da,https://www.last.fm/music/Benjamin+Francis+Leftwich,0,"folk, singer-songwriter, indie"
Breathe Carolina,17387226,702110,0509d076-7e31-4f53-bad3-80ee246e23b7,https://www.last.fm/music/Breathe+Carolina,0,"electronic, powerpop, screamo"
August Burns Red,33555050,702098,5bac9b4f-2f1c-4d39-8d11-231d5b6650ce,https://www.last.fm/music/August+Burns+Red,0,"metalcore, hardcore, Christian Metalcore"
Black Star,9599769,702044,02708fd6-0fe6-4738-a27d-0561ace8b4c6,https://www.last.fm/music/Black+Star,0,"Hip-Hop, rap, hip hop"
Vanilla Ice,3132695,701873,2d5583be-aafd-41ec-addd-df85913855ef,https://www.last.fm/music/Vanilla+Ice,0,"rap, Hip-Hop, 90s"
Steve Winwood,5640911,700319,885f90ef-6bd9-409a-b2df-e165e553c68e,https://www.last.fm/music/Steve+Winwood,0,"classic rock, rock, 80s"
Melody Gardot,13067298,699903,c47267ed-7482-40bb-a4ea-e1399cc8ce04,https://www.last.fm/music/Melody+Gardot,0,"jazz, female vocalists, vocal jazz"
Snakehips,7901579,699800,c4a4daeb-f664-4063-b3a0-bc2757807a87,https://www.last.fm/music/Snakehips,0,"electronic, instrumental hip-hop, seen live"
Michael Nyman,11019396,699724,c3161cf7-cab1-4409-9b1f-876561dd7716,https://www.last.fm/music/Michael+Nyman,0,"Soundtrack, Classical, piano"
10 Years,14509186,699369,b18bc9c4-6f22-4f1b-a918-e9c86a39fe7a,https://www.last.fm/music/10+Years,0,"alternative rock, rock, alternative"
Tones and I,9850122,699127,,https://www.last.fm/music/Tones+and+I,0,"pop, australian, indie pop"
Cassius,7273149,698852,8b768a2b-de43-4648-88b4-cb29d4ec64cc,https://www.last.fm/music/Cassius,0,"House, electronic, french"
Nils Frahm,20593027,698249,d03a54bc-6e07-4c04-a8d4-7fbf2bd07a01,https://www.last.fm/music/Nils+Frahm,0,"piano, ambient, contemporary classical"
Pinback,19451950,698129,1f16a425-2606-4137-a6b7-234b6dabe037,https://www.last.fm/music/Pinback,0,"indie, indie rock, seen live"
Blue October,18202125,698104,d6a3eeec-cde0-4c10-89b2-93e0bd5f34e6,https://www.last.fm/music/Blue+October,0,"alternative rock, alternative, rock"
Procol Harum,6268584,696626,44119570-4d53-46e7-a447-bd18608c28d8,https://www.last.fm/music/Procol+Harum,0,"Progressive rock, classic rock, rock"
Mel Tormé,3817688,695169,4439c2fd-a754-4f6a-b3a6-791b47726156,https://www.last.fm/music/Mel+Torm%C3%A9,0,"jazz, swing, vocal jazz"
Bad Meets Evil,7898332,695011,87f27b14-cbd0-44ea-93a3-6fead5cb45e7,https://www.last.fm/music/Bad+Meets+Evil,0,"Hip-Hop, rap, Eminem"
Billy Currington,7153501,694676,dbf94c49-0dd9-4f72-85d5-f548beb453f6,https://www.last.fm/music/Billy+Currington,0,"country, billy currington, modern country"
Mott the Hoople,4921534,693945,435f1441-0f43-479d-92db-a506449a686b,https://www.last.fm/music/Mott+the+Hoople,0,"glam rock, classic rock, rock"
Jack Ü,7170572,693571,8a40cfa4-e190-4133-a9af-e668c7d5f6f3,https://www.last.fm/music/Jack+%C3%9C,0,"electronic, trap, dance"
Westside Gunn,40551662,692727,,https://www.last.fm/music/Westside+Gunn,0,"rap, Hip-Hop, hip hop"
Deorro,7272602,692651,724ffc08-6987-40b0-b107-03bb95a82b80,https://www.last.fm/music/Deorro,0,"House, dance, electronic"
Alex Clare,9725493,691097,e8c8a3c3-29b6-421e-b977-fb6796231d41,https://www.last.fm/music/Alex+Clare,0,"dubstep, electronic, soul"
Beach Weather,10593341,690851,,https://www.last.fm/music/Beach+Weather,0,"indie, indie rock, seen live"
Mount Kimbie,18623852,690752,4a3a5fc0-af4b-4990-957b-8d94f7bfe706,https://www.last.fm/music/Mount+Kimbie,0,"dubstep, electronic, ambient"
Django Reinhardt,14626450,690544,650bf385-6f6d-4992-a3b9-779d144920a4,https://www.last.fm/music/Django+Reinhardt,0,"jazz, swing, gypsy jazz"
Kevin Abstract,25128720,687877,,https://www.last.fm/music/Kevin+Abstract,0,"Hip-Hop, rnb, hip hop"
Kevin Rudolf,6005810,687579,2a0cce30-071b-4ba9-bf78-ae76c9eb7316,https://www.last.fm/music/Kevin+Rudolf,0,"Hip-Hop, electronic, pop"
Rhye,15688664,687195,aa914efa-d6cb-4816-906f-8edafb08418e,https://www.last.fm/music/Rhye,0,"soul, chillout, indie"
Christina Milian,4629433,686719,78e98e0e-f873-4e5e-b4b7-88b7293fd713,https://www.last.fm/music/Christina+Milian,0,"rnb, pop, female vocalists"
Sonata Arctica,61737008,686506,319b1175-ced9-438f-986b-9239c3edd92d,https://www.last.fm/music/Sonata+Arctica,0,"Power metal, metal, melodic metal"
Forever the Sickest Kids,14104310,686422,5c6f8874-cb53-4f4d-9168-cc2af8c7ecf9,https://www.last.fm/music/Forever+the+Sickest+Kids,0,"pop punk, powerpop, rock"
The Heavy,11552285,686374,ea99eec5-bd72-4b4f-86e4-54c5a34f7e10,https://www.last.fm/music/The+Heavy,0,"funk, soul, indie"
Ronan Keating,6406567,686011,f1cd545b-f17b-4d3a-98de-68b695bfe211,https://www.last.fm/music/Ronan+Keating,0,"pop, irish, male vocalists"
Andy Grammer,8315886,685771,9e60ea29-9607-4f7d-aa96-2092ef41f0d3,https://www.last.fm/music/Andy+Grammer,0,"pop, singer-songwriter, acoustic"
Natalia Kills,13827869,684869,bc2ed01e-bca4-410c-a081-e12cf1f0b567,https://www.last.fm/music/Natalia+Kills,0,"pop, female vocalists, dark pop"
Ying Yang Twins,4568445,684218,2e80ba15-ec0f-4bd4-b263-7e0671f38255,https://www.last.fm/music/Ying+Yang+Twins,0,"rap, Hip-Hop, Crunk"
Chris de Burgh,6552585,684140,0c2d1de8-fc3a-4ca9-a90b-eea69a5968a5,https://www.last.fm/music/Chris+de+Burgh,0,"pop, soft rock, 80s"
Harry Belafonte,5131613,683777,49c48b7f-1ff1-4f02-a1aa-ca1254b46ef2,https://www.last.fm/music/Harry+Belafonte,0,"calypso, oldies, swing"
The Moldy Peaches,10478560,683399,6830e150-6233-4255-ab97-6e2e38759637,https://www.last.fm/music/The+Moldy+Peaches,0,"indie, anti-folk, Lo-Fi"
Cradle of Filth,39684177,683327,7e26cbe1-b8f5-4215-af82-e43d5f8ff308,https://www.last.fm/music/Cradle+of+Filth,0,"black metal, Symphonic Black Metal, Gothic Metal"
Emancipator,25927258,683324,aa1d4315-5246-42b2-b62b-f997d046d8b2,https://www.last.fm/music/Emancipator,0,"trip-hop, downtempo, electronic"
Ten Years After,6680394,683048,73faa89a-ee00-4e40-b68e-80e4891dbc45,https://www.last.fm/music/Ten+Years+After,0,"blues rock, classic rock, rock"
The Starting Line,14555250,682962,9701356d-08d9-45ba-975d-977ab466e7be,https://www.last.fm/music/The+Starting+Line,0,"pop punk, emo, seen live"
Mr. Big,10853721,682711,bd1180c4-4252-461f-94dc-543906c02522,https://www.last.fm/music/Mr.+Big,0,"hard rock, rock, classic rock"
Maxwell,8742378,682623,d252cca8-8214-43e5-b81a-101eb4a1447e,https://www.last.fm/music/Maxwell,0,"soul, Neo-Soul, rnb"
Twin Shadow,15146456,681771,8d831383-b22b-4237-8059-12bee111e4b6,https://www.last.fm/music/Twin+Shadow,0,"seen live, electronic, dream pop"
Maluma,18058051,681462,e8979f75-9110-4df8-ac70-898898d080d1,https://www.last.fm/music/Maluma,0,"mierda, Brutal Death Metal, black metal"
Can,17379893,681429,f3372768-06b5-4b1f-8f85-857dd758c42c,https://www.last.fm/music/Can,0,"krautrock, experimental, psychedelic"
Yiruma,17381474,681210,841db5c8-7072-4b89-9bdb-0a0bd0e9d357,https://www.last.fm/music/Yiruma,0,"piano, instrumental, Classical"
Liz Phair,11535566,680754,149326c2-b8a3-48e3-b3d2-9b5b9593127f,https://www.last.fm/music/Liz+Phair,0,"female vocalists, alternative, rock"
Robert Plant,8962765,680655,bd53f9a7-8be9-46b0-bf7d-1deea3cb57bc,https://www.last.fm/music/Robert+Plant,0,"classic rock, rock, hard rock"
Gil Scott-Heron,11507094,680596,b5b89643-c488-4f39-a302-25cab31084a5,https://www.last.fm/music/Gil+Scott-Heron,0,"soul, funk, jazz"
David Gilmour,14818418,680266,1dce970e-34bc-48b2-ab51-48d87544a4c2,https://www.last.fm/music/David+Gilmour,0,"Progressive rock, classic rock, rock"
Alan Silvestri,10846631,680218,f4c53778-e48d-4da4-9ddd-cc007f715d64,https://www.last.fm/music/Alan+Silvestri,0,"Soundtrack, instrumental, composer"
Klaus Badelt,11379430,679560,74ba575f-3420-4d62-8e48-ac473d3c4282,https://www.last.fm/music/Klaus+Badelt,0,"Soundtrack, instrumental, Classical"
Miami Horror,11646381,679105,fa92553b-3cd5-4876-a7db-1d9dfcdf9fa9,https://www.last.fm/music/Miami+Horror,0,"electronic, synthpop, indie"
Snap!,4311542,678536,cd23732d-ffd2-444e-8884-53475d7ac7d9,https://www.last.fm/music/Snap%21,0,"dance, eurodance, 90s"
Mono,18552528,678329,ffe02aed-ef7e-4736-a186-c2f1dd55ce8d,https://www.last.fm/music/Mono,0,"post-rock, instrumental, japanese"
Bryan Ferry,8646520,677846,4ef7a9e2-2cf5-483a-8616-ef7791a98026,https://www.last.fm/music/Bryan+Ferry,0,"glam rock, 80s, new wave"
Wild Nothing,22219082,676918,a181595e-5b84-4439-a5f4-f548ddfb64df,https://www.last.fm/music/Wild+Nothing,0,"dream pop, shoegaze, indie pop"
Ultravox,8688506,676772,7e786a4c-c743-4713-9340-a6f12d8515d4,https://www.last.fm/music/Ultravox,0,"new wave, 80s, synthpop"
Israel Kamakawiwo'ole,7171983,676706,e7ae37b1-624f-47b9-bf4f-53b52ef19528,https://www.last.fm/music/Israel+Kamakawiwo%27ole,0,"Hawaiian, folk, acoustic"
The Glitch Mob,18924584,676692,2e62daef-dc0d-40ad-b430-fd6872e992aa,https://www.last.fm/music/The+Glitch+Mob,0,"glitch, electronic, glitch-hop"
Cute Is What We Aim For,15479851,676678,40a5a225-3279-4d48-bca2-6059ed11b4fc,https://www.last.fm/music/Cute+Is+What+We+Aim+For,0,"pop punk, emo, alternative"
Sister Sledge,5066049,676668,1ed00158-c6a3-45cd-819c-2f91997fc480,https://www.last.fm/music/Sister+Sledge,0,"Disco, soul, funk"
Joe,5472400,676397,d6864f27-532d-4912-af81-d710d58b1f01,https://www.last.fm/music/Joe,0,"rnb, soul, Hip-Hop"
Butthole Surfers,10895094,675240,2339bc21-aa92-4850-86f0-4bb9433910c8,https://www.last.fm/music/Butthole+Surfers,0,"noise rock, alternative, punk"
McFly,32039182,674468,72d3dc3f-3984-42b9-89de-42d6eeb1abf3,https://www.last.fm/music/McFly,0,"pop rock, british, pop"
Inner Circle,4392378,674204,0a5c92c7-4aa7-4324-82ab-8e8e733507cb,https://www.last.fm/music/Inner+Circle,0,"reggae, jamaican, ska"
Blood Red Shoes,16097899,673390,cd830a8f-89d2-4e96-96cb-7a497e51d437,https://www.last.fm/music/Blood+Red+Shoes,0,"indie rock, seen live, indie"
Roberta Flack,5023865,672071,5298bbcb-7330-49bf-a780-2d757f10a20a,https://www.last.fm/music/Roberta+Flack,0,"soul, female vocalists, jazz"
Breakbot,9426458,670507,64c9974f-20a9-491d-bd94-2168cd738e2a,https://www.last.fm/music/Breakbot,0,"electronic, french, Disco"
Xiu Xiu,26749683,670282,8b431ac6-0806-4e4a-9b6b-1734370fa890,https://www.last.fm/music/Xiu+Xiu,0,"experimental, indie, seen live"
The Troggs,4302418,668830,4aec87a5-f33e-4bd6-89f2-0c96188c8372,https://www.last.fm/music/The+Troggs,0,"classic rock, 60s, Garage Rock"
Blue Swede,4431571,668828,f98a61b4-394d-4e1f-a5f3-f747b9494e5a,https://www.last.fm/music/Blue+Swede,0,"classic rock, rock, swedish"
Parliament,7538090,667096,d1947987-9614-49ae-bd36-8000e6b6f7d0,https://www.last.fm/music/Parliament,0,"funk, p-funk, soul"
Finch,15225967,667048,821b90b5-3672-4bf0-831c-643e4f4ba271,https://www.last.fm/music/Finch,0,"emo, screamo, rock"
Laura Branigan,5443350,666751,917976a6-75b1-46af-b57b-71f13de20422,https://www.last.fm/music/Laura+Branigan,0,"80s, pop, female vocalists"
Frightened Rabbit,24558297,666333,dc21d171-7204-4759-9fd0-77d031aeb40c,https://www.last.fm/music/Frightened+Rabbit,0,"seen live, indie, Scottish"
We Came As Romans,20738593,666279,dc0da7d1-231c-4058-8e6e-1c0801848602,https://www.last.fm/music/We+Came+As+Romans,0,"post-hardcore, metalcore, screamo"
Big Brother & The Holding Company,5774131,666022,3cf5a3be-25ef-4408-98fe-e66fee536be1,https://www.last.fm/music/Big+Brother+&+The+Holding+Company,0,"classic rock, Psychedelic Rock, psychedelic"
Desiigner,6953819,665491,,https://www.last.fm/music/Desiigner,0,"Hip-Hop, rap, trap"
From First to Last,16820794,665175,7f36c2ba-a338-402f-861f-390229bfae04,https://www.last.fm/music/From+First+to+Last,0,"post-hardcore, screamo, emo"
Vitalic,12803239,664304,1f064e2d-aa55-4631-8f62-e2c14bbe1f4e,https://www.last.fm/music/Vitalic,0,"electronic, electro, techno"
Circa Survive,36605179,664277,a2496a3c-8f42-4b98-b780-6f8d64f56441,https://www.last.fm/music/Circa+Survive,0,"indie, experimental, alternative"
SWV,6406423,664221,fffc6a35-ae65-48be-bcc0-9d604e05665e,https://www.last.fm/music/SWV,0,"rnb, 90s, female vocalists"
Mudhoney,8877221,663868,e675295a-1efe-4247-aa3b-53b78d0cdffc,https://www.last.fm/music/Mudhoney,0,"Grunge, alternative rock, rock"
!!!,11998099,663245,f26c72d3-e52c-467b-b651-679c73d8e1a7,https://www.last.fm/music/%21%21%21,0,"seen live, electronic, indie"
IAMX,35167988,663030,e4d05411-9a3d-452e-8b0e-a55b86b7cf85,https://www.last.fm/music/IAMX,0,"electronic, synthpop, alternative"
Madeon,16765755,662885,fa1de503-aba7-41fa-a1ed-371b3e87a717,https://www.last.fm/music/Madeon,0,"electronic, dance, french"
Falco,8856752,662675,dcd95aa4-f3ff-492d-a621-8518ada0f58b,https://www.last.fm/music/Falco,0,"80s, pop, new wave"
Com Truise,12603050,662670,51f1ca49-846a-4ef1-b4fa-187ecc88bbe5,https://www.last.fm/music/Com+Truise,0,"chillwave, electronic, Lo-Fi"
Bad Brains,19508576,662345,e919b253-da5b-4aae-a444-6a368376a2d6,https://www.last.fm/music/Bad+Brains,0,"hardcore, hardcore punk, punk"
This Will Destroy You,18438688,661986,9512eed7-a1a9-4e2f-8cac-c10d1448c1ce,https://www.last.fm/music/This+Will+Destroy+You,0,"post-rock, instrumental, ambient"
Captain Beefheart & His Magic Band,15075323,661042,8dcd04e4-7695-4d80-bae9-1d7d680a38ef,https://www.last.fm/music/Captain+Beefheart+&+His+Magic+Band,0,"experimental, psychedelic, Avant-Garde"
The Guess Who,5719692,660840,4c567499-3a26-40e3-9471-20feb6c73767,https://www.last.fm/music/The+Guess+Who,0,"classic rock, rock, Canadian"
Sugarland,6904337,660612,f87b740a-c22b-4fae-9987-1f3e16f840c4,https://www.last.fm/music/Sugarland,0,"country, sugarland, female vocalists"
Badfinger,6834475,660395,44632683-c340-44de-a65d-328212559f91,https://www.last.fm/music/Badfinger,0,"classic rock, power pop, rock"
Big K.R.I.T.,15756741,659256,7e966957-9b0b-4e19-b8a0-4206535d8052,https://www.last.fm/music/Big+K.R.I.T.,0,"Hip-Hop, rap, Southern Hip Hop"
blessthefall,23836905,659145,aafa70a4-2f06-4975-935e-b283fc87de7e,https://www.last.fm/music/blessthefall,0,"post-hardcore, screamo, metalcore"
Blind Pilot,10892762,658453,215f057c-fb64-4b27-abf2-1871e71912d9,https://www.last.fm/music/Blind+Pilot,0,"folk, indie, acoustic"
Gustavo Santaolalla,16412061,658322,3abc3eb1-7318-41d2-a52b-cbe14a14d8a0,https://www.last.fm/music/Gustavo+Santaolalla,0,"Soundtrack, instrumental, acoustic"
Irene Cara,3821708,657931,26358fa2-80c2-47b0-a08b-33817caca7e8,https://www.last.fm/music/Irene+Cara,0,"pop, 80s, female vocalists"
Craig Armstrong,8690225,657851,8f7bf43e-2a13-431a-a274-19e28965fe07,https://www.last.fm/music/Craig+Armstrong,0,"Soundtrack, instrumental, ambient"
Elvis Costello & The Attractions,11411236,656888,8a338e06-d182-46f2-bd16-30a09bc840ba,https://www.last.fm/music/Elvis+Costello+&+The+Attractions,0,"new wave, rock, singer-songwriter"
Pink Martini,10710395,656565,113e0972-077f-423b-9b5f-3cc8a5bafa0f,https://www.last.fm/music/Pink+Martini,0,"jazz, lounge, chillout"
Madlib,21667939,656174,ea9078ef-20ca-4506-81ea-2ae5fe3a42e8,https://www.last.fm/music/Madlib,0,"Hip-Hop, jazz, funk"
Everlast,11241446,656115,ca39d50f-9885-420e-88d6-9c3f64038773,https://www.last.fm/music/Everlast,0,"Hip-Hop, rock, blues"
The Mighty Mighty Bosstones,11253156,655589,779353f3-6401-4cda-a8a2-6fd3ec9bc11b,https://www.last.fm/music/The+Mighty+Mighty+Bosstones,0,"ska, ska punk, punk"
Morphine,23998252,655098,42689657-cbec-4f66-a9ed-80f939ea23ed,https://www.last.fm/music/Morphine,0,"jazz, alternative, rock"
Dillon Francis,7375434,654413,1c294418-722f-45a3-a24d-910f9b6f1502,https://www.last.fm/music/Dillon+Francis,0,"moombahton, dubstep, electro house"
The Gaslight Anthem,40337417,654350,f208f09e-b5b3-4b06-87cd-f7230fae17e3,https://www.last.fm/music/The+Gaslight+Anthem,0,"seen live, punk rock, punk"
Kim Carnes,4058553,654058,600c5212-a8e6-458e-bd3f-78b6fbfe329a,https://www.last.fm/music/Kim+Carnes,0,"80s, pop, female vocalists"
Faces,6395005,654057,8c7a8406-f15a-408d-b0f6-23be813bdddc,https://www.last.fm/music/Faces,0,"classic rock, rock, 70s"
Gloria Estefan,5825776,653915,becd8cc6-a453-4183-af88-dedaaec859a6,https://www.last.fm/music/Gloria+Estefan,0,"latin, pop, female vocalists"
Freddie Mercury,7151009,653620,022589ac-7177-460d-a178-9976cf70e29f,https://www.last.fm/music/Freddie+Mercury,0,"rock, classic rock, Queen"
Kimya Dawson,14433080,653287,ba99a190-6065-4930-be3d-55ecc48e365d,https://www.last.fm/music/Kimya+Dawson,0,"indie, anti-folk, singer-songwriter"
Felix Jaehn,8164824,652903,930448f9-a67a-402f-bc73-2bf6b279afaa,https://www.last.fm/music/Felix+Jaehn,0,"House, electronic, dance"
KRS-One,7060860,652109,fc4568b6-cbe3-4a3d-8409-28510c19e3e2,https://www.last.fm/music/KRS-One,0,"Hip-Hop, rap, hip hop"
Autechre,28576316,651609,410c9baf-5469-44f6-9852-826524b80c61,https://www.last.fm/music/Autechre,0,"idm, electronic, experimental"
Bonnie Raitt,6472012,651437,0f0da09c-3940-4cb5-879f-4cea28907810,https://www.last.fm/music/Bonnie+Raitt,0,"blues, female vocalists, singer-songwriter"
Norman Greenbaum,3725005,651422,8f6ade41-0e4d-477c-9ef7-42591fed1133,https://www.last.fm/music/Norman+Greenbaum,0,"classic rock, rock, 70s"
Syd Barrett,11815447,651354,12327d75-47d5-45d9-84c2-3760b9210c17,https://www.last.fm/music/Syd+Barrett,0,"psychedelic, Psychedelic Rock, singer-songwriter"
Souls of Mischief,8000912,650627,7b61cf8f-c042-4bd4-b64a-25cb40f3dd50,https://www.last.fm/music/Souls+of+Mischief,0,"Hip-Hop, underground hip-hop, rap"
Hatebreed,27802738,650364,40b7efb7-1268-4a80-b354-600afdcbe9e2,https://www.last.fm/music/Hatebreed,0,"hardcore, metalcore, seen live"
The Cab,12990788,650298,91f7a868-d82e-4cfb-9cd9-a2ffd7faac25,https://www.last.fm/music/The+Cab,0,"pop punk, alternative, powerpop"
Lil' Kim,7091407,650188,bc1b5c95-e6d6-46b5-957a-5e8908b02c1e,https://www.last.fm/music/Lil%27+Kim,0,"Hip-Hop, rap, hip hop"
The Charlatans,9335980,649862,e788183b-1ca9-4c79-b3fc-78c924dcedcc,https://www.last.fm/music/The+Charlatans,0,"britpop, indie, madchester"
Charlotte Gainsbourg,13297349,649803,6efa29c6-9995-48e0-9eaf-3809464a39a7,https://www.last.fm/music/Charlotte+Gainsbourg,0,"french, female vocalists, indie"
Dev,7013958,649492,7cc04f00-4c8f-40ea-894c-5f65777b3575,https://www.last.fm/music/Dev,0,"electronic, pop, female vocalists"
Gustav Mahler,6688550,649143,8d610e51-64b4-4654-b8df-064b0fb7a9d9,https://www.last.fm/music/Gustav+Mahler,0,"Classical, romantic, austrian"
Secondhand Serenade,13533257,648674,c4caa34e-57b5-432b-ad9d-7e6543944d96,https://www.last.fm/music/Secondhand+Serenade,0,"acoustic, alternative, emo"
Lenka,9473128,648629,ae9ed5e2-4caf-4b3d-9cb3-2ad626b91714,https://www.last.fm/music/Lenka,0,"female vocalists, pop, indie pop"
Dario Marianelli,10892599,647507,9af7a998-33f9-4900-9396-9b5e1862298d,https://www.last.fm/music/Dario+Marianelli,0,"Soundtrack, instrumental, composer"
Duck Sauce,5331329,647467,5269d3d2-63c6-4b8f-8200-6908ffa365d5,https://www.last.fm/music/Duck+Sauce,0,"House, electronic, DIsco House"
Big Boi,10462587,647217,9724aa19-fdf9-49d0-9f9d-944e462e2a5c,https://www.last.fm/music/Big+Boi,0,"Hip-Hop, rap, seen live"
Josh Groban,11675112,646927,12be5b16-915f-44bc-978a-8ddfab235b79,https://www.last.fm/music/Josh+Groban,0,"Classical, pop, opera"
Zella Day,9284216,646922,84f246f7-663b-40cf-a66f-336e8b314836,https://www.last.fm/music/Zella+Day,0,"pop, indie, indie pop"
Youth Lagoon,14105337,646821,4a18722d-5a98-41c8-9e86-814afbffc704,https://www.last.fm/music/Youth+Lagoon,0,"dream pop, Lo-Fi, indie"
Blockhead,14063454,646564,3bd76ebe-c7dc-47bd-a8af-9e46d2a4f782,https://www.last.fm/music/Blockhead,0,"trip-hop, downtempo, ninja tune"
Sigala,9680473,646425,,https://www.last.fm/music/Sigala,0,"dance, House, electronic"
Benny Goodman,6612150,645549,b09ae88f-4156-4caa-b129-1cacb5e1632e,https://www.last.fm/music/Benny+Goodman,0,"jazz, swing, Big Band"
Harry Gregson-Williams,13377857,645468,8974da95-e631-45aa-8fd7-aa0c2795f997,https://www.last.fm/music/Harry+Gregson-Williams,0,"Soundtrack, instrumental, Classical"
Jackie Wilson,4574711,645413,f0bf4fa0-028e-452f-82d3-7d4375e105dd,https://www.last.fm/music/Jackie+Wilson,0,"soul, rhythm and blues, oldies"
112,4501530,644049,9132d515-dc0e-4494-85ae-20f06eed14f9,https://www.last.fm/music/112,0,"rnb, soul, Hip-Hop"
Jagged Edge,4663379,643468,8b4d99eb-7a54-4648-b299-8e1564d11385,https://www.last.fm/music/Jagged+Edge,0,"rnb, jagged edge, soul"
Jack Stauber,15199919,642889,,https://www.last.fm/music/Jack+Stauber,0,"indie pop, hypnagogic pop, zolo"
Todd Rundgren,9498151,642873,1a9a8ca0-ea8e-4e9e-96aa-288155bb2c5d,https://www.last.fm/music/Todd+Rundgren,0,"classic rock, rock, Progressive rock"
Destroyer,19487447,642297,e39cdc7d-5eed-453b-859b-1ac62478f46a,https://www.last.fm/music/Destroyer,0,"indie, seen live, indie rock"
Asia,7425501,642153,8f695099-c714-4ad0-8888-36eca37fee84,https://www.last.fm/music/Asia,0,"Progressive rock, classic rock, rock"
Hardwell,14004388,641935,170d6637-36e0-49dd-a225-c4fd5b77a285,https://www.last.fm/music/Hardwell,0,"House, Progressive House, electro house"
Helios,15182566,641678,dbb0b8b3-9a15-4915-80eb-a070dabdb1f3,https://www.last.fm/music/Helios,0,"ambient, electronic, idm"
Thursday,22713702,641333,0acae232-d31a-4211-b6d0-6af1b6350274,https://www.last.fm/music/Thursday,0,"post-hardcore, emo, screamo"
The Ink Spots,8323171,641180,75f47650-8a52-494a-8334-c5279bc6db09,https://www.last.fm/music/The+Ink+Spots,0,"jazz, swing, 40s"
The Future Sound of London,13628369,640882,a1d77dd4-8728-4a47-bdfa-9663d791139c,https://www.last.fm/music/The+Future+Sound+of+London,0,"ambient, electronic, idm"
Kyuss,30047337,640597,ea0f2a37-7007-4217-a812-396227f5013a,https://www.last.fm/music/Kyuss,0,"Stoner Rock, desert rock, stoner"
Wavves,21701084,639075,763cf642-45ad-42ed-a1c3-e977eaa3b260,https://www.last.fm/music/Wavves,0,"Lo-Fi, noise pop, noise rock"
Redman,8377239,639046,1f1f6737-b930-46fc-8d25-110bb99f7490,https://www.last.fm/music/Redman,0,"Hip-Hop, rap, hip hop"
DIIV,21284204,638800,b5ff61dd-0154-4e80-b46b-c733f87db602,https://www.last.fm/music/DIIV,0,"shoegaze, dream pop, Lo-Fi"
Anathema,59960845,638391,649ce5ae-2bb9-441f-a4a2-ec2ba6977853,https://www.last.fm/music/Anathema,0,"doom metal, Progressive rock, Progressive metal"
The Knack,3742416,637710,ac045e87-bbe6-442d-981b-7279fd8f483a,https://www.last.fm/music/The+Knack,0,"rock, new wave, classic rock"
Ray Parker Jr.,2982028,637676,af9c073c-f230-4527-8fcd-2338fe1e129e,https://www.last.fm/music/Ray+Parker+Jr.,0,"80s, pop, Soundtrack"
Moderat,28302693,637665,7754905b-8bf7-48e2-935a-03d566fec464,https://www.last.fm/music/Moderat,0,"electronic, idm, seen live"
Andrew Lloyd Webber,15278128,637240,980ee2d8-2ee9-407b-b48e-48360fbc7437,https://www.last.fm/music/Andrew+Lloyd+Webber,0,"musical, Soundtrack, Classical"
Fine Young Cannibals,4626922,637237,23b0f3d6-ba54-4597-a1c7-24c6dd348ef7,https://www.last.fm/music/Fine+Young+Cannibals,0,"80s, pop, new wave"
Bridgit Mendler,9993956,636380,f59f7cee-8f6a-4a6f-b23c-f3b5fdf6208f,https://www.last.fm/music/Bridgit+Mendler,0,"pop, Disney, female vocalists"
Richard Marx,5633900,635004,e33c460f-011a-469a-b934-08932a3729c4,https://www.last.fm/music/Richard+Marx,0,"pop, 80s, soft rock"
Eric Church,10884689,634717,15856215-cc51-4423-879c-9ac955ccb11a,https://www.last.fm/music/Eric+Church,0,"country, modern country, eric church"
Mr. Mister,4271282,633598,5c01e170-1302-4e75-a10c-d9e440b0c68f,https://www.last.fm/music/Mr.+Mister,0,"80s, pop, rock"
65daysofstatic,32765934,633479,0cd12ab3-9628-45ef-a97b-ff18624f14a0,https://www.last.fm/music/65daysofstatic,0,"post-rock, instrumental, experimental"
The Damned,10976405,633265,77d21c13-846f-4f48-9546-873949eff6ae,https://www.last.fm/music/The+Damned,0,"punk, punk rock, post-punk"
Joe Satriani,25424521,633262,29762c82-bb92-4acd-b1fb-09cc4da250d2,https://www.last.fm/music/Joe+Satriani,0,"guitar virtuoso, instrumental rock, rock"
Killing Joke,14532975,632906,f5aca88c-e3c1-4bc2-af33-68a9a9f7b56a,https://www.last.fm/music/Killing+Joke,0,"post-punk, industrial, new wave"
DJ Krush,13600348,632423,38d16213-25ba-450d-8665-4e08548e62e3,https://www.last.fm/music/DJ+Krush,0,"trip-hop, electronic, Hip-Hop"
Great Lake Swimmers,9984851,631730,64deac19-021e-4dc1-8d11-658be8763589,https://www.last.fm/music/Great+Lake+Swimmers,0,"folk, indie, Canadian"
Saba,24559764,631583,c2311581-df24-451e-8232-a9dcee3bfa62,https://www.last.fm/music/Saba,0,"hip hop, seen live, rap"
Ram Jam,3698340,631561,f2be3d59-c508-492b-a553-056fc8a7e7b0,https://www.last.fm/music/Ram+Jam,0,"classic rock, rock, hard rock"
Bachman-Turner Overdrive,4787223,631555,7a3b3f80-04b8-4968-b432-fbcd3f350716,https://www.last.fm/music/Bachman-Turner+Overdrive,0,"classic rock, rock, hard rock"
Electric Guest,9547088,631007,01202233-d155-4cfa-83bf-55dc776bc309,https://www.last.fm/music/Electric+Guest,0,"indie pop, indie, electronic"
Deerhoof,16944710,630792,11eabe0c-2638-4808-92f9-1dbd9c453429,https://www.last.fm/music/Deerhoof,0,"experimental, seen live, indie"
Biosphere,16710318,630286,a5ee1ebe-a645-45d2-8319-d101fe62e581,https://www.last.fm/music/Biosphere,0,"ambient, electronic, experimental"
Sonny Rollins,6191755,630149,eb34b261-d9da-4ab4-abd3-34e7690d80ef,https://www.last.fm/music/Sonny+Rollins,0,"jazz, saxophone, bebop"
HammerFall,29823766,629786,abf5f674-dbad-4219-b3ad-dbd6fb163c8e,https://www.last.fm/music/HammerFall,0,"Power metal, heavy metal, metal"
Accept,18396306,629719,41f4d85a-0bd7-4602-a3e3-8c47f36efb0a,https://www.last.fm/music/Accept,0,"heavy metal, hard rock, metal"
Mirah,11519253,629601,e4c226f2-ba57-483f-be6b-3391112244b8,https://www.last.fm/music/Mirah,0,"indie, female vocalists, singer-songwriter"
Eddie Money,4665225,629304,0e990816-cb3e-4930-a2eb-77909e42cd66,https://www.last.fm/music/Eddie+Money,0,"classic rock, rock, 80s"
Ride,14742673,629194,3f575ecd-627d-4f08-a89f-abd46d469c7e,https://www.last.fm/music/Ride,0,"shoegaze, dream pop, indie"
Lianne La Havas,13619541,628008,680466d6-f05b-44f6-858d-625d1b5087f6,https://www.last.fm/music/Lianne+La+Havas,0,"soul, british, female vocalists"
Diddy - Dirty Money,4325768,627232,480cdd78-e54e-4518-9ec9-572a62d7e1e1,https://www.last.fm/music/Diddy+-+Dirty+Money,0,"Hip-Hop, rnb, rap"
"Royce da 5'9""",7030226,627215,,https://www.last.fm/music/Royce+da+5%279%22,0,"Hip-Hop, rap, detroit"
Grand Funk Railroad,6951921,626788,103241b0-6adf-4b4f-9cff-5c87459f61a4,https://www.last.fm/music/Grand+Funk+Railroad,0,"classic rock, hard rock, rock"
Slade,6430708,626182,2e700147-56a3-416b-a95d-381ea42f947f,https://www.last.fm/music/Slade,0,"glam rock, classic rock, hard rock"
Ritchie Valens,3872420,625937,5222714d-21ee-4061-87f7-c749f1586790,https://www.last.fm/music/Ritchie+Valens,0,"Rock and Roll, rockabilly, 50s"
Dizzy Gillespie,5707898,625657,e9ba8ccb-505f-4e5c-b909-65998d0d35b5,https://www.last.fm/music/Dizzy+Gillespie,0,"jazz, bebop, trumpet"
Wax Tailor,14177609,625623,c24b47a1-2f52-44f3-a3c6-374dca844731,https://www.last.fm/music/Wax+Tailor,0,"trip-hop, downtempo, electronic"
Bag Raiders,8382875,625461,6a3d87ad-dd71-4e8f-b8dd-78b61e0e7fe6,https://www.last.fm/music/Bag+Raiders,0,"electronic, dance, electro"
Maria Mena,12631872,625446,88679ca2-2080-4cea-8669-41ab4b8d865d,https://www.last.fm/music/Maria+Mena,0,"female vocalists, pop, singer-songwriter"
Phosphorescent,9732597,625430,739da2f1-0741-4c60-a6ed-f42d49bf2eb1,https://www.last.fm/music/Phosphorescent,0,"folk, singer-songwriter, seen live"
Cashmere Cat,8373804,625163,8fbcd70f-bf1e-4624-b94a-fcff6b0c637e,https://www.last.fm/music/Cashmere+Cat,0,"electronic, chillwave, seen live"
Glen Hansard,10268871,625116,57f89cad-d2ef-48df-9119-8287b106716a,https://www.last.fm/music/Glen+Hansard,0,"singer-songwriter, irish, acoustic"
Ringo Starr,5048287,625047,300c4c73-33ac-4255-9d57-4e32627f5e13,https://www.last.fm/music/Ringo+Starr,0,"classic rock, rock, british"
Louis Prima,4976575,624812,b5997eef-2516-491a-a10e-5cee842bbcdc,https://www.last.fm/music/Louis+Prima,0,"swing, jazz, Big Band"
Black Lips,13439095,624113,e940d7a3-01d0-468c-86ea-5dc4d89dcf80,https://www.last.fm/music/Black+Lips,0,"seen live, Garage Rock, Garage Punk"
Hot Chelle Rae,6422675,623983,20aee940-3b65-4d04-8768-9a5918db2973,https://www.last.fm/music/Hot+Chelle+Rae,0,"rock, pop, alternative"
Our Lady Peace,13359519,622689,78661da3-894c-4947-a34b-fb7edf585d9b,https://www.last.fm/music/Our+Lady+Peace,0,"rock, alternative, alternative rock"
Paul Kalkbrenner,21818504,622670,a5f92d47-b562-4582-b267-71963a515f4c,https://www.last.fm/music/Paul+Kalkbrenner,0,"minimal, electronic, techno"
Joe Walsh,4617921,622623,c6f5969f-1f65-465c-8603-ec2d1e31e39d,https://www.last.fm/music/Joe+Walsh,0,"classic rock, rock, Southern Rock"
Epica,47936956,622529,dd5b4384-84ae-4d04-a27c-4d79a74757a1,https://www.last.fm/music/Epica,0,"symphonic metal, Gothic Metal, Female fronted metal"
Michael Bolton,5216945,622368,e8bee5d1-a3a5-4c1a-ada4-f1ca22101e84,https://www.last.fm/music/Michael+Bolton,0,"pop, soft rock, soul"
Deep Blue Something,3562484,621515,ae3f6a8a-c465-4707-8667-8ce0172bc417,https://www.last.fm/music/Deep+Blue+Something,0,"rock, pop, 90s"
The Band Perry,5745012,621454,28955336-2348-488a-9381-e3a7b0107343,https://www.last.fm/music/The+Band+Perry,0,"country, female vocalists, modern country"
Marc Anthony,7340851,621338,25607613-aceb-445a-8519-83a2ee0f8402,https://www.last.fm/music/Marc+Anthony,0,"salsa, latin, pop"
Battles,16982044,620829,8522b9b6-b295-48d7-9a10-8618fb80beb8,https://www.last.fm/music/Battles,0,"math rock, experimental, seen live"
Booka Shade,12005823,620632,9940c604-2456-4193-a403-ab18420bc1e9,https://www.last.fm/music/Booka+Shade,0,"minimal, electronic, House"
Faith Evans,4478807,620258,ebcd0bad-75ef-4203-b7b3-7af38a9ef198,https://www.last.fm/music/Faith+Evans,0,"rnb, soul, female vocalists"
The J. Geils Band,3986693,620083,43b9b30b-f719-464a-8bf3-07c294c257b2,https://www.last.fm/music/The+J.+Geils+Band,0,"classic rock, rock, 80s"
Hammock,21928523,618577,5b9d784c-33eb-4a78-a976-c97b672370fa,https://www.last.fm/music/Hammock,0,"post-rock, ambient, instrumental"
Mýa,4849423,618131,7c5e39c3-7645-4e37-968d-a4e45cd38c5d,https://www.last.fm/music/M%C3%BDa,0,"rnb, female vocalists, soul"
Fats Domino,5132195,618022,e787de5d-49e2-4b1f-9bde-1fd3a671b971,https://www.last.fm/music/Fats+Domino,0,"blues, rhythm and blues, rock n roll"
Gayle,6861551,617775,,https://www.last.fm/music/Gayle,0,"pop, female vocalists, USA"
Midnight Oil,8026937,617595,05072650-4b05-4e8b-83d0-dba2576e306a,https://www.last.fm/music/Midnight+Oil,0,"rock, australian, 80s"
The Saturdays,14904383,616654,04b61dcd-28c9-4a3a-89af-4c290535845b,https://www.last.fm/music/The+Saturdays,0,"pop, british, female vocalists"
Immortal Technique,12790053,616612,ef4db186-ff43-4708-a713-3ce1e05657a1,https://www.last.fm/music/Immortal+Technique,0,"Hip-Hop, rap, underground hip-hop"
Cannibal Corpse,36576596,616360,af8e4cc5-ef54-458d-a194-7b210acf638f,https://www.last.fm/music/Cannibal+Corpse,0,"death metal, Brutal Death Metal, seen live"
Oscar Peterson,7159507,615980,ed801bdd-f057-41c0-94fb-76cb5676cd59,https://www.last.fm/music/Oscar+Peterson,0,"jazz, piano, jazz piano"
Warrant,6031935,615560,a00df488-9c2c-494a-a46c-840cb153302a,https://www.last.fm/music/Warrant,0,"hard rock, hair metal, 80s"
Swans,41413815,615542,3285dc48-9505-469d-ad8a-bdf2d3dba632,https://www.last.fm/music/Swans,0,"post-punk, industrial, experimental"
Sea Wolf,8078256,615157,81be1ffb-da44-4449-abdb-40d5b34192f9,https://www.last.fm/music/Sea+Wolf,0,"indie, singer-songwriter, indie pop"
The Backseat Lovers,18888317,615118,,https://www.last.fm/music/The+Backseat+Lovers,0,"indie rock, seen live, rock"
Tiga,7247526,615064,6ee8934a-6970-4dce-b2ac-53a93a41af21,https://www.last.fm/music/Tiga,0,"electronic, electro, Electroclash"
Warren Zevon,9964944,614899,970fb29f-e288-403e-a388-d2a7889bfa47,https://www.last.fm/music/Warren+Zevon,0,"singer-songwriter, rock, classic rock"
Cannonball Adderley,5970053,613888,a4c73ebe-b2c7-4f13-b99d-2fe1f9f27da8,https://www.last.fm/music/Cannonball+Adderley,0,"jazz, saxophone, bebop"
Title Fight,37949275,613823,1154d345-8061-4d04-a52a-6214288523ac,https://www.last.fm/music/Title+Fight,0,"melodic hardcore, pop punk, punk"
Grace Jones,8310783,613075,b1c124b3-cf60-41a6-8699-92728c8a3fe0,https://www.last.fm/music/Grace+Jones,0,"Disco, new wave, pop"
Tonic,4813054,612784,ed8e4b83-27de-4bac-8bce-18c7d5505ff6,https://www.last.fm/music/Tonic,0,"rock, alternative rock, alternative"
DJ Jazzy Jeff & The Fresh Prince,3356588,612325,a663d7d0-754b-40e2-9ea3-3c6c39fd5937,https://www.last.fm/music/DJ+Jazzy+Jeff+&+The+Fresh+Prince,0,"Hip-Hop, rap, hip hop"
Bladee,207466887,611928,cd689e77-dfdd-4f81-b50c-5e5a3f5e38a4,https://www.last.fm/music/Bladee,0,"cloud rap, drain, Hip-Hop"
Deee-Lite,4650185,611748,83d401e8-3322-4491-98d3-ec3a567c5047,https://www.last.fm/music/Deee-Lite,0,"dance, pop, electronic"
Liam Payne,9179331,611311,,https://www.last.fm/music/Liam+Payne,0,"pop, FLOP, one direction"
Wes Montgomery,7768291,611069,663f8232-8c46-4851-803f-a91d31593b14,https://www.last.fm/music/Wes+Montgomery,0,"jazz, jazz guitar, guitar"
Q-Tip,7320595,610695,,https://www.last.fm/music/Q-Tip,0,"Hip-Hop, rap, hip hop"
Phillip Phillips,8431242,610282,838483d3-a803-4194-9754-ad634fba8553,https://www.last.fm/music/Phillip+Phillips,0,"folk, rock, American Idol"
AlunaGeorge,11256299,609952,e9da3ed5-eb9a-4f70-a0ed-4e59e380601f,https://www.last.fm/music/AlunaGeorge,0,"electronic, trip-hop, seen live"
Naughty By Nature,4843815,609877,3bdcd49d-212e-4f4f-877a-eac1e4a2bddc,https://www.last.fm/music/Naughty+By+Nature,0,"Hip-Hop, rap, old school"
Rupert Holmes,3950048,609719,3e7ef7ed-18c1-436d-b946-7e7e63ace408,https://www.last.fm/music/Rupert+Holmes,0,"pop, soft rock, 70s"
The Pains of Being Pure at Heart,15681728,609535,46f4e349-ddec-4131-9367-91b630a821d0,https://www.last.fm/music/The+Pains+of+Being+Pure+at+Heart,0,"shoegaze, indie pop, dream pop"
Scouting for Girls,8599129,609278,854b0687-f9fc-4109-b59f-dbe84ebc5de6,https://www.last.fm/music/Scouting+for+Girls,0,"indie, british, indie pop"
Townes Van Zandt,15312139,609013,d67d1a21-6e45-4dd6-aef0-0191ba3796e0,https://www.last.fm/music/Townes+Van+Zandt,0,"folk, singer-songwriter, country"
Saint Etienne,10794526,608365,3997d4a6-c2bd-4191-8406-eb07f0abb5d2,https://www.last.fm/music/Saint+Etienne,0,"electronic, pop, indie pop"
Ozuna,16028350,608109,,https://www.last.fm/music/Ozuna,0,"Reggaeton, latin, puerto rico"
Bahamas,7877761,607739,294d06f7-fd1f-4cbe-a433-bb9cd6ac937b,https://www.last.fm/music/Bahamas,0,"seen live, Canadian, singer-songwriter"
Count Basie,5805821,607296,0dbd6300-efdc-420b-857e-895e18fad317,https://www.last.fm/music/Count+Basie,0,"jazz, swing, Big Band"
Josh Turner,5919557,606686,a19d4ee1-091c-4884-a1cd-e959fd581576,https://www.last.fm/music/Josh+Turner,0,"country, modern country, josh turner"
The Lemonheads,9237852,606395,58a53082-a629-4ff1-a44d-7492d6f6e8fb,https://www.last.fm/music/The+Lemonheads,0,"alternative, indie, alternative rock"
Rag'n'Bone Man,8337377,606171,,https://www.last.fm/music/Rag%27n%27Bone+Man,0,"soul, blues, seen live"
Dead Can Dance,34819860,606013,ccda046a-2674-4f7d-97e6-f23d6c156432,https://www.last.fm/music/Dead+Can+Dance,0,"ambient, ethereal, darkwave"
Boyce Avenue,16153836,605420,0e517f4b-6d89-48f0-8a11-16416bd0fdcb,https://www.last.fm/music/Boyce+Avenue,0,"acoustic, alternative, rock"
Chiodos,20417919,604566,b755836a-0cb6-4577-a678-55a5a6402d70,https://www.last.fm/music/Chiodos,0,"post-hardcore, screamo, hardcore"
Blues Traveler,6174024,603961,6b28ecf0-94e6-48bb-aa2a-5ede325b675b,https://www.last.fm/music/Blues+Traveler,0,"blues, rock, blues rock"
Saves the Day,24349160,603959,593f8594-83ad-4df4-a9b8-e4d225f55440,https://www.last.fm/music/Saves+the+Day,0,"emo, seen live, pop punk"
The Unicorns,11162139,603918,603c5f9f-492a-4f21-9d6f-1642a5dbea2d,https://www.last.fm/music/The+Unicorns,0,"indie, indie pop, indie rock"
Juvenile,3591875,603887,ba9afaf0-ef3a-42a6-afe0-f924193629bb,https://www.last.fm/music/Juvenile,0,"rap, Hip-Hop, Dirty South"
Sleater-Kinney,21101826,602890,e36e78eb-3ace-4acd-882c-16789e700ab7,https://www.last.fm/music/Sleater-Kinney,0,"riot grrrl, indie rock, indie"
Gabrielle Aplin,10683022,602890,4abebe04-1e85-427b-9950-563945850f2e,https://www.last.fm/music/Gabrielle+Aplin,0,"acoustic, indie pop, female vocalists"
The Get Up Kids,17074432,602779,1b54e90c-638e-4fdd-a20e-4ab09db9fdaf,https://www.last.fm/music/The+Get+Up+Kids,0,"emo, indie, seen live"
Celldweller,28268504,602444,fad8967c-a327-4af5-a64a-d4de66ece652,https://www.last.fm/music/Celldweller,0,"industrial, electronic, industrial rock"
Soulwax,10206194,601951,68ec1b08-3c2e-40b3-b0af-8f323743fdff,https://www.last.fm/music/Soulwax,0,"electronic, seen live, alternative"
Bomfunk MC's,5946667,601729,5dfbf314-2052-4c3b-9a7a-5270fb3b2a55,https://www.last.fm/music/Bomfunk+MC%27s,0,"electronic, breakbeat, dance"
Coal Chamber,8860151,601595,f3430779-bbec-437b-944d-1fbf45d2e786,https://www.last.fm/music/Coal+Chamber,0,"Nu Metal, metal, industrial"
Men Without Hats,4341743,600671,bcabb743-60ed-406b-94da-9bf82e032e58,https://www.last.fm/music/Men+Without+Hats,0,"new wave, 80s, synthpop"
Joan Osborne,4463141,600033,746916c9-fd36-44e6-823d-03185e596f58,https://www.last.fm/music/Joan+Osborne,0,"female vocalists, rock, singer-songwriter"
BROODS,11648602,600004,68205c8f-9518-4b49-8df7-bd297da67599,https://www.last.fm/music/BROODS,0,"electronic, indie pop, dream pop"
Ike & Tina Turner,4138797,599928,b66fa5c1-ebab-402a-865d-26acaf8de3d5,https://www.last.fm/music/Ike+&+Tina+Turner,0,"soul, rhythm and blues, blues"
Foghat,4023584,599712,3cc3942d-bbfc-446d-a8f4-f0e1e238ca86,https://www.last.fm/music/Foghat,0,"classic rock, hard rock, rock"
SG Lewis,9584682,599216,,https://www.last.fm/music/SG+Lewis,0,"electronic, chillwave, pop"
Damien Jurado,11420874,598540,f4805b9d-68f8-438e-8f13-ec7bcb4c8581,https://www.last.fm/music/Damien+Jurado,0,"folk, singer-songwriter, indie"
Vitamin String Quartet,11751926,598496,56cfe6aa-b464-43d2-bec7-8ec52f313e7d,https://www.last.fm/music/Vitamin+String+Quartet,0,"instrumental, Classical, covers"
The Knocks,7378630,598430,9157ad72-3893-47da-986a-0aa7313f7429,https://www.last.fm/music/The+Knocks,0,"electronic, seen live, synthpop"
Tommy James & The Shondells,4247658,598163,a159ba9e-8be9-4d42-9796-efa37b48cb8a,https://www.last.fm/music/Tommy+James+&+The+Shondells,0,"60s, classic rock, oldies"
Screaming Trees,8147006,598022,eda2c063-886b-4150-8665-2858fbeb737f,https://www.last.fm/music/Screaming+Trees,0,"Grunge, alternative rock, rock"
Cursive,18754673,597893,c4153c51-b4ac-4183-beb3-c5dbfce39176,https://www.last.fm/music/Cursive,0,"indie, indie rock, seen live"
Wiley,7868645,597656,d0f61299-9caa-4e6b-8b10-2839de120b27,https://www.last.fm/music/Wiley,0,"Grime, Hip-Hop, rap"
Mount Eerie,19390272,597444,e5306b29-16c0-4520-bb05-6b21f041b2f0,https://www.last.fm/music/Mount+Eerie,0,"Lo-Fi, folk, seen live"
O-Zone,4359649,597178,5cb608ea-bd36-4a33-b9a5-822c7fc4194d,https://www.last.fm/music/O-Zone,0,"dance, pop, Romanian"
Quasimoto,17274180,596597,b614843c-bec3-421f-9af1-03169cdd4b63,https://www.last.fm/music/Quasimoto,0,"Hip-Hop, underground hip-hop, hip hop"
SoKo,11366129,595848,c0dd8604-9b6d-4a2c-999d-be7acef71b75,https://www.last.fm/music/SoKo,0,"indie, french, female vocalists"
Katatonia,67991504,595293,61ed9c9c-79eb-4e8f-8015-bd599ac0ab49,https://www.last.fm/music/Katatonia,0,"doom metal, Progressive metal, depressive rock"
Oingo Boingo,15884713,595078,166bc1cb-a2b7-412d-bcd5-5f439d2cf5f1,https://www.last.fm/music/Oingo+Boingo,0,"new wave, 80s, rock"
Shontelle,3942752,594837,cfb2b49e-a921-4171-b089-853d9fc16d2c,https://www.last.fm/music/Shontelle,0,"rnb, pop, female vocalists"
Soilwork,40323770,594175,d8d1b067-78bb-4db7-8f91-db2ff9a83ee5,https://www.last.fm/music/Soilwork,0,"Melodic Death Metal, metal, death metal"
CKY,12604268,593942,4ed35152-5207-4101-8904-6cb5d159b545,https://www.last.fm/music/CKY,0,"rock, hard rock, alternative rock"
Midlake,13439603,593343,da90b5da-349e-4906-a0b4-805f5e46190d,https://www.last.fm/music/Midlake,0,"indie, seen live, indie rock"
Meshuggah,36449312,593327,cf8b3b8c-118e-4136-8d1d-c37091173413,https://www.last.fm/music/Meshuggah,0,"Progressive metal, math metal, Technical Metal"
Ray J,2964972,593203,9a07de5c-37e5-4907-ac77-ba9674a9bd6a,https://www.last.fm/music/Ray+J,0,"rnb, Hip-Hop, soul"
Sam Feldt,8087726,593041,,https://www.last.fm/music/Sam+Feldt,0,"House, electronic, dance"
Jon Brion,11413740,592700,a32e4aac-1db8-4dc6-be34-a813c4530627,https://www.last.fm/music/Jon+Brion,0,"Soundtrack, instrumental, indie"
Ry x,8850568,592424,3b4cd16e-3a25-4c7b-ada6-33f5ea91e1b1,https://www.last.fm/music/Ry+x,0,"seen live, indie, folk"
Brian McKnight,5081643,591865,bf75ef89-7b4c-4771-ac43-4d5c10617190,https://www.last.fm/music/Brian+McKnight,0,"rnb, soul, Brian McKnight"
The Blues Brothers,8494794,591636,7252abc2-dfc8-4aa6-889f-2d168b265403,https://www.last.fm/music/The+Blues+Brothers,0,"blues, rhythm and blues, soul"
Big Star,11730408,591370,21d177ba-3d51-461e-9b3f-ad9a80b419dc,https://www.last.fm/music/Big+Star,0,"power pop, rock, 70s"
Crash Test Dummies,6069729,591151,afb8f901-d846-4c70-a898-59bc183d1da7,https://www.last.fm/music/Crash+Test+Dummies,0,"rock, alternative, alternative rock"
Ane Brun,12454589,590539,d735497b-25f9-4503-8fb5-f50150730c18,https://www.last.fm/music/Ane+Brun,0,"singer-songwriter, female vocalists, norwegian"
Camille,8944107,590510,a5511b19-c0af-4886-ab1a-042980644dd2,https://www.last.fm/music/Camille,0,"french, female vocalists, chanson francaise"
Daniel Johnston,15370806,590488,8a7ca8b0-d23c-4eff-8fe9-6220ba5c9c76,https://www.last.fm/music/Daniel+Johnston,0,"Lo-Fi, singer-songwriter, indie"
The Orb,9563689,590273,42c14c80-bd17-47e4-9bb2-a35897638c4d,https://www.last.fm/music/The+Orb,0,"ambient, electronic, chillout"
Suicidal Tendencies,14674465,590140,e9e2a634-984f-4c10-bf7b-7970179e1ef1,https://www.last.fm/music/Suicidal+Tendencies,0,"hardcore, crossover, thrash metal"
Flobots,9638682,589786,7892c869-1e2b-4b38-8540-4caff7dd2b49,https://www.last.fm/music/Flobots,0,"Hip-Hop, political, indie"
Paula Abdul,4970140,589641,275d1fca-22e8-46b9-85e6-c3523098a599,https://www.last.fm/music/Paula+Abdul,0,"pop, 80s, female vocalists"
Buckcherry,8662971,589623,822e92ef-72ea-42e0-9af1-b987816b487a,https://www.last.fm/music/Buckcherry,0,"hard rock, rock, alternative rock"
Marillion,20808830,589305,34466222-65e4-4766-8ed0-01b751fe96c7,https://www.last.fm/music/Marillion,0,"Progressive rock, rock, classic rock"
Darius Rucker,6133906,588362,3ae70f76-ea53-4cc5-906e-d47a384202a1,https://www.last.fm/music/Darius+Rucker,0,"country, new country, pop"
Thompson Twins,4699711,588126,228af6b5-f691-4ed2-a63b-10cc6fcc1144,https://www.last.fm/music/Thompson+Twins,0,"80s, new wave, pop"
W.A.S.P.,19495492,587930,171cbc8f-8ab3-4aec-9916-f0bdbe26bb79,https://www.last.fm/music/W.A.S.P.,0,"heavy metal, hard rock, hair metal"
Kardinal Offishall,3201046,587671,03647192-f55b-42b2-9a74-db28fcae8fd1,https://www.last.fm/music/Kardinal+Offishall,0,"Hip-Hop, rap, Canadian"
Tokio Hotel,27071879,587536,462a85b4-83ac-4164-86b3-e5ac6a7ec040,https://www.last.fm/music/Tokio+Hotel,0,"rock, german, gay"
Dimmu Borgir,38072775,586762,17167af8-c1da-45cc-bba2-9d23f068b7a3,https://www.last.fm/music/Dimmu+Borgir,0,"black metal, Symphonic Black Metal, melodic black metal"
Nipsey Hussle,8552111,586533,410bbb19-8309-4a0b-9f87-3d65bde4a826,https://www.last.fm/music/Nipsey+Hussle,0,"Hip-Hop, rap, west coast"
Sebastian,8608588,586293,b9896633-268a-4c63-b0c4-c98fa3b0e8fc,https://www.last.fm/music/Sebastian,0,"electro, electronic, french"
Angelo Badalamenti,13039179,585349,5894dac5-0260-4175-b36e-e34680a859d6,https://www.last.fm/music/Angelo+Badalamenti,0,"Soundtrack, ambient, instrumental"
Luniz,3481636,584636,a8863d65-6f1e-43b0-b480-7dd85fd8339e,https://www.last.fm/music/Luniz,0,"Hip-Hop, rap, Gangsta Rap"
College,7101666,584503,d41396da-ed4b-4d0a-a902-d4bcd39cef62,https://www.last.fm/music/College,0,"synthpop, electronic, french"
Gnash,6853102,584473,,https://www.last.fm/music/Gnash,0,"pop, rock, Grunge"
Pnau,8042534,584399,b04df404-eefa-4ae4-9f3e-ba220d9dce16,https://www.last.fm/music/Pnau,0,"electronic, australian, dance"
Mountain,4103272,583501,295ad371-45d3-4370-8504-68c92ca2948d,https://www.last.fm/music/Mountain,0,"classic rock, hard rock, blues rock"
Puscifer,20852718,583351,6e4277d8-7b64-44a3-b823-13bd15114e22,https://www.last.fm/music/Puscifer,0,"industrial, alternative, Progressive rock"
Ted Nugent,5162204,583131,e491fae8-3a5a-438e-8368-925753fb41a1,https://www.last.fm/music/Ted+Nugent,0,"hard rock, classic rock, rock"
Mad Season,8631970,583122,bfd085b8-0bbf-46b3-8ab9-193bca5c85e7,https://www.last.fm/music/Mad+Season,0,"Grunge, alternative rock, rock"
Nonpoint,9324417,582910,f10177e4-b7f7-4e63-92b6-c805c6cc54d6,https://www.last.fm/music/Nonpoint,0,"Nu Metal, metal, hard rock"
Dilated Peoples,7957995,582824,c71abd83-9d66-4c7b-9f0d-c9c36e85a955,https://www.last.fm/music/Dilated+Peoples,0,"Hip-Hop, rap, underground hip-hop"
Corona,3782086,582767,405be96c-19e8-4d47-a022-e6f7987d2a87,https://www.last.fm/music/Corona,0,"eurodance, dance, 90s"
Tamia,4895433,582534,a43ab993-f285-47c3-9a41-8ffbb4cf7396,https://www.last.fm/music/Tamia,0,"rnb, female vocalists, soul"
Dustin O'Halloran,10369975,581391,40c9866d-ae1b-4445-9542-bcc4d5ab9d9e,https://www.last.fm/music/Dustin+O%27Halloran,0,"piano, contemporary classical, Classical"
A.R. Rahman,11342311,580451,e0bba708-bdd3-478d-84ea-c706413bedab,https://www.last.fm/music/A.R.+Rahman,0,"Soundtrack, bollywood, Indian"
Melvins,21262866,580022,9ccfbc94-a4f4-42f7-b6f5-d903ab77cccb,https://www.last.fm/music/Melvins,0,"Sludge, Grunge, Stoner Rock"
Edwin Starr,3087277,579833,f27ec8db-af05-4f36-916e-3d57f91ecf5e,https://www.last.fm/music/Edwin+Starr,0,"soul, funk, motown"
Rusted Root,4296672,579684,eec37ec3-79f5-4158-bed8-370ccb4aa295,https://www.last.fm/music/Rusted+Root,0,"alternative, seen live, Jam"
Motionless in White,31198811,579539,1c5b9bd6-76e8-4fe7-a6df-3bc0b5a452cc,https://www.last.fm/music/Motionless+in+White,0,"metalcore, post-hardcore, screamo"
Rednex,3256045,579477,64585ad9-a908-422f-b675-8ab7386d5164,https://www.last.fm/music/Rednex,0,"country, pop, eurodance"
Halestorm,23090466,578955,eaed2193-e026-493b-ac57-113360407b06,https://www.last.fm/music/Halestorm,0,"hard rock, female vocalists, rock"
Cinderella,7918192,578709,f689f570-2a10-49ad-b102-712aa2cad03c,https://www.last.fm/music/Cinderella,0,"hard rock, hair metal, Glam Metal"
Shirley Bassey,5196484,578448,05ec70a5-3858-4346-a649-fda0a297b8c1,https://www.last.fm/music/Shirley+Bassey,0,"jazz, female vocalists, soul"
Balmorhea,12271474,577192,1507b368-e660-4c15-af94-3f5603561045,https://www.last.fm/music/Balmorhea,0,"post-rock, instrumental, ambient"
Nancy Wilson,3799202,577013,f597eafc-4dc5-4bc4-a019-a5035a3c8502,https://www.last.fm/music/Nancy+Wilson,0,"jazz, female vocalists, soul"
Tori Kelly,8881940,576821,e4b87494-a5eb-439d-b3bf-5f1b46d4dc6b,https://www.last.fm/music/Tori+Kelly,0,"pop, female vocalists, soul"
Guru Josh Project,4380174,576621,9fa0e4be-4cd9-43fb-8b20-ad07c15b3b97,https://www.last.fm/music/Guru+Josh+Project,0,"House, dance, electronic"
Peter Frampton,4767227,576586,638206ee-0e3d-47cf-9769-d73330b15a87,https://www.last.fm/music/Peter+Frampton,0,"classic rock, rock, 70s"
Alesana,21570948,576420,1079b087-a5b3-4a07-abbc-88043ceda334,https://www.last.fm/music/Alesana,0,"post-hardcore, screamo, emocore"
Mushroomhead,10697286,576402,6e755d2d-0b47-449d-b03f-fcacec33aab2,https://www.last.fm/music/Mushroomhead,0,"Nu Metal, metal, alternative metal"
Squeeze,6493337,575733,0509a681-a362-4800-9075-656041dccdbd,https://www.last.fm/music/Squeeze,0,"new wave, 80s, pop"
Netsky,15161359,575549,587fd8ec-2e9d-4ce6-8bc5-97d0a9334883,https://www.last.fm/music/Netsky,0,"Drum and bass, liquid funk, breakbeat"
The Distillers,16813120,574916,d25fa5a6-92bf-46a3-8bf7-31149b62eb84,https://www.last.fm/music/The+Distillers,0,"punk, punk rock, female vocalists"
Saving Abel,5666257,574899,1c3c7d51-4679-476c-8cb0-580a35da018b,https://www.last.fm/music/Saving+Abel,0,"alternative rock, rock, hard rock"
Ab-Soul,9932587,574881,acc12019-10e3-40aa-b4bf-66fbb4a692af,https://www.last.fm/music/Ab-Soul,0,"Hip-Hop, rap, underground hip-hop"
Villagers,9200463,574813,22f6ed4d-c1ce-4f7b-8e69-a5761a9de9aa,https://www.last.fm/music/Villagers,0,"seen live, folk, singer-songwriter"
Son Lux,11415400,573687,afcd292c-3c1e-4708-af4a-991aadf957e4,https://www.last.fm/music/Son+Lux,0,"electronic, experimental, trip-hop"
Little Big Town,6103471,573211,76e78b58-f301-4975-8058-7f84d8360738,https://www.last.fm/music/Little+Big+Town,0,"country, modern country, Little Big Town"
Roger Waters,12793888,572576,0f50beab-d77d-4f0f-ac26-0b87d3e9b11b,https://www.last.fm/music/Roger+Waters,0,"Progressive rock, seen live, classic rock"
Belly,6670038,572187,c118bc97-11a7-41dc-a55e-48c3bcf22ac2,https://www.last.fm/music/Belly,0,"alternative, female vocalists, indie"
Eric Carmen,3373996,571610,4e6daf86-a5c9-42ea-9bd2-9482a71c38d4,https://www.last.fm/music/Eric+Carmen,0,"pop, 80s, soft rock"
Modeselektor,11665651,571324,8a7a4e72-a099-425f-8238-80706fc1c746,https://www.last.fm/music/Modeselektor,0,"electronic, idm, electro"
Jake Owen,6060834,571109,508f4f83-26dc-4d21-98d9-1a8c04d5ad4a,https://www.last.fm/music/Jake+Owen,0,"country, modern country, male vocalists"
John Powell,14070154,570503,52bb713d-b0c9-4bf6-9f58-392388d5cc11,https://www.last.fm/music/John+Powell,0,"Soundtrack, instrumental, composer"
Kreator,32092178,570104,39822e8d-f24e-4f07-b51b-28b22e59fbdb,https://www.last.fm/music/Kreator,0,"thrash metal, seen live, metal"
The Hoosiers,8146752,569833,52fe888b-112f-4023-adc9-f8287f177f7a,https://www.last.fm/music/The+Hoosiers,0,"indie, indie rock, british"
Rich Brian,18812599,569229,,https://www.last.fm/music/Rich+Brian,0,"Hip-Hop, rap, trap"
UFO,8721446,568780,f6b037df-35e8-4ef5-b59c-5634de1b44d4,https://www.last.fm/music/UFO,0,"hard rock, classic rock, rock"
Jess Glynne,8425613,568424,89ccd7c3-b4f8-45a6-a53f-e903eaaf96be,https://www.last.fm/music/Jess+Glynne,0,"pop, british, seen live"
Slash,17484082,568344,ef2533cc-e8fa-4ba9-96a1-5a516e5bf850,https://www.last.fm/music/Slash,0,"hard rock, rock, guitar"
Axwell,3854136,568092,4539050e-e355-4c39-bdfa-e74cb67ce365,https://www.last.fm/music/Axwell,0,"House, dance, electronic"
Joe Jackson,6972699,567560,e6fe63ef-5fb8-4f83-a59d-fc13d85d5454,https://www.last.fm/music/Joe+Jackson,0,"new wave, singer-songwriter, pop"
Evans Blue,9661700,567473,7c1e7bfd-3566-4833-b1ba-76f074c8772a,https://www.last.fm/music/Evans+Blue,0,"alternative rock, rock, hard rock"
Poets of the Fall,30362603,566748,482a5456-7d8a-4366-a2e9-6f38853df632,https://www.last.fm/music/Poets+of+the+Fall,0,"rock, alternative rock, finnish"
Traveling Wilburys,6955210,566390,4387b544-e4d0-4f18-b74e-d4a5ba1582ab,https://www.last.fm/music/Traveling+Wilburys,0,"classic rock, rock, Supergroup"
Dan + Shay,8590650,566106,6a2d48d4-25c0-483d-b135-680af589a4ae,https://www.last.fm/music/Dan+%252B+Shay,0,"country, pop, country pop"
Dr. John,6140747,565865,fe0e1895-aa84-47d9-8e5b-7930fc20709b,https://www.last.fm/music/Dr.+John,0,"blues, New Orleans, jazz"
Technotronic,3050075,565339,62173ce5-37ef-41b1-86cd-45401a8955fc,https://www.last.fm/music/Technotronic,0,"dance, eurodance, 80s"
Everything Everything,21442974,564347,251e10fb-4ed1-4a79-8655-7f22d461a689,https://www.last.fm/music/Everything+Everything,0,"seen live, indie, indie pop"
Arlo Parks,12081840,563993,,https://www.last.fm/music/Arlo+Parks,0,"rnb, soul, pop"
amaarae,12834848,563932,,https://www.last.fm/music/amaarae,0,"rnb, ghana, afrobeats"
Smoke City,4883057,563885,7fbfcd25-9ce2-4ef4-9270-e971ea61fb4a,https://www.last.fm/music/Smoke+City,0,"trip-hop, chillout, downtempo"
Golden Earring,5694848,563640,75336c3d-2833-46cb-8037-b835cd7d646d,https://www.last.fm/music/Golden+Earring,0,"classic rock, rock, hard rock"
Alan Menken,9543525,563597,817c68f4-e110-4529-82fa-aec902e9768f,https://www.last.fm/music/Alan+Menken,0,"Soundtrack, Disney, musical"
Run–D.M.C.,3927618,561605,,https://www.last.fm/music/Run%E2%80%93D.M.C.,0,"rap, Hip-Hop, hip hop"
NEIKED,5560535,561590,,https://www.last.fm/music/NEIKED,0,"pop, rnb, swedish"
Dion,5066471,561344,b073d6b8-253e-4f61-8d48-fd7688c89dee,https://www.last.fm/music/Dion,0,"oldies, 60s, rock n roll"
Tim Hecker,26154236,561277,c7ee3bc9-780c-42c0-91e9-4cd70ad692d3,https://www.last.fm/music/Tim+Hecker,0,"ambient, drone, electronic"
Petit biscuit,7654580,561239,,https://www.last.fm/music/Petit+biscuit,0,"electronic, french, House"
The Sugarhill Gang,2975776,561072,336f2e14-b064-45c8-8b2a-01663a0bee64,https://www.last.fm/music/The+Sugarhill+Gang,0,"Hip-Hop, rap, old school"
Blue,6458344,560932,a5baa69e-e6c7-4e9b-be31-9fce5cb9d49a,https://www.last.fm/music/Blue,0,"pop, boybands, british"
Refused,15302292,560833,42884e27-dfb8-453d-990f-2ffd90bc2d1a,https://www.last.fm/music/Refused,0,"hardcore, punk, post-hardcore"
En Vogue,4012132,559920,9a883a69-436b-4d17-9ffd-122a9bf4419a,https://www.last.fm/music/En+Vogue,0,"rnb, soul, female vocalists"
Daya,6312543,559868,,https://www.last.fm/music/Daya,0,"pop, indie, indie pop"
Knife Party,10967303,559080,b41b4d38-eaa1-46af-8abb-b286148e5b49,https://www.last.fm/music/Knife+Party,0,"dubstep, electro house, electronic"
Gryffin,11452312,558973,,https://www.last.fm/music/Gryffin,0,"House, electronic, dance"
Minor Threat,18522873,558311,09037f07-42bc-46ac-a1ee-37f834451fee,https://www.last.fm/music/Minor+Threat,0,"hardcore, hardcore punk, punk"
Brandon Flowers,13800830,558215,5b9dc76b-8574-4cb5-9496-ab1bc0d35c29,https://www.last.fm/music/Brandon+Flowers,0,"indie, alternative rock, indie rock"
Giacomo Puccini,5701253,557308,a693df4a-8762-4a45-b7fd-6695b558385e,https://www.last.fm/music/Giacomo+Puccini,0,"Classical, opera, italian"
Four Year Strong,21955747,556822,c0a138e2-cef7-471b-8fbb-524e1076256a,https://www.last.fm/music/Four+Year+Strong,0,"pop punk, melodic hardcore, hardcore"
Candlebox,5591304,556005,8e9516ba-f417-47dd-a8a5-8998b94553f8,https://www.last.fm/music/Candlebox,0,"Grunge, rock, alternative rock"
Sigma,6174764,555858,f39f5cad-a77b-47a8-b687-aca467b8a6e5,https://www.last.fm/music/Sigma,0,"Drum and bass, liquid funk, dnb"
Marty Robbins,8481566,555855,2c2add7c-9a99-4812-a20e-870d331f01fd,https://www.last.fm/music/Marty+Robbins,0,"country, classic country, 50s"
George Gershwin,3698506,555379,65744963-191a-44ef-a3c7-b693a808a158,https://www.last.fm/music/George+Gershwin,0,"Classical, jazz, piano"
The Wailers,4348888,555299,c9e99d40-4a2c-4ca7-ac5b-e842264ee271,https://www.last.fm/music/The+Wailers,0,"reggae, seen live, roots reggae"
Bell Biv DeVoe,3468620,555077,9b16908a-a78c-45a7-8366-d2a41967f745,https://www.last.fm/music/Bell+Biv+DeVoe,0,"new jack swing, rnb, Hip-Hop"
L7,7362443,554457,57111f1f-9829-45ea-bb4e-a5aba37cd1d1,https://www.last.fm/music/L7,0,"Grunge, riot grrrl, punk"
Airbourne,13854817,554345,5365f55c-b1e1-48f9-b09f-078f7a14cb1f,https://www.last.fm/music/Airbourne,0,"hard rock, rock, seen live"
Bernard Herrmann,5433300,554170,74cad662-0eb6-4044-908e-04680457957a,https://www.last.fm/music/Bernard+Herrmann,0,"Soundtrack, instrumental, composer"
Gabrielle,5005426,553828,d55fe7ec-3c7f-44e7-b9cc-b025c4351f70,https://www.last.fm/music/Gabrielle,0,"pop, soul, female vocalists"
Johann Strauss II,3625832,553768,8255db36-4902-4cf6-8612-0f2b4288bc9a,https://www.last.fm/music/Johann+Strauss+II,0,"Classical, romantic, waltz"
Lustra,4186100,553729,b9b082f5-e4d9-4cf2-8fce-8b1e2d8cb6c4,https://www.last.fm/music/Lustra,0,"punk rock, rock, punk"
Tangerine Dream,11738142,553179,23d8426c-18c7-46e6-a51d-7395bd43c641,https://www.last.fm/music/Tangerine+Dream,0,"electronic, ambient, krautrock"
Nosaj Thing,11402726,552921,b476bc5e-19ca-4e5a-82c8-1a068d601a7d,https://www.last.fm/music/Nosaj+Thing,0,"electronic, glitch-hop, ambient"
Sérgio Mendes,5202353,552632,799951d8-2b8b-45c0-890b-f176a4113c1e,https://www.last.fm/music/S%C3%A9rgio+Mendes,0,"Bossa Nova, jazz, brazilian"
Waylon Jennings,8685276,552085,1a46826b-4d73-4e04-8590-f36c9d832f9e,https://www.last.fm/music/Waylon+Jennings,0,"country, outlaw country, classic country"
The Crystals,3483884,552042,c9a48e5f-aa33-4ef5-a340-2101cdb9d95c,https://www.last.fm/music/The+Crystals,0,"60s, pop, oldies"
Stratovarius,25753697,551761,c3d6fdd5-67c5-453e-87e3-d17a00a52879,https://www.last.fm/music/Stratovarius,0,"Power metal, metal, melodic metal"
Digable Planets,7847983,551569,ff44f779-74ab-48f8-aac3-39ebe8f7c18e,https://www.last.fm/music/Digable+Planets,0,"Hip-Hop, Jazz Hop, hip hop"
Igor Stravinsky,7139204,551426,c278de2c-9696-4fdf-a919-0781cd945e2c,https://www.last.fm/music/Igor+Stravinsky,0,"Classical, contemporary classical, russian"
dodie,17665336,551239,,https://www.last.fm/music/dodie,0,"indie, folk, indie pop"
Yelawolf,11242812,551168,13513a8a-e9a8-4367-b9e4-410fef5bed3a,https://www.last.fm/music/Yelawolf,0,"Hip-Hop, rap, southern rap"
Gregory Isaacs,5086453,550753,9abff216-e204-4dbc-9849-d1dbe1fbbda8,https://www.last.fm/music/Gregory+Isaacs,0,"reggae, roots reggae, dub"
Wet,7132926,550677,f632986c-1c36-477c-bafb-ec36459cff52,https://www.last.fm/music/Wet,0,"indie pop, electronic, ambient"
LP,10345798,550578,fe5dbbbf-f083-4cbc-a8df-e2542648e8c5,https://www.last.fm/music/LP,0,"indie, rock, seen live"
Suicide Silence,24014257,550431,4fd53e84-ffa1-4434-9146-3fab25ece7e0,https://www.last.fm/music/Suicide+Silence,0,"deathcore, death metal, grindcore"
MisterWives,8113657,550169,5b6bac92-9b60-4e96-ac13-935bb6941b96,https://www.last.fm/music/MisterWives,0,"indie, pop, indie pop"
Noisia,13110845,549971,ec22a32b-acab-432e-a88c-ffe6ae68fa16,https://www.last.fm/music/Noisia,0,"Drum and bass, neurofunk, techstep"
Jamelia,3669724,549571,de07bdca-5e3d-4f27-a9db-e396141eac66,https://www.last.fm/music/Jamelia,0,"rnb, pop, female vocalists"
La Bouche,3763602,549407,b79a3909-7611-4b89-ab5a-5609c4aaacae,https://www.last.fm/music/La+Bouche,0,"eurodance, dance, 90s"
Public Image Ltd.,8407787,549120,68950696-ee9a-49b2-a8c2-d1d6c19355cc,https://www.last.fm/music/Public+Image+Ltd.,0,"post-punk, new wave, experimental"
Ariel Pink,16157353,549030,5882e375-503f-4bd2-89b1-967e0bfcb199,https://www.last.fm/music/Ariel+Pink,0,"Lo-Fi, psychedelic, seen live"
The Meters,6483936,548819,851827d6-ae31-4093-a166-1420cac610a4,https://www.last.fm/music/The+Meters,0,"funk, soul, New Orleans"
Mabel,10538641,548678,f6a9828c-7b52-41a1-b38a-426c28603555,https://www.last.fm/music/Mabel,0,"pop, dance, rnb"
ABC,5138298,548482,f4ddb7f1-bcaa-4f45-890f-291af5ea3617,https://www.last.fm/music/ABC,0,"80s, new wave, new romantic"
LIL PUMP,9958740,548429,,https://www.last.fm/music/LIL+PUMP,0,"trap, Hip-Hop, rap"
Steve Earle,7221317,548188,ec863030-7c13-45a3-a025-a69195d3a020,https://www.last.fm/music/Steve+Earle,0,"country, Alt-country, singer-songwriter"
Los Lobos,4552353,547938,2b9967c7-3246-4658-a561-ded5408dd9af,https://www.last.fm/music/Los+Lobos,0,"latin, rock, tex-mex"
Noel Gallagher's High Flying Birds,19014352,547443,d5f54887-117b-42a1-9aee-8780b84ebaba,https://www.last.fm/music/Noel+Gallagher%27s+High+Flying+Birds,0,"britpop, rock, british"
Queensrÿche,16520969,546921,deeea939-7f89-4762-b09f-79269cd70d3b,https://www.last.fm/music/Queensr%C3%BFche,0,"Progressive metal, heavy metal, metal"
Lights,21187651,545515,efdbd3b1-2d20-4cea-af46-dffbc1e7daba,https://www.last.fm/music/Lights,0,"pop, female vocalists, indie"
Wild Cherry,2638656,545252,da5ff827-174b-48d1-9a39-9fa290bb2925,https://www.last.fm/music/Wild+Cherry,0,"funk, Disco, 70s"
Don Diablo,7875309,545041,d873aeb7-8bbe-4f79-91b8-0bc11c7ae313,https://www.last.fm/music/Don+Diablo,0,"House, dance, electronic"
Nicolas Jaar,16623868,544845,06e99a1b-4020-4380-ab27-1a3e0c5e557c,https://www.last.fm/music/Nicolas+Jaar,0,"electronic, minimal, deep house"
Galaxie 500,12505285,544814,8ddc1812-2cf8-451c-afd1-e88f9d446e1b,https://www.last.fm/music/Galaxie+500,0,"shoegaze, dream pop, slowcore"
Arvo Pärt,8787304,544407,ae0b2424-d4c5-4c54-82ac-fe3be5453270,https://www.last.fm/music/Arvo+P%C3%A4rt,0,"Classical, contemporary classical, minimalism"
tobi lou,9354369,544355,,https://www.last.fm/music/tobi+lou,0,"Hip-Hop, rap, soul"
Vanessa Hudgens,7327681,544262,9da7ed18-20fa-4279-88c8-94299728236d,https://www.last.fm/music/Vanessa+Hudgens,0,"pop, female vocalists, Disney"
Django Django,11689523,544110,4bfce038-b1a0-4bc4-abe1-b679ab900f03,https://www.last.fm/music/Django+Django,0,"seen live, psychedelic, indie"
Traffic,5327365,544004,e5a87eb9-44ae-4910-8dc2-aa74020c0b0d,https://www.last.fm/music/Traffic,0,"classic rock, Progressive rock, Psychedelic Rock"
Big Time Rush,15520361,544000,94785e0f-81be-4360-a9e1-a00df5dc8bc6,https://www.last.fm/music/Big+Time+Rush,0,"pop, male vocalists, pop rock"
Deltron 3030,10619463,543775,ce886f30-8b8f-4cc8-b854-3749291350fd,https://www.last.fm/music/Deltron+3030,0,"Hip-Hop, underground hip-hop, rap"
Montell Jordan,2535000,543273,cc1f4763-a306-4ae7-8ba7-331872199f9e,https://www.last.fm/music/Montell+Jordan,0,"rnb, Hip-Hop, 90s"
Skylar Grey,6462371,542972,bd01c9d7-89dd-4cb4-9baa-a43bfa292bed,https://www.last.fm/music/Skylar+Grey,0,"pop, alternative, female vocalists"
Cameo,3267092,542912,ef4d808a-2113-44c3-9b44-1b31f026ef1e,https://www.last.fm/music/Cameo,0,"funk, 80s, soul"
Keith Jarrett,8729580,542382,061c4920-3ea6-4835-98f6-02f3b82f5e3a,https://www.last.fm/music/Keith+Jarrett,0,"jazz, piano, jazz piano"
American Hi-Fi,6291443,542014,f6acd23a-56fd-439e-a69a-99af379d4411,https://www.last.fm/music/American+Hi-Fi,0,"rock, punk rock, pop punk"
Blitzen Trapper,8567238,542011,a186c93d-0f30-4c56-9265-98c0eba19242,https://www.last.fm/music/Blitzen+Trapper,0,"seen live, indie, Alt-country"
Meat Puppets,8413038,541740,3df040ee-2b8b-446b-937a-3f86f4b2cabf,https://www.last.fm/music/Meat+Puppets,0,"Grunge, alternative, alternative rock"
Sunny Day Real Estate,14545829,541704,86b24e8f-a4d9-4c84-83ee-fde0d14ad9fa,https://www.last.fm/music/Sunny+Day+Real+Estate,0,"emo, indie, indie rock"
The The,7488187,541083,a7409219-a681-4072-adb2-5285106ce6f2,https://www.last.fm/music/The+The,0,"new wave, post-punk, alternative"
Christopher Cross,4846273,540473,883e4ba4-8ccc-47ed-81df-df51e41792a9,https://www.last.fm/music/Christopher+Cross,0,"soft rock, 80s, pop"
Samuel Barber,2803068,540459,74ed34ce-ee95-44e9-a87d-4d2d5056c24a,https://www.last.fm/music/Samuel+Barber,0,"Classical, contemporary classical, instrumental"
The Dillinger Escape Plan,29100797,540155,1bc41dff-5397-4c53-bb50-469d2c277197,https://www.last.fm/music/The+Dillinger+Escape+Plan,0,"mathcore, hardcore, experimental"
Miles Kane,10544847,540083,26afaedd-e99c-45b2-b7f9-6c4c2b33d90c,https://www.last.fm/music/Miles+Kane,0,"british, indie rock, indie"
Michael Andrews,7316498,539559,ee6e8790-7123-40ab-b7e9-03c4fe6aa08f,https://www.last.fm/music/Michael+Andrews,0,"Soundtrack, ambient, instrumental"
Verzache,7976185,539507,,https://www.last.fm/music/Verzache,0,"Canadian, Hip-Hop, canada"
Emmylou Harris,7350704,539060,35ef61ca-43db-4772-ba27-0489e9ebcb69,https://www.last.fm/music/Emmylou+Harris,0,"country, female vocalists, folk"
Louis Tomlinson,45950383,539030,,https://www.last.fm/music/Louis+Tomlinson,0,"pop, pop rock, british"
Elle King,5304829,538780,e7287972-ca8d-4133-a1d6-5446486ed075,https://www.last.fm/music/Elle+King,0,"indie pop, rock, female vocalists"
Loverboy,3599113,538652,c9780108-846d-4b51-a2a0-16dead15e888,https://www.last.fm/music/Loverboy,0,"rock, 80s, classic rock"
Kid Loco,6411927,538609,8027281d-79e4-4ddc-a8a7-6e6bf9254ad3,https://www.last.fm/music/Kid+Loco,0,"trip-hop, downtempo, chillout"
Bikini Kill,10946515,538538,1397d045-1603-41fc-80b9-712c18360145,https://www.last.fm/music/Bikini+Kill,0,"riot grrrl, punk, female vocalists"
Rixton,4248435,538215,28aee606-d7a9-4b8d-b234-dd5e0d99c259,https://www.last.fm/music/Rixton,0,"pop, british, pop rock"
The Fall,18578394,537270,d5da1841-9bc8-4813-9f89-11098090148e,https://www.last.fm/music/The+Fall,0,"post-punk, new wave, punk"
Atomic Kitten,4673447,536718,6fda00c2-449a-4bf4-838f-038d41a07c73,https://www.last.fm/music/Atomic+Kitten,0,"pop, female vocalists, british"
Prefuse 73,13553474,536700,fc61dd75-880b-44ba-9ba9-c7b643d33413,https://www.last.fm/music/Prefuse+73,0,"electronic, Hip-Hop, idm"
Sylvan Esso,11401913,536462,c4593b34-2a94-4e44-ae10-4a0f4c0b4da8,https://www.last.fm/music/Sylvan+Esso,0,"electronic, seen live, electropop"
Blackalicious,7637334,535755,92ee5562-3c1b-4e02-ac22-aae6261edac5,https://www.last.fm/music/Blackalicious,0,"Hip-Hop, hip hop, rap"
olivia o'brien,9449113,535652,,https://www.last.fm/music/olivia+o%27brien,0,"pop, electronic, american"
Urge Overkill,3646633,535640,120e728a-4078-47b7-a31c-d581ade28bde,https://www.last.fm/music/Urge+Overkill,0,"rock, alternative rock, alternative"
Travis Porter,3016445,534847,53423220-42b5-4082-a374-417ce6f8a919,https://www.last.fm/music/Travis+Porter,0,"Hip-Hop, rap, atlanta"
Axwell /\ Ingrosso,6912552,534626,,https://www.last.fm/music/Axwell+%2F%5C+Ingrosso,0,"dance, swedish, House"
potsu,10536626,534498,,https://www.last.fm/music/potsu,0,"nu jazz, Lo-Fi, chillout"
The Weather Girls,2474112,534177,8bc23f36-2d1e-45c5-ad47-69e402b0923a,https://www.last.fm/music/The+Weather+Girls,0,"Disco, pop, 80s"
Zeds Dead,7118057,534038,f9fdca15-1bef-43a0-8213-758b6ee0aa91,https://www.last.fm/music/Zeds+Dead,0,"dubstep, electronic, Grime"
Rakim,4691100,533947,2792b097-0b1d-4c50-97f6-f7f097f86438,https://www.last.fm/music/Rakim,0,"Hip-Hop, rap, hip hop"
The Marvelettes,3222126,533849,faca5707-ce1a-4276-a5bc-a4061bfb33d2,https://www.last.fm/music/The+Marvelettes,0,"motown, soul, 60s"
RAC,6402245,533185,73c23fbe-88d3-46fc-a303-f4259b03defe,https://www.last.fm/music/RAC,0,"electronic, electro, electronica"
Bingo Players,3957018,533156,8502bd7a-5479-4a8f-a7d9-75003d3d2c74,https://www.last.fm/music/Bingo+Players,0,"House, electronic, techno"
Harvey Danger,5473308,532915,822cb123-f728-4a1a-931c-fa27257bb83f,https://www.last.fm/music/Harvey+Danger,0,"alternative, rock, indie"
Helmet,9429972,532435,582fee78-d934-4603-9f5c-1729e0ca36b7,https://www.last.fm/music/Helmet,0,"alternative metal, metal, hardcore"
Julien Baker,26091788,532198,,https://www.last.fm/music/Julien+Baker,0,"seen live, singer-songwriter, indie"
Stars of the Lid,19931495,532100,a1154343-1ea1-4007-97d3-2382482a90cd,https://www.last.fm/music/Stars+of+the+Lid,0,"ambient, drone, post-rock"
Bad Suns,11958667,532091,95015b4c-1aef-4e28-9d36-c9546c194f0c,https://www.last.fm/music/Bad+Suns,0,"indie rock, indie, rock"
Hüsker Dü,16070176,531984,5c4c90a4-539f-4101-83cf-301bc6a94e06,https://www.last.fm/music/H%C3%BCsker+D%C3%BC,0,"punk, post-punk, hardcore"
Bill Evans Trio,8681183,531872,d0630a08-3b40-4cb4-9f48-7d525262c1f6,https://www.last.fm/music/Bill+Evans+Trio,0,"jazz, jazz piano, piano"
Bread,6219851,531188,e3bcf587-a354-4723-a2d3-1c679d6571ea,https://www.last.fm/music/Bread,0,"soft rock, classic rock, 70s"
Jeremy Soule,37917546,530843,f413369d-d72f-46b9-8744-2d09344a9c6a,https://www.last.fm/music/Jeremy+Soule,0,"Soundtrack, video game music, orchestral"
Noisettes,7235262,530809,5221de81-b3cb-48d6-8e60-7c04b5daf02a,https://www.last.fm/music/Noisettes,0,"indie, indie rock, seen live"
Mayer Hawthorne,10547189,529740,029fbb43-ea37-47a0-8c68-803d69abfa5e,https://www.last.fm/music/Mayer+Hawthorne,0,"soul, Neo-Soul, funk"
Vanessa da Mata,10291764,529375,f3580347-b84a-47d8-b86e-cad642322a47,https://www.last.fm/music/Vanessa+da+Mata,0,"mpb, female vocalists, brazilian"
Carl Orff,4774735,529058,0b3ee6cd-a2df-4144-adf9-7807ee7ecc4f,https://www.last.fm/music/Carl+Orff,0,"Classical, opera, german"
Fruit Bats,7412908,529037,e3f139c7-11bc-4803-82be-2bac85ca3c61,https://www.last.fm/music/Fruit+Bats,0,"indie, folk, indie pop"
London Symphony Orchestra,6104887,528924,38712b4c-0fd4-4c65-8c7a-45676fecc973,https://www.last.fm/music/London+Symphony+Orchestra,0,"Classical, instrumental, Soundtrack"
Solomon Burke,4360812,528663,d5c79890-36c5-4f1b-bed3-4468eee093f3,https://www.last.fm/music/Solomon+Burke,0,"soul, blues, rhythm and blues"
Westside Connection,3638553,528599,f43dd62f-4fc7-4216-9220-be555f16d131,https://www.last.fm/music/Westside+Connection,0,"Hip-Hop, Gangsta Rap, rap"
Connie Francis,9271951,528360,5fcd7daf-25e1-47fd-9ba1-830b42708f84,https://www.last.fm/music/Connie+Francis,0,"oldies, female vocalists, 50s"
Kiesza,5997386,528279,87ff5ccd-64cd-45d6-bba3-ba2647e85d74,https://www.last.fm/music/Kiesza,0,"pop, female vocalists, House"
Billy Bragg,10818732,527804,7cec4a03-0a83-4308-856a-afb8aa5db0fc,https://www.last.fm/music/Billy+Bragg,0,"folk, singer-songwriter, political"
Sigrid,15389160,526992,de84d945-a1bd-4716-9f0e-fa7b870e6a2d,https://www.last.fm/music/Sigrid,0,"pop, seen live, norwegian"
Dan Auerbach,7501946,526981,fa4f4b89-3ddc-4e97-88fa-0e30121f986a,https://www.last.fm/music/Dan+Auerbach,0,"blues rock, blues, Garage Rock"
The Dø,12262455,526888,c3477250-bc5f-44e9-aa0a-144dd2d7a935,https://www.last.fm/music/The+D%C3%B8,0,"indie, female vocalists, folk"
NCT 127,88662519,526720,,https://www.last.fm/music/NCT+127,0,"k-pop, Kpop, Korean"
John Martyn,6633216,526329,e821a756-487f-4931-a02f-27cf11cec7bf,https://www.last.fm/music/John+Martyn,0,"folk, singer-songwriter, acoustic"
The Apples in Stereo,9769234,526067,ea075268-e5ea-40f7-b9c3-68b039218a88,https://www.last.fm/music/The+Apples+in+Stereo,0,"indie, indie pop, Elephant 6"
Sam Sparro,6123209,525657,cd71e6e9-42bb-4a1a-b5ce-17f41682b3e2,https://www.last.fm/music/Sam+Sparro,0,"electronic, funk, pop"
Chick Corea,5967670,525390,8446fcca-109e-4c6d-a2ff-5a269b32b4c2,https://www.last.fm/music/Chick+Corea,0,"jazz, Fusion, piano"
Raphael Saadiq,6642494,524198,a2eb319d-a45e-43c3-bb14-d0ffb577222c,https://www.last.fm/music/Raphael+Saadiq,0,"soul, Neo-Soul, rnb"
DJ Antoine,5176147,524138,6ed36b36-b2e0-4540-bc79-0348b744cb10,https://www.last.fm/music/DJ+Antoine,0,"House, dance, electronic"
Jónsi,12977762,524066,ac3dd1bb-8284-48fd-b54f-5b4655e92763,https://www.last.fm/music/J%C3%B3nsi,0,"icelandic, ambient, experimental"
Sofi Tukker,9684458,523815,,https://www.last.fm/music/Sofi+Tukker,0,"dance, electronic, pop"
Gorgon City,7223321,523662,ba8aaa28-2de4-4d5c-824e-1e9d49235c55,https://www.last.fm/music/Gorgon+City,0,"electronic, House, deep house"
Team Sleep,10380490,523661,b1168a9c-a946-4a5c-a005-62fc632dfa0c,https://www.last.fm/music/Team+Sleep,0,"alternative, electronic, ambient"
Behemoth,41397415,523489,69632f9c-31eb-43d5-a864-e73ac72efc66,https://www.last.fm/music/Behemoth,0,"death metal, black metal, Blackened Death Metal"
Chris Lake,4508480,523420,fca94d64-9ada-4264-9373-4158e2f7c7e7,https://www.last.fm/music/Chris+Lake,0,"House, Progressive House, electro house"
Jai Paul,9894438,522742,312183e0-64ff-48df-a9f4-0804ca23a7d3,https://www.last.fm/music/Jai+Paul,0,"experimental, electronic, wonky"
Krewella,10499559,522132,d87475fa-76a1-4e12-962c-fc9941fdda72,https://www.last.fm/music/Krewella,0,"dubstep, electronic, female vocalists"
JinSang,10413724,522051,,https://www.last.fm/music/JinSang,0,"instrumental, beats, Lo-Fi"
Kent,44584499,521781,ffb2d3e3-a4cc-48cf-8fb0-f2f846e9d7b9,https://www.last.fm/music/Kent,0,"swedish, seen live, rock"
Foxygen,10605903,521764,913e6848-6865-4717-ac5e-3bd9c22826be,https://www.last.fm/music/Foxygen,0,"psychedelic, Psychedelic Rock, psychedelic pop"
Borgore,7275940,521429,215e2b5d-06f8-4c68-b33b-8fccec27a077,https://www.last.fm/music/Borgore,0,"dubstep, gorestep, electronic"
Yuna,6497345,520861,c58c7817-420d-4268-bccf-f3d90565e2e6,https://www.last.fm/music/Yuna,0,"malaysian, female vocalists, folk"
Os Mutantes,14048669,520632,a3212186-5da5-4e84-a935-6952b3e14921,https://www.last.fm/music/Os+Mutantes,0,"psychedelic, tropicalia, brazilian"
DVBBS,5135978,520479,c3bba486-b24b-4a39-bc4c-b0085950afcd,https://www.last.fm/music/DVBBS,0,"House, electronic, Canadian"
Linda Ronstadt,5788519,520243,498f2581-be21-4eef-8756-fbb89d79b1c0,https://www.last.fm/music/Linda+Ronstadt,0,"female vocalists, country, folk"
Meredith Brooks,2943530,519627,6f033da5-396f-4381-a581-1f38c2d0a2d4,https://www.last.fm/music/Meredith+Brooks,0,"female vocalists, rock, pop"
Mercury Rev,8229941,519439,7b1cf87e-c54f-4abc-893d-90245a31900d,https://www.last.fm/music/Mercury+Rev,0,"indie, dream pop, indie rock"
Gustav Holst,4026614,519138,3ba68671-e3b5-4263-81dc-76b16b29bbc6,https://www.last.fm/music/Gustav+Holst,0,"Classical, romantic, composers"
Yellow Claw,7167579,518537,759abafc-c4eb-4018-8554-f29a9d842779,https://www.last.fm/music/Yellow+Claw,0,"trap, electronic, Hip-Hop"
Converge,39294881,518286,fa31e7d4-a03a-4110-98fc-f8826e95ec25,https://www.last.fm/music/Converge,0,"hardcore, mathcore, metalcore"
Teriyaki Boyz,3844643,518213,afb3102c-b7e6-4140-b825-7f84ea97f73f,https://www.last.fm/music/Teriyaki+Boyz,0,"Hip-Hop, japanese, rap"
MADEINTYO,7751522,517667,,https://www.last.fm/music/MADEINTYO,0,"hip hop, rap, trap"
David Byrne,7785942,517177,d4659efb-b8eb-4f03-95e9-f69ce35967a9,https://www.last.fm/music/David+Byrne,0,"alternative, new wave, singer-songwriter"
Corpse,22950780,517176,fe7fa4e4-90d6-4222-849a-421e791cb517,https://www.last.fm/music/Corpse,0,"death metal, grindcore, old school death metal"
Dark Tranquillity,47763921,516983,9d30e408-1559-448b-b491-2f8de1583ccf,https://www.last.fm/music/Dark+Tranquillity,0,"Melodic Death Metal, death metal, metal"
The Go-Go's,4256072,516909,f18a5b98-e388-4f4b-9ae1-c079cc7e5830,https://www.last.fm/music/The+Go-Go%27s,0,"new wave, 80s, pop"
Role Model,10766144,516836,50e3c30f-d673-4304-8e7f-bc42e3370958,https://www.last.fm/music/Role+Model,0,"8-bit, chiptune, electronic"
Geto Boys,5482054,515732,a78ca453-3a53-4b19-8b2d-61b10dd45558,https://www.last.fm/music/Geto+Boys,0,"Hip-Hop, rap, Gangsta Rap"
Astrid S,8873110,515366,,https://www.last.fm/music/Astrid+S,0,"pop, norwegian, electronic"
Pretty Ricky,3059987,515351,b79247ee-9870-4a26-8cbc-88d13044d7f6,https://www.last.fm/music/Pretty+Ricky,0,"rnb, Hip-Hop, rap"
Lindsey Stirling,20346499,515108,53e40f93-f4af-4f8c-819c-7bbe4b6f0a1c,https://www.last.fm/music/Lindsey+Stirling,0,"violin, instrumental, electronic"
Boozoo Bajou,6202660,515077,97f3a6c0-fe2d-465a-919a-4269cbb735d6,https://www.last.fm/music/Boozoo+Bajou,0,"downtempo, chillout, lounge"
Lucinda Williams,7887704,515030,21685b15-3074-446e-aa1d-ff7157014f53,https://www.last.fm/music/Lucinda+Williams,0,"Alt-country, singer-songwriter, country"
Korpiklaani,33194015,514504,50eec634-7c42-41ee-9b1f-b41d9ca28b26,https://www.last.fm/music/Korpiklaani,0,"folk metal, viking metal, finnish"
Paul Young,3630026,514486,967002b0-58ef-4b22-a58c-fbc631ff695c,https://www.last.fm/music/Paul+Young,0,"80s, pop, new wave"
The Chordettes,3504474,514227,997117eb-5a4c-4a37-99f9-f2515e2d9739,https://www.last.fm/music/The+Chordettes,0,"50s, oldies, doo wop"
Voxtrot,8981797,514043,c163f6f1-84c0-48fa-81c5-8129739b6c3c,https://www.last.fm/music/Voxtrot,0,"indie, indie pop, seen live"
Living Colour,6008520,513098,dc6f8c1f-626b-42b0-9115-7e66ae4cecd6,https://www.last.fm/music/Living+Colour,0,"rock, hard rock, funk metal"
UGK,7007412,512967,9603810b-5d6d-41a6-aca8-330ef966d55c,https://www.last.fm/music/UGK,0,"Dirty South, Hip-Hop, rap"
Slint,12398050,512682,2869c510-2679-4a3f-bf15-e5e8b49f2f28,https://www.last.fm/music/Slint,0,"post-rock, math rock, indie rock"
MAMAMOO,32660060,512252,fb588f59-af1a-493a-9508-ed487caa2a11,https://www.last.fm/music/MAMAMOO,0,"k-pop, pop, Korean"
Taylor Dayne,3241485,512107,c0cd3de7-4654-482b-913b-6fd7dc4ce9a4,https://www.last.fm/music/Taylor+Dayne,0,"80s, pop, female vocalists"
Parquet Courts,20616536,511964,e01755e3-58ab-4a5b-a9e9-a0a3bd3dff4c,https://www.last.fm/music/Parquet+Courts,0,"post-punk, Garage Rock, seen live"
Ratt,6903630,511610,e0827234-3be3-4973-be59-1aa9575b9c76,https://www.last.fm/music/Ratt,0,"hard rock, hair metal, Glam Metal"
Carter Burwell,9681563,511600,b88ca659-0393-4a62-abd8-f290e6c7a7e2,https://www.last.fm/music/Carter+Burwell,0,"Soundtrack, instrumental, ambient"
Sparks,12720973,511563,f319b57a-a494-40f6-a467-3d196d3484e6,https://www.last.fm/music/Sparks,0,"new wave, glam rock, rock"
Tim Buckley,7847707,511095,8546949d-f46c-45ab-8391-85b26dda6b65,https://www.last.fm/music/Tim+Buckley,0,"singer-songwriter, folk, psychedelic"
Kina,7029065,510641,e36cca60-86da-4bb0-a36c-17626341dc6c,https://www.last.fm/music/Kina,0,"hardcore, punk, italian hardcore"
Nino Rota,5383121,510056,d52ac009-4ed5-4d01-97d5-8280bb7dd460,https://www.last.fm/music/Nino+Rota,0,"Soundtrack, Classical, instrumental"
Elastica,5995415,509682,46693641-1e2e-4aae-80ed-6b28170de63a,https://www.last.fm/music/Elastica,0,"britpop, indie, female vocalists"
2NE1,32000054,509598,e119e5ff-0de0-421c-a630-0516c6acede8,https://www.last.fm/music/2NE1,0,"k-pop, Korean, dance"
Handsome Boy Modeling School,5946874,509516,c3f99319-52c7-47f2-9631-10bc7cc8c589,https://www.last.fm/music/Handsome+Boy+Modeling+School,0,"Hip-Hop, hip hop, electronic"
Boa,29288451,509447,a16d1433-ba89-4f72-a47b-a370add0bb55,https://www.last.fm/music/Boa,0,"j-pop, k-pop, Korean"
Plaid,11732286,507868,7e54d133-2525-4bc0-ae94-65584145a386,https://www.last.fm/music/Plaid,0,"idm, electronic, ambient"
Die Ärzte,45235857,507692,f2fb0ff0-5679-42ec-a55c-15109ce6e320,https://www.last.fm/music/Die+%C3%84rzte,0,"punk rock, seen live, german"
The Shirelles,3286903,507457,a8540ea0-1a74-4c22-8b70-1348a77a74a0,https://www.last.fm/music/The+Shirelles,0,"60s, oldies, pop"
Masked Wolf,5434597,507453,,https://www.last.fm/music/Masked+Wolf,0,"Hip-Hop, australian, hip hop"
Scatman John,3784204,507158,9904bde1-04a7-41cf-a2a3-d09a42445145,https://www.last.fm/music/Scatman+John,0,"dance, 90s, pop"
The Coasters,3637974,506982,c174f353-4666-4dfb-af54-5cc70b8afd55,https://www.last.fm/music/The+Coasters,0,"oldies, Rock and Roll, soul"
Ella Henderson,6117863,506795,3a60a284-256b-4481-9c33-84d12ea481cd,https://www.last.fm/music/Ella+Henderson,0,"pop, british, soul"
Sash!,4963327,506753,29e26734-788a-44aa-8d86-a452bc4232a6,https://www.last.fm/music/Sash%21,0,"dance, trance, electronic"
The Books,12995081,506746,fd574a4f-5670-46ee-ae3e-c80720097b87,https://www.last.fm/music/The+Books,0,"experimental, electronic, indie"
Keaton Henson,12539457,506535,f58e17e6-3c99-4a17-969e-fcbb9ee2720e,https://www.last.fm/music/Keaton+Henson,0,"folk, acoustic, singer-songwriter"
TOKiMONSTA,8791570,505480,96f6ec97-998c-4991-b836-7b71feb3ca6f,https://www.last.fm/music/TOKiMONSTA,0,"electronic, instrumental hip-hop, Hip-Hop"
Lil Dicky,6524783,505318,3268f062-6e76-480a-a384-e1dd2a276afb,https://www.last.fm/music/Lil+Dicky,0,"Hip-Hop, rap, comedy"
Generationals,6310464,505255,11f34bce-298f-4527-a5eb-28cafee71c4f,https://www.last.fm/music/Generationals,0,"indie, indie pop, indie rock"
Katy B,8657147,505251,2df30b6c-997d-4c3f-abb5-5e0d6317ea57,https://www.last.fm/music/Katy+B,0,"dubstep, electronic, female vocalists"
Trace Adkins,4572462,505051,3dc9c919-508f-4255-b05e-0eed6a28137d,https://www.last.fm/music/Trace+Adkins,0,"country, modern country, trace adkins"
In This Moment,22246988,504765,29266b3d-b5ae-4d09-b721-326246adf68f,https://www.last.fm/music/In+This+Moment,0,"metalcore, melodic metalcore, Female fronted metal"
Uncle Kracker,3776088,504751,1a02e1e4-000e-46fa-83de-f3a36674e4fc,https://www.last.fm/music/Uncle+Kracker,0,"rock, pop, country"
DeVotchKa,10434850,504500,a66cc38c-e6cd-4725-a8fd-7d32b998347f,https://www.last.fm/music/DeVotchKa,0,"Gypsy, folk, indie"
The Church,7090724,504430,4fcb7864-42dd-4dcf-b269-6da0d9042956,https://www.last.fm/music/The+Church,0,"new wave, post-punk, 80s"
Ohio Players,3328959,504333,81e07550-d0e2-467e-bc71-44b5d52de8f4,https://www.last.fm/music/Ohio+Players,0,"funk, soul, 70s"
Kiiara,5844375,504198,,https://www.last.fm/music/Kiiara,0,"pop, electronic, indie"
Frank Turner,27449936,504177,aca5718f-4f49-4439-b8f6-209db3f11757,https://www.last.fm/music/Frank+Turner,0,"seen live, folk, singer-songwriter"
Circa Waves,7767514,503979,050fffd7-c7cc-4bb2-8f7a-a0ee4bc47678,https://www.last.fm/music/Circa+Waves,0,"seen live, indie rock, indie"
Chris Young,5909674,503924,b8b63b14-4ec8-4e8a-96b0-cf1f9809cf20,https://www.last.fm/music/Chris+Young,0,"country, modern country, male country"
Ckay,6120156,503443,,https://www.last.fm/music/Ckay,0,"afrobeat, nigerian, nigeria"
The Bouncing Souls,13712788,503443,429d5f26-329c-41cc-bdff-17c29dbf1fb8,https://www.last.fm/music/The+Bouncing+Souls,0,"punk, punk rock, seen live"
Fastball,4144723,503123,dc083bd6-41a3-436e-9e0a-28b4dc773820,https://www.last.fm/music/Fastball,0,"rock, alternative, 90s"
Happy Mondays,6559485,503102,01f4fb92-6bf0-4de5-83dc-3fe194e763bf,https://www.last.fm/music/Happy+Mondays,0,"madchester, indie, alternative"
Joep Beving,6488894,503044,,https://www.last.fm/music/Joep+Beving,0,"piano, contemporary classical, modern classical"
Baths,14268567,502996,84a5c934-8318-4080-8606-32b80e1b054a,https://www.last.fm/music/Baths,0,"electronic, glitch-hop, ambient"
Tortoise,12478758,502849,e0953daa-860f-4dc8-9f1a-b12587cdaf17,https://www.last.fm/music/Tortoise,0,"post-rock, instrumental, experimental"
Mark Morrison,3331177,502841,1ecc1f71-2512-442a-a85e-3c79d9ddc5cc,https://www.last.fm/music/Mark+Morrison,0,"rnb, Hip-Hop, 90s"
Amorphis,38417969,502021,efaefde1-e09b-4d49-9d8e-b1304d2ece8d,https://www.last.fm/music/Amorphis,0,"Progressive metal, death metal, Melodic Death Metal"
Mallrat,5731002,500982,,https://www.last.fm/music/Mallrat,0,"pop, electronic, seen live"
Louis The Child,8427185,500642,a56f9cc3-1569-4205-8514-9c5c545d724d,https://www.last.fm/music/Louis+The+Child,0,"electronic, nu disco, future bass"
SLEEPY HALLOW,24136968,500384,,https://www.last.fm/music/SLEEPY+HALLOW,0,"rap, trap, east coast rap"
Hippie Sabotage,7946785,500374,,https://www.last.fm/music/Hippie+Sabotage,0,"electronic, Hip-Hop, trip-hop"
Scott Walker,11307127,500291,99524243-dc2e-4bf3-82c0-72395391d21f,https://www.last.fm/music/Scott+Walker,0,"singer-songwriter, experimental, Avant-Garde"
Kevin Gates,10085002,500143,0c41b966-12e8-4c9b-87ea-af47798987b6,https://www.last.fm/music/Kevin+Gates,0,"Hip-Hop, rap, trap"
Orgy,8267481,499586,5bb2a9c8-3505-4c45-9717-19f0f8f35425,https://www.last.fm/music/Orgy,0,"industrial, industrial rock, rock"
The Undertones,5669145,499248,d188e4cd-d187-4df2-8516-6ff8dfd3735c,https://www.last.fm/music/The+Undertones,0,"punk, punk rock, new wave"
Jimmy Buffett,8295844,499119,16fdd9af-467f-47ce-bd29-3413b445b90f,https://www.last.fm/music/Jimmy+Buffett,0,"country, singer-songwriter, classic rock"
Wayne Shorter,4838498,498860,2379937f-6e0d-46a2-b8ff-633fafd72002,https://www.last.fm/music/Wayne+Shorter,0,"jazz, saxophone, Hard Bop"
Saxon,12987445,498362,bbd80354-597e-4d53-94e4-92b3a7cb8f2c,https://www.last.fm/music/Saxon,0,"heavy metal, NWOBHM, hard rock"
Klingande,4840772,498276,1faebb11-9c72-4a6f-8886-351efcab991e,https://www.last.fm/music/Klingande,0,"House, electronic, french"
Black Moth Super Rainbow,14399449,497763,44e14e88-b17a-44d8-9e94-f3afa977239b,https://www.last.fm/music/Black+Moth+Super+Rainbow,0,"psychedelic, experimental, electronic"
Rodney Atkins,3998649,497671,51e607d4-e28d-468d-8e21-429aa9ce0206,https://www.last.fm/music/Rodney+Atkins,0,"country, modern country, contemporary country"
Hoodie Allen,9241532,497011,b28ac005-27fe-4bb9-86a2-dbf55ef21469,https://www.last.fm/music/Hoodie+Allen,0,"Hip-Hop, rap, alternative rap"
Dead by April,19655588,496544,5578d1ad-02db-4b17-ada1-32d1aa4efd49,https://www.last.fm/music/Dead+by+April,0,"metalcore, Melodic Death Metal, modern metal"
Burzum,31726333,496530,49cd96a6-42c3-44f6-ba2a-cd9301046b96,https://www.last.fm/music/Burzum,0,"black metal, dark ambient, ambient black metal"
Café Tacvba,15407558,496147,c2b37a39-c66a-44b2-b190-a69485ae5d95,https://www.last.fm/music/Caf%C3%A9+Tacvba,0,"latin, mexico, alternative rock"
Kina Grannis,5704835,495855,7a1766ba-3d50-428f-b6f5-4d267248c744,https://www.last.fm/music/Kina+Grannis,0,"acoustic, female vocalists, singer songwriter"
Pete Rock,7385530,495804,39a973f2-0785-4ef6-90d9-551378864f89,https://www.last.fm/music/Pete+Rock,0,"Hip-Hop, rap, hip hop"
Dexter Gordon,4418685,495462,cc1588e1-5ba3-45a6-b80c-b31035c89339,https://www.last.fm/music/Dexter+Gordon,0,"jazz, saxophone, bebop"
Nine Days,3716266,494912,c30dfb44-768a-487b-af9c-c942682aa023,https://www.last.fm/music/Nine+Days,0,"rock, alternative rock, alternative"
Pond,10987846,494878,8154377a-42a4-4fe2-a367-689a86ff07f7,https://www.last.fm/music/Pond,0,"psychedelic, Psychedelic Rock, indie rock"
Des'ree,3289798,493499,250504d4-eca1-4b23-bea6-db1dc7d2eaf9,https://www.last.fm/music/Des%27ree,0,"soul, pop, female vocalists"
Clark,12102009,493409,bae7f609-bd83-4910-b07e-57ce317d46af,https://www.last.fm/music/Clark,0,"idm, electronic, experimental"
idealism,8488783,493325,,https://www.last.fm/music/idealism,0,"trip-hop, downtempo, Lo-Fi"
Xavier Rudd,8178966,493223,6689a626-4de7-41d5-9ec3-5a289472a9e2,https://www.last.fm/music/Xavier+Rudd,0,"acoustic, folk, australian"
Seeed,13431443,493001,49c43c49-328d-4b14-8a1d-be99cafaec14,https://www.last.fm/music/Seeed,0,"reggae, dancehall, german"
Bakermat,5241656,492852,df60a241-e8df-4917-82db-1f1a8ecd7cc3,https://www.last.fm/music/Bakermat,0,"House, deep house, dutch"
Stacey Kent,6250124,492808,7cd536a1-8d66-49e3-bf14-e1be74a06363,https://www.last.fm/music/Stacey+Kent,0,"jazz, female vocalists, vocal jazz"
Eros Ramazzotti,8105844,492718,3ab7295a-54ac-40e8-b1b2-3d110a143550,https://www.last.fm/music/Eros+Ramazzotti,0,"italian, pop, italian pop"
Kamelot,39163123,492593,46f4cd77-8870-4ad8-a205-1bee18901d0f,https://www.last.fm/music/Kamelot,0,"Power metal, symphonic metal, Progressive metal"
Slick Rick,4837667,491663,486af4f0-a79b-468f-be73-527cd4caf6ea,https://www.last.fm/music/Slick+Rick,0,"Hip-Hop, old school, rap"
The Fall of Troy,20558002,491278,8d3ee4ba-be21-470c-bb7c-4c124c3eb989,https://www.last.fm/music/The+Fall+of+Troy,0,"post-hardcore, experimental, hardcore"
Lighthouse Family,5061589,491008,3ebe18d1-dfb6-41eb-8447-4a7693f79d9a,https://www.last.fm/music/Lighthouse+Family,0,"pop, soul, easy listening"
Prince Royce,7499247,490785,d1689304-23ac-4eae-a147-bd2e4100581a,https://www.last.fm/music/Prince+Royce,0,"bachata, mierda, black metal"
Baauer,4219767,490661,61a54a1e-3fa1-4ccc-bfc2-86c1a27e27de,https://www.last.fm/music/Baauer,0,"trap, electronic, bass"
Modern English,3298085,490377,78605d0c-7454-456d-934c-51eb46122566,https://www.last.fm/music/Modern+English,0,"new wave, post-punk, 80s"
STAYC,53505425,489736,,https://www.last.fm/music/STAYC,0,"k-pop, STAYC, Kpop"
Anarbor,7167562,489626,6e9b8c29-2542-4283-8f04-ba32a6927d86,https://www.last.fm/music/Anarbor,0,"pop punk, rock, indie"
Maisie Peters,25374154,489531,,https://www.last.fm/music/Maisie+Peters,0,"pop, folk, indie"
Scarface,4971541,489408,db703302-dd01-4535-b35c-e608c4dd82b0,https://www.last.fm/music/Scarface,0,"Hip-Hop, rap, Gangsta Rap"
Max Romeo,3718122,489251,d82e9822-521a-4e20-bb22-9e944374cd40,https://www.last.fm/music/Max+Romeo,0,"reggae, roots reggae, dub"
Shuggie Otis,4745057,488904,ff9542ca-7859-4db2-8796-c1e3c39b9c0a,https://www.last.fm/music/Shuggie+Otis,0,"soul, funk, blues"
Gus Dapperton,10110020,488714,,https://www.last.fm/music/Gus+Dapperton,0,"indie pop, indie, Lo-Fi"
Charles Bradley,7186583,488575,dc6d2ba1-012c-47a7-ba3f-d74e76c30d53,https://www.last.fm/music/Charles+Bradley,0,"soul, seen live, funk"
CupcakKe,8625276,488557,,https://www.last.fm/music/CupcakKe,0,"rap, Hip-Hop, hip hop"
Ini Kamoze,2849883,487943,ce29fa89-8aed-4f7b-8b3e-a34d0c9ed0c6,https://www.last.fm/music/Ini+Kamoze,0,"reggae, dancehall, 90s"
Magdalena Bay,19289530,487816,,https://www.last.fm/music/Magdalena+Bay,0,"synthpop, electropop, indie pop"
Barrington Levy,4588770,487774,8ddf3da1-dfa9-490a-93cc-7d4072319995,https://www.last.fm/music/Barrington+Levy,0,"reggae, dancehall, dub"
Alejandro Sanz,8839381,487591,9bacf78f-9132-43da-8873-8a9eb49da0e9,https://www.last.fm/music/Alejandro+Sanz,0,"spanish, latin, pop"
The Staple Singers,3197195,487275,3d49e36a-cc9e-411e-93c6-d1646ba5bd3a,https://www.last.fm/music/The+Staple+Singers,0,"soul, gospel, rhythm and blues"
Christine and the Queens,12790376,487275,9c90ffbf-b137-4dee-bfcc-b8010787840d,https://www.last.fm/music/Christine+and+the+Queens,0,"french, pop, seen live"
New York Dolls,5289100,487241,1b96b9c9-0832-40cb-9f8d-7274de3733fc,https://www.last.fm/music/New+York+Dolls,0,"glam rock, punk, proto-punk"
Donell Jones,3765670,487078,ff1d04f2-2bbd-47d8-b722-6ac8c53b71b3,https://www.last.fm/music/Donell+Jones,0,"rnb, soul, Donell Jones"
La Oreja de Van Gogh,13037098,486680,a7c38944-b3fa-4a3d-a4bd-d3b3b06f0cbf,https://www.last.fm/music/La+Oreja+de+Van+Gogh,0,"spanish, pop, female vocalists"
Wang Chung,3215227,486666,47c8a452-4efb-45b4-a0d3-df506dbe42b2,https://www.last.fm/music/Wang+Chung,0,"80s, new wave, pop"
MATOMA,5139129,486660,,https://www.last.fm/music/MATOMA,0,"House, electronic, chillout"
Paradise Lost,37720457,486503,6c18e442-1c51-4aca-bae7-413ae2a86731,https://www.last.fm/music/Paradise+Lost,0,"Gothic Metal, doom metal, metal"
ASIAN KUNG-FU GENERATION,28391437,486440,14e410f5-97f2-48ba-b1f7-a3a44cbea05c,https://www.last.fm/music/ASIAN+KUNG-FU+GENERATION,0,"J-rock, japanese, rock"
Del Shannon,3514089,486437,2e885bfb-1f59-49cf-8d51-e743445e1b48,https://www.last.fm/music/Del+Shannon,0,"60s, oldies, rock n roll"
Sabrina Claudio,11613119,486299,,https://www.last.fm/music/Sabrina+Claudio,0,"rnb, pop, soul"
DJ Sammy,3671617,486295,c43e35b8-8234-408b-9a25-07f2fcbeb317,https://www.last.fm/music/DJ+Sammy,0,"dance, trance, electronic"
Jonny Greenwood,7494882,486021,e9fcfbbf-1743-4f73-8744-ada8da7394ea,https://www.last.fm/music/Jonny+Greenwood,0,"experimental, electronic, instrumental"
Matthew Wilder,3287855,485405,471e21ab-7a14-4190-a9d2-f95197616df4,https://www.last.fm/music/Matthew+Wilder,0,"80s, pop, one hit wonder"
Harold Budd,9391433,485347,5c864a6f-146e-4225-986d-3295ce90f784,https://www.last.fm/music/Harold+Budd,0,"ambient, minimalism, minimal"
Florida Georgia Line,10186500,485300,c16817df-0160-490d-a437-c128cbca9218,https://www.last.fm/music/Florida+Georgia+Line,0,"country, country rock, Southern Rock"
Minutemen,15573007,485226,d4ad0149-d8ae-4105-8009-0221fce9ff35,https://www.last.fm/music/Minutemen,0,"punk, post-punk, hardcore punk"
Atlas Genius,5878838,485145,967234b5-bef9-4fee-8dfe-61fbcd400d8b,https://www.last.fm/music/Atlas+Genius,0,"indie rock, electronic, indie"
Ulver,29930088,485097,7d209631-ccb8-4a87-8516-64abe4c22dba,https://www.last.fm/music/Ulver,0,"black metal, experimental, ambient"
Chubby Checker,2708466,484927,920febb2-ea05-4339-8a08-17294e60c736,https://www.last.fm/music/Chubby+Checker,0,"Rock and Roll, 60s, twist"
Bishop Briggs,6578369,484770,,https://www.last.fm/music/Bishop+Briggs,0,"indie, pop, british"
Never Shout Never,19943154,484503,2d5b19d2-2e63-4416-a99e-044ab302811c,https://www.last.fm/music/Never+Shout+Never,0,"acoustic, indie, pop"
John Cale,7557202,483854,72c090b6-a68e-4cb9-b330-85278681a714,https://www.last.fm/music/John+Cale,0,"experimental, singer-songwriter, rock"
Dermot Kennedy,10797857,483827,,https://www.last.fm/music/Dermot+Kennedy,0,"singer-songwriter, seen live, folk"
Giorgio Moroder,5584692,483345,38dd6337-19ae-4793-ab4b-313eff523457,https://www.last.fm/music/Giorgio+Moroder,0,"Disco, electronic, synthpop"
Desire,6859579,482820,d4c44722-d8e2-43a3-b5f6-b4648462310b,https://www.last.fm/music/Desire,0,"doom metal, electronic, synthpop"
Bayside,18453153,482801,5f821136-9935-403c-abb5-e78ddda35e9f,https://www.last.fm/music/Bayside,0,"seen live, emo, rock"
Steve Angello,3135117,482671,4069600e-55c1-46dd-814f-4166d5b5dbba,https://www.last.fm/music/Steve+Angello,0,"House, Progressive House, electronic"
Venetian Snares,16620202,482096,56abaa47-0101-463b-b37e-e961136fec39,https://www.last.fm/music/Venetian+Snares,0,"breakcore, idm, electronic"
Anamanaguchi,16063831,482082,e4d7cfe5-0bed-46cf-acad-ab9a4dcb7aa6,https://www.last.fm/music/Anamanaguchi,0,"chiptune, 8-bit, electronic"
McCoy Tyner,3718408,482005,22fe7b6f-af38-458e-87bd-8971e7a2912e,https://www.last.fm/music/McCoy+Tyner,0,"jazz, piano, jazz piano"
Tiffany,3754400,481962,d29c21c5-8ee7-474f-b5fd-55ac9f459d08,https://www.last.fm/music/Tiffany,0,"pop, 80s, female vocalists"
Anna Kendrick,4379111,481949,5c3dffd4-dc80-4331-a98e-101046d6b747,https://www.last.fm/music/Anna+Kendrick,0,"pop, Soundtrack, american"
John Maus,17155140,481860,c6be66af-28b4-4b87-a8ba-3f46ec6fe986,https://www.last.fm/music/John+Maus,0,"Lo-Fi, experimental, Avant-Garde"
Panchiko,21694214,481434,,https://www.last.fm/music/Panchiko,0,"shoegaze, indie rock, Lo-Fi"
Teenage Fanclub,11114116,481428,e6f8912b-7df9-4aae-b551-2cd03dc29588,https://www.last.fm/music/Teenage+Fanclub,0,"power pop, indie, Scottish"
The Black Angels,12604296,481314,,https://www.last.fm/music/The+Black+Angels,0,"Psychedelic Rock, psychedelic, rock"
Fabrizio Paterlini,6435987,481139,066160ce-d1fe-4e93-a446-2f72f15a580b,https://www.last.fm/music/Fabrizio+Paterlini,0,"piano, contemporary classical, Classical"
Daniel Bedingfield,3841517,480273,9169bdc6-5725-45ec-bba5-e9df75dbe8cc,https://www.last.fm/music/Daniel+Bedingfield,0,"pop, british, dance"
Kenny G,6876093,480231,e2ad4f2f-adee-45e9-8950-543e4c04be55,https://www.last.fm/music/Kenny+G,0,"jazz, Smooth Jazz, saxophone"
The Box Tops,2931972,479930,1c78ab62-db33-4433-8d0b-7c8dcf1849c2,https://www.last.fm/music/The+Box+Tops,0,"60s, classic rock, rock"
Jay Electronica,7346720,479555,8bf283b9-b1e2-4632-a953-eacd212a543e,https://www.last.fm/music/Jay+Electronica,0,"Hip-Hop, underground hip-hop, rap"
AZ,5394025,479209,bb281e1b-bf00-49bb-ad31-80a85d30833d,https://www.last.fm/music/AZ,0,"Hip-Hop, rap, new york"
Bedroom,6673987,479095,faf709c5-beb6-4a94-b8ff-d826319dc4b1,https://www.last.fm/music/Bedroom,0,"ambient, Lo-Fi, chillwave"
Gordon Lightfoot,6233592,478525,9d97b077-b28d-4ba8-a3d9-c71926e3b2b6,https://www.last.fm/music/Gordon+Lightfoot,0,"folk, singer-songwriter, Canadian"
Sunrise Avenue,11765563,477897,fa57d5dc-bcfa-40ea-9638-3d3cd89d1258,https://www.last.fm/music/Sunrise+Avenue,0,"rock, pop rock, finnish"
Exodus,16501006,477459,eddbc107-c3cd-446f-b6ad-b7ed277bf401,https://www.last.fm/music/Exodus,0,"thrash metal, metal, speed metal"
Sheppard,4606875,477381,6390e20f-bacf-474e-954e-5b12da73350e,https://www.last.fm/music/Sheppard,0,"indie, australian, folk"
Babyface,3877535,477161,7fa62c0b-2c74-491e-a2a1-17c3b043f326,https://www.last.fm/music/Babyface,0,"rnb, soul, male vocalists"
Boz Scaggs,4493351,477114,18a33653-bbaf-4aa7-884c-73f02a7a4515,https://www.last.fm/music/Boz+Scaggs,0,"classic rock, soft rock, adult contemporary"
Scott McKenzie,2810290,476485,120d7ba0-73e1-4e96-98e3-e75f60f232e8,https://www.last.fm/music/Scott+McKenzie,0,"classic rock, 60s, folk"
Camel,17303418,476214,fcacd851-fce5-4715-8d77-3750943384ca,https://www.last.fm/music/Camel,0,"Progressive rock, classic rock, art rock"
Pete Rock & C.L. Smooth,5239850,476010,cff77480-7ba4-4206-b1a8-e1b98b38f07c,https://www.last.fm/music/Pete+Rock+&+C.L.+Smooth,0,"Hip-Hop, rap, hip hop"
Old Crow Medicine Show,7912548,475970,0202af38-ac32-48d0-a546-87caaef2dee2,https://www.last.fm/music/Old+Crow+Medicine+Show,0,"bluegrass, folk, americana"
Moses Sumney,8963378,475685,89c081d4-2ab2-4d3e-8589-ad77dfc40384,https://www.last.fm/music/Moses+Sumney,0,"soul, seen live, art pop"
KMFDM,20412073,475470,45074d7c-5307-44a8-854f-ae072e1622ae,https://www.last.fm/music/KMFDM,0,"industrial, industrial rock, industrial metal"
New Kids on the Block,4456995,474242,090dafe5-818c-4bba-9ebf-7e3a651a5c43,https://www.last.fm/music/New+Kids+on+the+Block,0,"pop, boybands, 80s"
Klangkarussell,5692854,474071,dbbd3f1f-1c25-4dd6-b6d0-5a1bc7a3acc1,https://www.last.fm/music/Klangkarussell,0,"House, minimal, electro"
The Word Alive,11525873,474043,e2cd69b3-ef80-4d53-aa86-a97d6f44573a,https://www.last.fm/music/The+Word+Alive,0,"post-hardcore, metalcore, screamo"
Whitney,9748565,473752,c8adeb75-8ec5-4b0f-a5d3-13e87da1d19a,https://www.last.fm/music/Whitney,0,"seen live, indie, indie rock"
Billy Squier,3591674,473521,3792dcb3-036e-45d6-8ee2-ff8d12c6c6c9,https://www.last.fm/music/Billy+Squier,0,"classic rock, rock, hard rock"
Zaz,13501837,473512,e3214827-bd09-4d53-a88c-893d61556352,https://www.last.fm/music/Zaz,0,"jazz, french, female vocalists"
Boris,18043442,473422,b46277a8-5982-4340-a5a3-4e883d6103a8,https://www.last.fm/music/Boris,0,"drone, Stoner Rock, experimental"
Duncan Laurence,6950340,473221,,https://www.last.fm/music/Duncan+Laurence,0,"pop, Eurovision, soul"
Red House Painters,12655645,473180,06e59c30-5e21-4318-96e8-7a5f7e309af1,https://www.last.fm/music/Red+House+Painters,0,"slowcore, indie, folk"
Y2K,4499611,472886,aced0002-ddf6-4fad-bf43-ac1add65166e,https://www.last.fm/music/Y2K,0,"electronic, Hip-Hop, rap"
Soap&Skin,10664012,472179,93cf754c-6bdc-4b05-96b5-f210a7936af6,https://www.last.fm/music/Soap&Skin,0,"experimental, piano, female vocalists"
Shlohmo,10535495,471771,21a0e450-ae4d-473a-add4-744542ab9bf5,https://www.last.fm/music/Shlohmo,0,"experimental, electronic, glitch-hop"
Buckethead,26427197,471671,b5179744-f217-4455-9d8b-17b8d4fdeb93,https://www.last.fm/music/Buckethead,0,"experimental, instrumental, guitar virtuoso"
Our Last Night,17068005,470652,5466b02a-4465-4e87-b372-584cd5f97bff,https://www.last.fm/music/Our+Last+Night,0,"post-hardcore, screamo, emocore"
Gramatik,14196827,470551,9b62a8a3-fcd5-4b51-a970-0f08a440ed6d,https://www.last.fm/music/Gramatik,0,"Hip-Hop, funk, downtempo"
Foxes,12137565,470421,19fccfa3-84ad-42b2-b52d-d5d9a5a6046e,https://www.last.fm/music/Foxes,0,"pop, indie, indie pop"
Merle Haggard,5996154,470322,deb2448c-6fdf-4d31-921e-757630515dbd,https://www.last.fm/music/Merle+Haggard,0,"country, classic country, outlaw country"
Cornershop,3980087,470132,92046be7-0927-4835-a4ed-a90416747d53,https://www.last.fm/music/Cornershop,0,"indie, britpop, alternative"
Reik,8502588,469866,04cff564-a2e3-4560-8e7e-bc2539e7b46c,https://www.last.fm/music/Reik,0,"latin pop, reik, pop"
Carlos Vives,5582303,469646,ac367c2e-7783-41e5-a184-131da6b0c166,https://www.last.fm/music/Carlos+Vives,0,"latin, vallenato, Colombia"
Charles Aznavour,6835831,469633,5f264b87-d5f6-487d-aa3e-ae4c5f0c6fc9,https://www.last.fm/music/Charles+Aznavour,0,"french, chanson francaise, chanson"
2 Unlimited,4088615,469368,622bbe24-b848-409b-9f2e-f0fb04df4af0,https://www.last.fm/music/2+Unlimited,0,"eurodance, dance, 90s"
E-40,5400963,469357,a449973b-074b-4cf0-a4d6-f11fa2d1073f,https://www.last.fm/music/E-40,0,"rap, Hip-Hop, hyphy"
Oscar Peterson Trio,4820455,469165,ed801bdd-f057-41c0-94fb-76cb5676cd59,https://www.last.fm/music/Oscar+Peterson+Trio,0,"jazz, piano, jazz piano"
Dr. Alban,3409949,469137,85a3072a-08eb-43a4-a57d-f7084503ee4c,https://www.last.fm/music/Dr.+Alban,0,"dance, eurodance, 90s"
The Archies,2469798,469124,623d5f3f-3093-4711-881f-ed33eda10882,https://www.last.fm/music/The+Archies,0,"60s, oldies, pop"
Vanessa Paradis,5583772,468987,46193c80-959a-499d-b42f-f33ba7b9b18e,https://www.last.fm/music/Vanessa+Paradis,0,"french, female vocalists, pop"
Andrew W.K.,9938229,468894,ef2d4a1c-195e-41f4-839e-bdfd3f85adc3,https://www.last.fm/music/Andrew+W.K.,0,"rock, hard rock, seen live"
Lucy Rose,7172332,468671,c79df192-153f-4cc3-b9bf-9c36bc797c73,https://www.last.fm/music/Lucy+Rose,0,"folk, female vocalists, indie"
Seb,4323096,468432,6a4e9454-c459-4bdd-a16e-65b75443cbc2,https://www.last.fm/music/Seb,0,"happy hardcore, electronic, trance"
Clutch,23079187,468345,0cdb0359-5698-487d-9aae-a25fb4dcdc4d,https://www.last.fm/music/Clutch,0,"Stoner Rock, hard rock, rock"
Crystal Waters,3358494,468069,8f4c7ad3-c95c-4d62-a554-3416fb5204f4,https://www.last.fm/music/Crystal+Waters,0,"House, dance, 90s"
Bobby Shmurda,4812156,467836,4ec3b7d8-efbb-4672-8067-5e72bd8dba3e,https://www.last.fm/music/Bobby+Shmurda,0,"Hip-Hop, rap, hip hop"
Blossom Dearie,4526091,467516,6d3e8d4d-c0c9-4208-87d8-900ab1134b1b,https://www.last.fm/music/Blossom+Dearie,0,"jazz, female vocalists, jazz vocal"
Excision,6521108,467449,733c6e6f-0306-403e-9243-82b16a4f82d8,https://www.last.fm/music/Excision,0,"dubstep, darkstep, electronic"
Danger,6337388,467361,ece61599-470e-4eb6-95bb-0ad7030809b7,https://www.last.fm/music/Danger,0,"electro, electronic, french"
Pain,19958210,467071,d28c862d-c6c9-43bb-995e-eb6fa198be9e,https://www.last.fm/music/Pain,0,"industrial metal, metal, industrial"
Fantasia,3922336,466679,fd15aa8e-2595-4029-b547-3ca682eca57c,https://www.last.fm/music/Fantasia,0,"rnb, soul, female vocalists"
TomppaBeats,10699741,466120,,https://www.last.fm/music/TomppaBeats,0,"beats, chillhop, Lo-Fi"
White Town,3093300,465769,b9068fde-91c8-48bf-8655-8d74c24ef4c5,https://www.last.fm/music/White+Town,0,"electronic, 90s, alternative"
Operation Ivy,11158415,465617,931e1d1f-6b2f-4ff8-9f70-aa537210cd46,https://www.last.fm/music/Operation+Ivy,0,"punk, ska, ska punk"
Theophilus London,6343972,464948,806df23f-ad74-45c1-9c07-f3d1a20748d6,https://www.last.fm/music/Theophilus+London,0,"Hip-Hop, electronic, indie"
Suicide,6758240,464140,a641ecb0-9cd3-47b4-b7f1-e82c50b45484,https://www.last.fm/music/Suicide,0,"post-punk, experimental, electronic"
Richard Strauss,3439025,464051,4cb43d82-824e-4034-b03d-1a98f36f6e16,https://www.last.fm/music/Richard+Strauss,0,"Classical, romantic, german"
George Thorogood & The Destroyers,3958333,463981,bc01f01c-a401-40d8-9472-b377ac33af05,https://www.last.fm/music/George+Thorogood+&+The+Destroyers,0,"blues rock, classic rock, rock"
Alabama,5231395,463972,7ac055fa-e357-4890-9098-010b8094a900,https://www.last.fm/music/Alabama,0,"country, Southern Rock, Alabama"
The Sugarcubes,5882230,463882,95303251-46d5-4239-89c8-eaf0b0947a11,https://www.last.fm/music/The+Sugarcubes,0,"icelandic, alternative, indie"
Yello,7243058,463304,c616aef1-e21f-46f8-864f-b7bad96f41b2,https://www.last.fm/music/Yello,0,"electronic, synth pop, new wave"
Shocking Blue,5364029,462431,8b399704-17f4-4001-943b-1d2b848940aa,https://www.last.fm/music/Shocking+Blue,0,"classic rock, rock, 60s"
Traditional,4654598,462091,9be7f096-97ec-4615-8957-8d40b5dcbc41,https://www.last.fm/music/Traditional,0,"folk, traditional, ethnic"
Hiatus Kaiyote,10681170,461609,55c03773-59ea-4d4e-9057-87c2ecab005d,https://www.last.fm/music/Hiatus+Kaiyote,0,"soul, nu jazz, future soul"
Rufus,2774373,460911,ec6b11b5-d6a6-4c77-af55-8076a160cc94,https://www.last.fm/music/Rufus,0,"funk, soul, Disco"
Blu Cantrell,2933115,460903,f28cabfc-3cf5-4886-b832-36ab708fbb0a,https://www.last.fm/music/Blu+Cantrell,0,"rnb, pop, soul"
Gemini,7368128,460575,f79efaac-8f5a-458b-b278-fe2928f05f6a,https://www.last.fm/music/Gemini,0,"dubstep, Drum and bass, House"
Los Del Rio,1754830,460462,c152ed9f-7a4c-4006-af2d-ed8b7126b0a0,https://www.last.fm/music/Los+Del+Rio,0,"pop, dance, 90s"
Half Moon Run,7215702,460432,b48e0b4e-587b-4fb4-9706-78dfd1a5ea92,https://www.last.fm/music/Half+Moon+Run,0,"seen live, indie, indie rock"
Visage,3703105,460389,74f5365e-d77c-4a33-9715-7d5f049c9fbb,https://www.last.fm/music/Visage,0,"new wave, 80s, synthpop"
Mike Jones,2989979,460136,3f5528fc-f884-47a8-bd5b-508b363a6362,https://www.last.fm/music/Mike+Jones,0,"rap, Hip-Hop, Dirty South"
Hudson Mohawke,7095503,459850,3d403d44-36ce-465c-ad43-ae877e65adc4,https://www.last.fm/music/Hudson+Mohawke,0,"electronic, experimental, Hip-Hop"
Culture Beat,2849068,459832,97c30dea-ca61-4efe-be4c-3d56de7900db,https://www.last.fm/music/Culture+Beat,0,"eurodance, dance, 90s"
Too $hort,3730659,458961,8e0fe7bd-bd17-4d25-9b68-1e6a60705477,https://www.last.fm/music/Too+$hort,0,"rap, Hip-Hop, West Coast Rap"
The Gap Band,3018772,458858,00aab979-da36-4efd-9086-e409cda07f9c,https://www.last.fm/music/The+Gap+Band,0,"funk, soul, Disco"
Die Toten Hosen,28694774,458697,c3bc80a6-1f4a-4e17-8cf0-6b1efe8302f1,https://www.last.fm/music/Die+Toten+Hosen,0,"punk rock, german, punk"
Mase,2907253,458585,76716b81-e361-427e-a931-19373388387d,https://www.last.fm/music/Mase,0,"Hip-Hop, rap, hip hop"
Scary Kids Scaring Kids,10648135,458565,90cda7b7-9112-4ec7-9d6f-3f4675ef5130,https://www.last.fm/music/Scary+Kids+Scaring+Kids,0,"post-hardcore, screamo, emo"
Walk Off the Earth,6256748,458284,e2a5eaeb-7de7-4ffe-a519-e18e427a5060,https://www.last.fm/music/Walk+Off+the+Earth,0,"indie, indie rock, rock"
Vicetone,7428354,458186,cc91bb2e-7330-4f9e-ae04-4f78f49e3155,https://www.last.fm/music/Vicetone,0,"House, electronic, Progressive House"
Laura Pausini,16730924,457907,472b9953-1f10-4aed-b1ec-d0c23ffb2cf1,https://www.last.fm/music/Laura+Pausini,0,"italian, pop, female vocalists"
Weather Report,5920193,457818,0f9997bd-e079-429e-8ccd-9378c9b0c746,https://www.last.fm/music/Weather+Report,0,"jazz, Fusion, jazz fusion"
Jasmine Thompson,5193791,457718,04e74624-554c-4689-a811-92e6145f40c0,https://www.last.fm/music/Jasmine+Thompson,0,"pop, female vocalists, british"
Tal Bachman,2423135,457414,f8364fea-e139-4e9b-9f95-2081dc7a91b6,https://www.last.fm/music/Tal+Bachman,0,"pop, rock, Canadian"
Nate Dogg,3827104,457066,405528df-2632-4730-80fc-83e775a97651,https://www.last.fm/music/Nate+Dogg,0,"G-funk, Hip-Hop, rap"
Calle 13,11083634,457026,5be7d200-5499-4bba-b29b-1ac554199d23,https://www.last.fm/music/Calle+13,0,"Reggaeton, latin, hip hop"
Oomph!,25100850,456417,d82ba5f4-da09-479a-ab18-4b1a122c4345,https://www.last.fm/music/Oomph%21,0,"industrial metal, industrial, german"
Kerli,9129084,456236,acf295f0-a10c-4c6a-ad0b-b01f82009153,https://www.last.fm/music/Kerli,0,"alternative, pop, female vocalists"
Russian Circles,15850167,455649,cca40a67-e959-46f8-a3f3-8a3f77d2da9e,https://www.last.fm/music/Russian+Circles,0,"post-rock, Post-Metal, instrumental"
Maribou State,9046145,455489,72034a05-bcd8-40c2-8255-3ee4ac0e7ef0,https://www.last.fm/music/Maribou+State,0,"ambient, electronic, future garage"
The Black Ghosts,4807892,455253,f6dcd1e0-ad40-4687-8501-5b9a0d1d74e4,https://www.last.fm/music/The+Black+Ghosts,0,"electronic, new rave, electro"
Carl Douglas,1898569,454758,2100ca6c-5a1d-463e-b50b-7e649debc454,https://www.last.fm/music/Carl+Douglas,0,"Disco, funk, 70s"
Marlena Shaw,3013103,454112,f94db5b3-9260-4e81-9d35-6806e50c713f,https://www.last.fm/music/Marlena+Shaw,0,"soul, female vocalists, jazz"
M.O.P.,4312958,453974,dbe35fab-1b3a-469b-87f0-6a54ef8de3c4,https://www.last.fm/music/M.O.P.,0,"Hip-Hop, rap, hip hop"
St. Lucia,6452065,453315,d996eadd-029d-4478-aa4b-fc9446653548,https://www.last.fm/music/St.+Lucia,0,"electronic, indie, synthpop"
Guru,6889930,452753,9145050e-7599-4058-8191-1318dcf58337,https://www.last.fm/music/Guru,0,"Hip-Hop, Jazz Hop, rap"
Gary Clark Jr.,6766343,452590,c733c4e6-22a2-499d-ace7-17b832356aff,https://www.last.fm/music/Gary+Clark+Jr.,0,"blues, blues rock, soul"
Ty Segall,17052244,452030,07a17571-81fc-4cf8-a634-98f0d926d313,https://www.last.fm/music/Ty+Segall,0,"Garage Rock, Lo-Fi, seen live"
Funki Porcini,5144506,451952,2adb429d-e39c-467b-b175-3f40440ff630,https://www.last.fm/music/Funki+Porcini,0,"downtempo, ninja tune, trip-hop"
Jenny Lewis,8290933,451552,9ad6d1e3-427f-4921-b603-7e9eda94a061,https://www.last.fm/music/Jenny+Lewis,0,"indie, female vocalists, singer-songwriter"
Smog,9285690,451423,a2caf598-c303-4832-8de9-d6432fa7435e,https://www.last.fm/music/Smog,0,"singer-songwriter, Lo-Fi, indie"
Eluveitie,41164672,450455,8000598a-5edb-401c-8e6d-36b167feaf38,https://www.last.fm/music/Eluveitie,0,"folk metal, Melodic Death Metal, pagan metal"
Nicky Romero,4170736,450393,9d5370f0-b4cf-46c2-86f8-b2c342b296e8,https://www.last.fm/music/Nicky+Romero,0,"House, electronic, electro house"
The Waterboys,6388533,450210,21666405-49f8-44f6-94bb-e064f202f7ba,https://www.last.fm/music/The+Waterboys,0,"folk rock, rock, celtic"
Dennis Lloyd,5711137,449649,,https://www.last.fm/music/Dennis+Lloyd,0,"indie, pop, indie pop"
Los Fabulosos Cadillacs,8526687,449347,cfe85625-10af-46c1-99fb-765ed3a4f1ad,https://www.last.fm/music/Los+Fabulosos+Cadillacs,0,"ska, argentina, Rock Argentino"
People Under the Stairs,7433966,449257,3dc00dcb-6106-43d1-b48d-21d236f53983,https://www.last.fm/music/People+Under+the+Stairs,0,"Hip-Hop, underground hip-hop, hip hop"
Lennon Stella,6458036,449244,,https://www.last.fm/music/Lennon+Stella,0,"pop, indie pop, indie"
David Archuleta,9058800,449122,150c1fdf-3fc1-4672-93fa-a1aca0a85a53,https://www.last.fm/music/David+Archuleta,0,"pop, American Idol, male vocalists"
Steve Vai,11035862,449087,5e7ccd92-6277-451a-aab9-1efd587c50f3,https://www.last.fm/music/Steve+Vai,0,"guitar virtuoso, instrumental rock, rock"
Pharoahe Monch,4984444,448972,a4d62ced-2f87-488a-9c76-ab88ea7a2cbf,https://www.last.fm/music/Pharoahe+Monch,0,"Hip-Hop, rap, hip hop"
Horace Silver,3653644,448285,eb34b261-d9da-4ab4-abd3-34e7690d80ef,https://www.last.fm/music/Horace+Silver,0,"jazz, Hard Bop, piano"
Daniela Andrade,3879074,448212,a70bb21e-f84f-4343-978c-346a2c01d38e,https://www.last.fm/music/Daniela+Andrade,0,"folk, acoustic, indie"
Mayhem,18429634,448206,ec277bdf-319f-4097-8d2f-39a94f2ea575,https://www.last.fm/music/Mayhem,0,"black metal, Norwegian Black Metal, norwegian"
Kupla,7681916,447837,2140553b-34d8-4b97-b08c-d77c32f60e81,https://www.last.fm/music/Kupla,0,"chillout, ambient, Lo-Fi"
Veruca Salt,5791127,447735,86e8e21a-d29f-47d2-bbf0-e079f7044e71,https://www.last.fm/music/Veruca+Salt,0,"female vocalists, alternative, Grunge"
Otto Knows,3402290,447098,ea745294-9bcd-4d41-99ee-ae4ec9d0438e,https://www.last.fm/music/Otto+Knows,0,"House, dance, swedish"
Bobby Vinton,3219740,447089,f37f26ea-6a9a-49b8-9614-bdad762f1ba6,https://www.last.fm/music/Bobby+Vinton,0,"oldies, 60s, pop"
Level 42,4784317,447000,d69ee229-2f36-494c-b104-9ae0d8be506b,https://www.last.fm/music/Level+42,0,"80s, pop, funk"
ritt momney,5056436,446965,,https://www.last.fm/music/ritt+momney,0,"indie pop, indie, indie rock"
Art Blakey & The Jazz Messengers,4436714,446564,209ddf15-ee0a-41a1-a1f5-6f4c0409d2ee,https://www.last.fm/music/Art+Blakey+&+The+Jazz+Messengers,0,"jazz, bebop, Hard Bop"
Brigitte Bardot,4315003,446515,efbdded5-ab91-4bb7-ba57-f36d7413eb70,https://www.last.fm/music/Brigitte+Bardot,0,"french, 60s, female vocalists"
Ensiferum,34676518,446390,6e64cbfa-1a60-450e-81f4-c044c868ab24,https://www.last.fm/music/Ensiferum,0,"folk metal, viking metal, Melodic Death Metal"
RÜFÜS DU SOL,12895231,446092,,https://www.last.fm/music/R%C3%9CF%C3%9CS+DU+SOL,0,"electronic, House, australian"
Gillian Welch,7574982,446026,2ff49515-1701-4bac-a53a-04345893f3f3,https://www.last.fm/music/Gillian+Welch,0,"Alt-country, singer-songwriter, americana"
Joywave,7806926,445211,40ba9452-6a60-42a2-8704-572c7a598bf7,https://www.last.fm/music/Joywave,0,"electronic, indie, shoegaze"
Troy,4274441,444886,fa9c5983-41f4-4160-b285-a4d15482c25f,https://www.last.fm/music/Troy,0,"zac efron, High School Musical, pop"
Cloud Nothings,13360304,443857,29c91854-8c45-469b-b36d-a11fb650638b,https://www.last.fm/music/Cloud+Nothings,0,"indie rock, Lo-Fi, seen live"
Aquilo,5491564,443844,6c1a2bc2-f546-47cf-9380-b858a06f71cf,https://www.last.fm/music/Aquilo,0,"indie, electronic, indie rock"
Silver Jews,12933349,443261,1bc2d696-c0e2-480d-87ed-17b2a82d7983,https://www.last.fm/music/Silver+Jews,0,"indie, Lo-Fi, indie rock"
Thee Oh Sees,17860137,442851,194272cc-dcc8-4640-a4a6-66da7d250d5c,https://www.last.fm/music/Thee+Oh+Sees,0,"Garage Rock, Lo-Fi, seen live"
San Cisco,7253979,442631,31dd3369-d9d7-42a4-a586-9029c0520ddd,https://www.last.fm/music/San+Cisco,0,"indie pop, indie, australian"
Alannah Myles,3070745,442349,14156fcd-ba0f-45be-88c0-e10fb6acf4b2,https://www.last.fm/music/Alannah+Myles,0,"rock, female vocalists, 80s"
Christian Leave,6059010,441571,,https://www.last.fm/music/Christian+Leave,0,"alternative, indie pop, oklahoma"
Skindred,11666881,441255,36e371e9-e76b-4b66-b813-e1d1af6d7128,https://www.last.fm/music/Skindred,0,"reggae metal, metal, reggae"
Lorn,11815237,441157,d7f7f338-7715-4a67-9589-586f70957824,https://www.last.fm/music/Lorn,0,"idm, electronic, dubstep"
Carcass,20226534,441128,d50a4b89-ff1f-4659-9fde-f76f8d5b3c89,https://www.last.fm/music/Carcass,0,"death metal, grindcore, Melodic Death Metal"
Busted,8595868,441098,ee7cd965-254c-4333-a43d-54cb47143dec,https://www.last.fm/music/Busted,0,"pop, british, pop rock"
Pat Metheny,7960847,440635,7daac7f9-8fcc-485f-a14f-f8091d98cf25,https://www.last.fm/music/Pat+Metheny,0,"jazz, Fusion, guitar"
Howard Jones,3633900,440210,72448711-5c5c-4b45-a607-99336456029a,https://www.last.fm/music/Howard+Jones,0,"80s, new wave, pop"
PNB Rock,7278673,439761,,https://www.last.fm/music/PNB+Rock,0,"rnb, Hip-Hop, hip hop"
Steve Jablonsky,11328613,439678,c8dbc2ee-66f2-4fe6-8d7c-8b958bc97d99,https://www.last.fm/music/Steve+Jablonsky,0,"Soundtrack, instrumental, composer"
New Edition,3409648,439589,b4b94b15-1535-48a4-aa1e-d44e55d75bc5,https://www.last.fm/music/New+Edition,0,"rnb, 80s, soul"
Every Time I Die,24327742,439580,ef90f210-f136-4386-ab37-8c00d04eeace,https://www.last.fm/music/Every+Time+I+Die,0,"hardcore, metalcore, seen live"
Bruce Dickinson,12605341,439537,50698127-f6f4-4c0c-8010-db98c21100e1,https://www.last.fm/music/Bruce+Dickinson,0,"heavy metal, metal, hard rock"
Bobby Brown,3068074,439532,d11f9c07-0eac-4a1f-a443-19cd0f63d5f0,https://www.last.fm/music/Bobby+Brown,0,"rnb, 80s, new jack swing"
Cornelius,7897178,439443,f07177a3-9cf4-4e75-9122-020bc56dc263,https://www.last.fm/music/Cornelius,0,"electronic, japanese, shibuya-kei"
SOHN,8280455,439434,8014af67-1b04-4123-8b02-6ca85840c514,https://www.last.fm/music/SOHN,0,"electronic, seen live, ambient"
Skee-Lo,2884022,439402,9341a67c-4f0c-43c2-9ec4-c222d2cb97f3,https://www.last.fm/music/Skee-Lo,0,"Hip-Hop, rap, hip hop"
Michel Teló,4064604,439348,6d00cc0d-2027-41d4-be9f-13770037354b,https://www.last.fm/music/Michel+Tel%C3%B3,0,"sertanejo, brazilian, pop"
Engelbert Humperdinck,4392124,438513,62c28bc0-f696-4c50-8e54-5f8e9120bdb8,https://www.last.fm/music/Engelbert+Humperdinck,0,"oldies, 60s, easy listening"
Jacques Brel,9041019,438268,91eda19b-1437-42cd-b7af-69df24b7f275,https://www.last.fm/music/Jacques+Brel,0,"french, chanson, chanson francaise"
Len,2868080,438249,f7f4c28d-2a57-4c44-a74d-112105bbeaeb,https://www.last.fm/music/Len,0,"pop, Canadian, 90s"
Sebadoh,10611552,438194,d98c8149-0c01-4151-93e1-48fdc3d5027f,https://www.last.fm/music/Sebadoh,0,"Lo-Fi, indie rock, indie"
Sage the Gemini,3132853,438054,c211af3d-65e0-46a7-ac49-6c84837a0d16,https://www.last.fm/music/Sage+the+Gemini,0,"Hip-Hop, rap, american"
Killer Mike,6416161,437994,47864525-aea7-439a-800f-17c57e51cbcc,https://www.last.fm/music/Killer+Mike,0,"Hip-Hop, rap, Dirty South"
Amber Run,6410027,437501,0070ca77-26e8-4ce2-a28a-d1b76ec15485,https://www.last.fm/music/Amber+Run,0,"indie, rock, indie rock"
Vulfpeck,17082738,437210,7d0e8067-10b9-4069-95dc-1110a0fbb877,https://www.last.fm/music/Vulfpeck,0,"funk, soul, jazz"
Tom Walker,5687611,437082,a962d133-092e-42b1-af1d-0546ff97ba07,https://www.last.fm/music/Tom+Walker,0,"indie, seen live, metal"
Jarabe de Palo,6641417,436888,38b511a2-76fa-4a1e-9b7a-e2a6efa6399b,https://www.last.fm/music/Jarabe+de+Palo,0,"spanish, latin, pop"
J'San,4221114,436765,,https://www.last.fm/music/J%27San,0,"Lo-Fi, jazz, instrumental hip-hop"
Heidi Montag,3426007,436695,2827eed8-5984-43e8-ab37-bbdee667aa4d,https://www.last.fm/music/Heidi+Montag,0,"pop, dance, electronic"
Wir sind Helden,12698535,436662,908fedf4-548a-430f-b806-38fca9507dc4,https://www.last.fm/music/Wir+sind+Helden,0,"german, seen live, rock"
The Emotions,2235409,436109,c272e371-e61a-45e8-821e-9bfe221a9fe2,https://www.last.fm/music/The+Emotions,0,"soul, Disco, funk"
Steve Reich,8135855,436104,a3031680-c359-458f-a641-70ccbaec6a74,https://www.last.fm/music/Steve+Reich,0,"minimalism, contemporary classical, experimental"
Junip,8442781,435613,fb2df245-81b0-4a2b-9d01-e0955ba68be7,https://www.last.fm/music/Junip,0,"seen live, indie, folk"
The Rembrandts,2592374,435398,9363f65f-64c6-4711-a86c-7cba56d9a456,https://www.last.fm/music/The+Rembrandts,0,"rock, pop rock, pop"
La Dispute,31000808,434915,2ec89bcc-5bf9-4d2a-ac5e-44b7496d115a,https://www.last.fm/music/La+Dispute,0,"post-hardcore, screamo, experimental"
Fidlar,12454389,434884,6910222b-74c2-48fc-8c13-a6b88cc28fc0,https://www.last.fm/music/Fidlar,0,"Garage Rock, Lo-Fi, punk"
Miranda Cosgrove,4504270,434689,75285014-bdd1-4ca2-81c9-c6c642bfdec7,https://www.last.fm/music/Miranda+Cosgrove,0,"pop, female vocalists, icarly"
Steel Pulse,4555758,434669,37367b2f-69e4-4df2-9e64-75ca6204764b,https://www.last.fm/music/Steel+Pulse,0,"reggae, roots reggae, dub"
Anita Baker,4006374,434464,02349767-d5ac-4528-892d-17b6d40107a1,https://www.last.fm/music/Anita+Baker,0,"soul, female vocalists, jazz"
Bear's Den,7368934,433761,f11f6e85-a39a-4dd8-875b-cd84839ddec6,https://www.last.fm/music/Bear%27s+Den,0,"folk, seen live, indie folk"
Tee Grizzley,10818579,433544,,https://www.last.fm/music/Tee+Grizzley,0,"Hip-Hop, rap, trap"
Brian Tyler,9620511,433399,30480808-4c03-432c-9e94-dd3b12d4e127,https://www.last.fm/music/Brian+Tyler,0,"Soundtrack, composer, instrumental"
Indigo Girls,5801949,433397,00c49f40-d715-4b79-b223-432048602cce,https://www.last.fm/music/Indigo+Girls,0,"folk, female vocalists, singer-songwriter"
The Impressions,2627118,433065,8af64037-6d26-4d24-afd8-7e085abb01b1,https://www.last.fm/music/The+Impressions,0,"soul, rhythm and blues, Chicago Soul"
Kristen Bell,5602345,432964,,https://www.last.fm/music/Kristen+Bell,0,"Veronica Mars, pop, female vocalists"
Mr. Bungle,13211479,432900,277e21a9-2d64-452d-96c4-2d23a7af5891,https://www.last.fm/music/Mr.+Bungle,0,"experimental, Avant-Garde, mike patton"
Therion,29959367,432676,c6b0db5a-d750-4ed8-9caa-ddcfb75dcb0a,https://www.last.fm/music/Therion,0,"symphonic metal, Gothic Metal, death metal"
Sun Ra,7396763,432614,c27cac8e-4c4a-48c0-a4ba-41399b9c176d,https://www.last.fm/music/Sun+Ra,0,"jazz, free jazz, Avant-Garde"
Viktor Vaughn,9008497,432211,2aa5bd46-43ba-4a09-9c7e-20b07036db51,https://www.last.fm/music/Viktor+Vaughn,0,"Hip-Hop, underground hip-hop, mf doom"
Little River Band,3481068,431544,0b5df3f3-7f4c-4ffb-9279-dbab6cd9bea5,https://www.last.fm/music/Little+River+Band,0,"classic rock, 70s, soft rock"
Totally Enormous Extinct Dinosaurs,6768627,431366,bd075a82-b196-4752-a1bb-3d87be3236a0,https://www.last.fm/music/Totally+Enormous+Extinct+Dinosaurs,0,"electronic, indie, seen live"
Nik Kershaw,4099119,431357,6286e04b-7bc1-4f22-bca5-fdd34d1b0d93,https://www.last.fm/music/Nik+Kershaw,0,"80s, pop, new wave"
Kimbra,10069468,431258,fad2875e-ba81-4637-b859-4684622dcb1c,https://www.last.fm/music/Kimbra,0,"indie pop, female vocalists, soul"
Sasha Alex Sloan,7619090,430773,,https://www.last.fm/music/Sasha+Alex+Sloan,0,"indie pop, female vocalists, singer-songwriter"
Carnage,4132250,430638,da9bd8dc-b9e7-4231-8545-aeab88b67187,https://www.last.fm/music/Carnage,0,"death metal, old school death metal, Swedish Death Metal"
Frank Black,6279778,430591,98a35a4d-a845-4282-bc7c-5679f2bb9bd2,https://www.last.fm/music/Frank+Black,0,"alternative, rock, indie"
Kate Ryan,5096276,430401,89d746b8-7d18-4baf-8cee-659b07771568,https://www.last.fm/music/Kate+Ryan,0,"dance, pop, female vocalists"
DIJON,11561838,430396,d1974dfb-9e85-42ae-9905-0bad8fe19cf9,https://www.last.fm/music/DIJON,0,"seen live, rnb, soul"
Raveena,8256603,430356,,https://www.last.fm/music/Raveena,0,"rnb, soul, Neo-Soul"
Cherish,2697628,430285,e82500a8-70ce-46ad-a028-b0690420d560,https://www.last.fm/music/Cherish,0,"rnb, female vocalists, hip hop"
Topic,4674287,430258,,https://www.last.fm/music/Topic,0,"Hip-Hop, rap, german"
Corey Hart,2460343,430121,32673e42-5ba2-4528-b3fe-a000a0c606e3,https://www.last.fm/music/Corey+Hart,0,"80s, new wave, pop"
Celia Cruz,3333805,430072,7b8e1188-9ca4-4aa5-8393-172de6fa04de,https://www.last.fm/music/Celia+Cruz,0,"salsa, latin, cuban"
Gala,3035332,429680,cd34e8ed-2f44-4031-849e-e56034b02cf9,https://www.last.fm/music/Gala,0,"dance, eurodance, pop"
Michelle Williams,2918800,429632,fac0f203-eb89-4d34-a3c5-8e353356d756,https://www.last.fm/music/Michelle+Williams,0,"rnb, soul, female vocalists"
B.J. Thomas,2562668,429607,42a19448-ff60-4fd2-9d10-959bf2000729,https://www.last.fm/music/B.J.+Thomas,0,"pop, oldies, 60s"
Homeshake,11097472,429548,377c4d69-7c77-4186-b536-c4ecd8d97be6,https://www.last.fm/music/Homeshake,0,"Lo-Fi, psychedelic, indie"
Majid Jordan,7848557,429480,abaa7001-0d80-4e58-be5d-d2d246fd9d87,https://www.last.fm/music/Majid+Jordan,0,"rnb, electronic, soul"
Streetlight Manifesto,21736700,429102,cbc9199f-944b-42e9-a945-627c9fc0ba6e,https://www.last.fm/music/Streetlight+Manifesto,0,"ska, ska punk, seen live"
Tai Verdes,6861802,429040,,https://www.last.fm/music/Tai+Verdes,0,"indie pop, american, los angeles"
Dan Deacon,8543672,428837,8dd73d1a-0424-4581-af8c-ade3edb44c5a,https://www.last.fm/music/Dan+Deacon,0,"seen live, electronic, experimental"
The Dubliners,7456223,428474,d201e6c0-103d-4a9a-9969-909bd421ddad,https://www.last.fm/music/The+Dubliners,0,"irish, folk, Irish Folk"
High Contrast,9111088,428257,889b69e3-7b18-4889-b953-9f2931597204,https://www.last.fm/music/High+Contrast,0,"Drum and bass, liquid funk, dnb"
Songs: Ohia,12778933,428022,1305bd7e-27ef-4236-ae87-0a7d435234ca,https://www.last.fm/music/Songs:+Ohia,0,"singer-songwriter, folk, indie"
DVRST,8096861,427743,,https://www.last.fm/music/DVRST,0,"phonk, russian, electronic"
Kishi Bashi,7855525,427598,7c340ac5-6eda-4981-91d6-d5b1f4d1bbbf,https://www.last.fm/music/Kishi+Bashi,0,"indie, folk, pop"
Lee Morgan,3371149,427189,a1235272-3650-4ed7-9317-5a55a08701ec,https://www.last.fm/music/Lee+Morgan,0,"jazz, trumpet, Hard Bop"
Alexander 23,6295505,427101,,https://www.last.fm/music/Alexander+23,0,"pop, seen live, indie"
Luna,7877105,427089,f707b125-7334-448d-a64c-471aaee856aa,https://www.last.fm/music/Luna,0,"indie, dream pop, indie rock"
Poolside,4996401,426551,dbfbd2a1-3f61-40b9-9558-21a96e32f721,https://www.last.fm/music/Poolside,0,"electronic, indie pop, seen live"
Yaeji,9208764,426277,,https://www.last.fm/music/Yaeji,0,"electronic, House, Korean"
The Mowgli's,5124854,426216,,https://www.last.fm/music/The+Mowgli%27s,0,"indie, folk, rock"
Jawsh 685,10664117,426119,,https://www.last.fm/music/Jawsh+685,0,"Hip-Hop, electronic, pop"
Biz Markie,2438966,426115,48b48175-5ffd-49a2-88e2-ca84118544ca,https://www.last.fm/music/Biz+Markie,0,"Hip-Hop, rap, old school"
Lee Brice,5034394,426059,48a6d065-1fda-4280-ae39-df1394d419cd,https://www.last.fm/music/Lee+Brice,0,"country, singer-songwriter, Lee Brice"
Mick Jenkins,11049226,425959,64c4dfcc-ba2b-4036-ac01-1636ae15ebb8,https://www.last.fm/music/Mick+Jenkins,0,"Hip-Hop, rap, hip hop"
JLS,4808117,425829,1533b219-74ef-4512-826f-42bca397fbb4,https://www.last.fm/music/JLS,0,"pop, british, rnb"
New Politics,5866985,425756,e1062c06-50de-4475-95df-edaccbddb487,https://www.last.fm/music/New+Politics,0,"indie rock, alternative rock, alternative"
Japan,6138094,425655,697e7111-5630-4c77-83f3-39821bacc61a,https://www.last.fm/music/Japan,0,"new wave, new romantic, 80s"
Domo Genesis,6652780,425519,0ad99596-cbec-4726-af16-138e2a9268a1,https://www.last.fm/music/Domo+Genesis,0,"Hip-Hop, ofwgkta, rap"
Rachel Platten,4585583,425519,070c2401-1474-477d-b377-3e5827992fbf,https://www.last.fm/music/Rachel+Platten,0,"pop, indie, indie pop"
Chelsea Wolfe,21631333,425233,60e8e938-365e-4429-a141-4c79eb49588d,https://www.last.fm/music/Chelsea+Wolfe,0,"experimental, folk, female vocalists"
Seven Lions,9577492,425219,75c016da-48e4-4992-8a10-b7128189b272,https://www.last.fm/music/Seven+Lions,0,"dubstep, electronic, trance"
Crazy Frog,3529958,424741,3df914b9-e0bc-493c-875a-c412f84ecdad,https://www.last.fm/music/Crazy+Frog,0,"the worst thing ever to happen to music, Officially Shit, electronic"
Rory Gallagher,7776682,424513,933fdeae-ec68-48e9-a752-8bcfd44bc429,https://www.last.fm/music/Rory+Gallagher,0,"blues rock, blues, classic rock"
Mungo Jerry,2221907,423647,d99a6247-94ab-4685-87df-572ba6ef44b7,https://www.last.fm/music/Mungo+Jerry,0,"classic rock, rock, 70s"
Wye Oak,8869900,423504,3c8ff4c9-b5b9-4e78-ad9d-5157c323de24,https://www.last.fm/music/Wye+Oak,0,"shoegaze, indie, indie rock"
Manfred Mann's Earth Band,3879804,423403,83e9c775-84ea-4cf6-abdf-b9ffa8c3d060,https://www.last.fm/music/Manfred+Mann%27s+Earth+Band,0,"classic rock, Progressive rock, rock"
Odie,5915500,423258,68ee644a-5cf5-4319-8652-e878f946e46e,https://www.last.fm/music/Odie,0,"rnb, chill, soul"
Karmin,5650542,423111,a81303f1-64a5-4359-83ce-767f5fc3a542,https://www.last.fm/music/Karmin,0,"pop, female vocalists, covers"
Buju Banton,3874380,422932,9f525d0b-3911-4c83-b0d1-e90aa1fd2d14,https://www.last.fm/music/Buju+Banton,0,"reggae, dancehall, ragga"
DVSN,8143178,422849,,https://www.last.fm/music/DVSN,0,"rnb, soul, alternative rnb"
Todd Terje,7464469,422735,a0cded3a-4ca3-4ddb-8e46-ed9037f30aea,https://www.last.fm/music/Todd+Terje,0,"space disco, electronic, nu disco"
The Modern Lovers,5766765,422514,8a5dff84-c79f-4898-9e15-e100c53ebb58,https://www.last.fm/music/The+Modern+Lovers,0,"proto-punk, Garage Rock, punk"
Patrice Rushen,3057765,422506,a247b1b8-8f47-4568-9a89-fa16b4a2b77f,https://www.last.fm/music/Patrice+Rushen,0,"soul, funk, Disco"
Local H,5716403,422252,baaf92f5-f2b2-4f51-9723-abed41a257f8,https://www.last.fm/music/Local+H,0,"Grunge, rock, alternative"
Emmure,19584546,422099,98ef1696-cb7e-4ecc-be1d-22f62bb308a4,https://www.last.fm/music/Emmure,0,"metalcore, deathcore, hardcore"
Mahalia,7014531,422081,,https://www.last.fm/music/Mahalia,0,"rnb, soul, indie"
The 5th Dimension,2741335,422030,4f1949ab-fefd-4bf3-9317-814084c29cc0,https://www.last.fm/music/The+5th+Dimension,0,"soul, 60s, pop"
The Clientele,7945061,422010,6b66dd3a-d88b-4732-bc13-359d8964b7f2,https://www.last.fm/music/The+Clientele,0,"indie pop, indie, dream pop"
Roy Ayers,3821525,422003,06e199c1-6f33-477b-a74d-bc8a283bd8f0,https://www.last.fm/music/Roy+Ayers,0,"funk, jazz, soul"
Henry Purcell,3988685,421948,ddea5540-2c7d-4266-8507-b367c2635d35,https://www.last.fm/music/Henry+Purcell,0,"baroque, Classical, english"
Avantasia,26766466,421749,2ecbc483-dee4-442f-8ce7-f3ab31c73f87,https://www.last.fm/music/Avantasia,0,"Power metal, symphonic metal, metal opera"
BlocBoy JB,4344387,421709,,https://www.last.fm/music/BlocBoy+JB,0,"Hip-Hop, memphis, rap"
Béla Bartók,4238999,421648,fd14da1b-3c2d-4cc8-9ca6-fc8c62ce6988,https://www.last.fm/music/B%C3%A9la+Bart%C3%B3k,0,"Classical, contemporary classical, hungarian"
Miles Davis Quintet,3690033,421415,fe7245e7-d734-4ca1-8e26-691883f58201,https://www.last.fm/music/Miles+Davis+Quintet,0,"jazz, bebop, trumpet"
The Chameleons,9602941,421080,8d07f60f-b9f4-46c0-9c27-31de0fb9b671,https://www.last.fm/music/The+Chameleons,0,"post-punk, new wave, 80s"
Andrew Belle,6189833,421033,246b1060-628e-4b02-ba6a-afd4868a6814,https://www.last.fm/music/Andrew+Belle,0,"singer-songwriter, indie, acoustic"
Richard Hawley,6977084,420975,47c6bc7d-27f0-41c8-b84d-7dabcc9f277f,https://www.last.fm/music/Richard+Hawley,0,"singer-songwriter, indie, indie pop"
Martin Jensen,4326097,420736,,https://www.last.fm/music/Martin+Jensen,0,"House, dance, danish"
Trent Reznor and Atticus Ross,18761479,420734,bc880664-6751-4998-984d-ebdbff15d229,https://www.last.fm/music/Trent+Reznor+and+Atticus+Ross,0,"ambient, Soundtrack, electronic"
Charlotte Lawrence,5902089,420280,,https://www.last.fm/music/Charlotte+Lawrence,0,"pop, indie pop, female vocalists"
Sonny & Cher,2358121,419463,c43d2302-02db-487b-b62d-8cb3c57f94c6,https://www.last.fm/music/Sonny+&+Cher,0,"60s, oldies, pop"
Celtic Woman,6958446,418569,4d483147-c871-48c4-8470-85e5a66381c5,https://www.last.fm/music/Celtic+Woman,0,"celtic, female vocalists, irish"
Ali Gatie,5687375,418503,,https://www.last.fm/music/Ali+Gatie,0,"pop, soul, Canadian"
Thomas Rhett,9368397,418257,bca8bfc0-9d5b-449b-b713-914596f88d56,https://www.last.fm/music/Thomas+Rhett,0,"country, male vocalists, contemporary country"
John Prine,8304761,417889,e86492c1-0376-4df0-8042-8ba058c83960,https://www.last.fm/music/John+Prine,0,"folk, singer-songwriter, country"
The Staves,4962277,417351,18232972-277f-4a51-a884-338ff0e3ccb2,https://www.last.fm/music/The+Staves,0,"folk, seen live, female vocalists"
Ravyn Lenae,8901115,417185,,https://www.last.fm/music/Ravyn+Lenae,0,"rnb, Neo-Soul, soul"
Dynoro,4242827,417108,,https://www.last.fm/music/Dynoro,0,"lithuanian, electronic, dance"
Terrace Martin,5032377,417105,47d06156-05af-420e-8835-be50353a5d52,https://www.last.fm/music/Terrace+Martin,0,"Hip-Hop, jazz, rap"
Agnes,6275246,417071,fd157ff9-5a29-449a-a1df-c1ef27f84549,https://www.last.fm/music/Agnes,0,"pop, dance, swedish"
Zombie Nation,2899429,416947,e26fa4b0-ea73-4a33-a745-44077a0d5a59,https://www.last.fm/music/Zombie+Nation,0,"electronic, techno, electro"
Saib,5069683,416921,805302c4-4a9f-4bf2-baca-8bd2b3833228,https://www.last.fm/music/Saib,0,"Lo-Fi, instrumental hip-hop, chillhop"
Sandra,6062930,416729,f9129206-c9af-440c-bed3-8e65867aba6c,https://www.last.fm/music/Sandra,0,"80s, pop, female vocalists"
Nao,7856301,416377,cfe4898c-bb85-4535-b993-1f046c891fed,https://www.last.fm/music/Nao,0,"soul, rnb, electronic"
Dram,2972605,416305,,https://www.last.fm/music/Dram,0,"hip hop, rnb, Hip-Hop"
Joe Dassin,5349867,416258,475b7312-4fcb-49a4-8bcc-cf3a679b255a,https://www.last.fm/music/Joe+Dassin,0,"french, chanson, chanson francaise"
Floating Points,9550889,416089,69d9c5ba-7bba-4cb7-ab32-8ccc48ad4f97,https://www.last.fm/music/Floating+Points,0,"electronic, deep house, dubstep"
Studio Killers,6534269,416083,cc7d0735-ad9b-4bf9-bfb6-e7bd90945c45,https://www.last.fm/music/Studio+Killers,0,"electronic, electropop, pop"
Looking Glass,2833598,416048,7458516e-4839-4706-b186-dce0e350edf1,https://www.last.fm/music/Looking+Glass,0,"70s, classic rock, pop"
Spongebob Squarepants,5312598,415531,0eb58fc2-a70b-4e02-a503-115e42da9b4e,https://www.last.fm/music/Spongebob+Squarepants,0,"Soundtrack, comedy, tv"
Supermode,2451687,415349,2682f5c0-4c0f-4fc0-b59d-eb4ed3f61505,https://www.last.fm/music/Supermode,0,"House, dance, electronic"
Alexandra Savior,9102246,415237,,https://www.last.fm/music/Alexandra+Savior,0,"indie pop, singer-songwriter, indie"
DJ Drama,2594568,414976,de23d637-20df-4b15-ae63-263dd5a34f10,https://www.last.fm/music/DJ+Drama,0,"Hip-Hop, rap, Dirty South"
X,6561647,414967,ddd553d4-977e-416c-8f57-e4b72c0fc746,https://www.last.fm/music/X,0,"punk, punk rock, rock"
Kano,5168987,414958,2bf3971e-8595-4bd2-aace-8a71c42afb66,https://www.last.fm/music/Kano,0,"Grime, Hip-Hop, british"
Lester Young,3599156,414598,d613e4ae-093a-49a1-b06a-579480f7f7e8,https://www.last.fm/music/Lester+Young,0,"jazz, saxophone, swing"
Cartola,10701741,414046,7c743881-aed4-47d4-93d5-9fdd6e2904bb,https://www.last.fm/music/Cartola,0,"samba, mpb, brasil"
Jodeci,3543005,413432,ed7e12c4-0c08-477c-bd64-5eaa96b9f853,https://www.last.fm/music/Jodeci,0,"rnb, soul, 90s"
The Miracles,2174093,413346,6a4c2d34-7f7f-4f87-b17f-b5540aa840db,https://www.last.fm/music/The+Miracles,0,"soul, motown, 60s"
Riverside,24428496,413316,f554c686-ead0-42ef-9deb-3a42f7199196,https://www.last.fm/music/Riverside,0,"Progressive rock, Progressive metal, polish"
EMF,2123326,413166,26f94a6a-d60a-4bcc-a130-ce0e77122bd7,https://www.last.fm/music/EMF,0,"90s, pop, electronic"
Candy Claws,8347377,412961,da5eaa3b-397e-4af8-9a12-5c4ec93e8b48,https://www.last.fm/music/Candy+Claws,0,"dream pop, shoegaze, psychedelic"
Michael Gray,2784150,412912,cbb81bc6-fc8f-4d90-8a56-b5e0b357de3a,https://www.last.fm/music/Michael+Gray,0,"House, dance, electronic"
OKAY KAYA,5666378,412606,,https://www.last.fm/music/OKAY+KAYA,0,"indie, trip-hop, norwegian"
Nicky Youre,3972457,412369,,https://www.last.fm/music/Nicky+Youre,0,"indie pop, indie, pop"
Nara Leão,5758963,412369,3a13549a-9578-4547-9308-4167816c51df,https://www.last.fm/music/Nara+Le%C3%A3o,0,"Bossa Nova, mpb, brazilian"
Musical Youth,2438652,412183,1a3e7a10-72ed-4591-a363-c1e3bc92fc09,https://www.last.fm/music/Musical+Youth,0,"reggae, 80s, pop"
George Jones,4847172,411569,f2903be0-79a7-4334-8cc5-e45309482a97,https://www.last.fm/music/George+Jones,0,"country, classic country, singer-songwriter"
Barry Louis Polisar,2852474,411489,d2c2af59-e511-475d-a7c3-4707644df8f9,https://www.last.fm/music/Barry+Louis+Polisar,0,"folk, indie, Brutal Death Metal"
Cœur de Pirate,12426856,411138,130e7bd0-6d34-48a9-822f-03eff7ea95d4,https://www.last.fm/music/C%C5%93ur+de+Pirate,0,"french, indie, female vocalists"
The Black Dahlia Murder,25200727,411096,21f3573f-10cf-44b3-aeaa-26cccd8448b5,https://www.last.fm/music/The+Black+Dahlia+Murder,0,"Melodic Death Metal, death metal, deathcore"
Reba McEntire,5518719,410760,3ec17e85-9284-4f4c-8831-4e56c2354cdb,https://www.last.fm/music/Reba+McEntire,0,"country, female vocalists, reba"
Fela Kuti,6016777,410661,6514cffa-fbe0-4965-ad88-e998ead8a82a,https://www.last.fm/music/Fela+Kuti,0,"afrobeat, jazz, african"
lovelytheband,5843451,410581,,https://www.last.fm/music/lovelytheband,0,"indie pop, alternative, indie"
Coleman Hawkins,3270193,410555,5c8cb181-38fe-4300-8153-650b2ed0258f,https://www.last.fm/music/Coleman+Hawkins,0,"jazz, saxophone, bebop"
Сплин,34188317,410400,0783b768-6719-450b-a7e1-7e891da17af3,https://www.last.fm/music/%D0%A1%D0%BF%D0%BB%D0%B8%D0%BD,0,"russian rock, rock, russian"
Hayley Williams,18958446,410151,b4b5b5a7-feff-47d0-9458-83d0d135a692,https://www.last.fm/music/Hayley+Williams,0,"rock, female vocalists, alternative rock"
Petey Pablo,2522409,410029,f9db232d-6513-43b7-b6cd-1d73bcd65a58,https://www.last.fm/music/Petey+Pablo,0,"Hip-Hop, rap, Dirty South"
Goth Babe,6782169,409932,,https://www.last.fm/music/Goth+Babe,0,"dream pop, indie pop, Lo-Fi"
Smallpools,5630933,409830,91db24e6-1c28-4761-b829-838e3c9155bc,https://www.last.fm/music/Smallpools,0,"indie pop, indie, pop rock"
Patrick Doyle,6960784,409185,0627192d-4fed-4f4b-bad8-383bb42fa8fa,https://www.last.fm/music/Patrick+Doyle,0,"Soundtrack, instrumental, Classical"
Princess Nokia,7980473,408944,4b93ee9e-e39d-4036-9527-551b2236f5af,https://www.last.fm/music/Princess+Nokia,0,"rap, Hip-Hop, trap"
Asobi Seksu,9383311,408583,cc433a77-176b-4d02-857b-2bfb68b3219c,https://www.last.fm/music/Asobi+Seksu,0,"shoegaze, dream pop, indie"
Tash Sultana,7419406,408187,,https://www.last.fm/music/Tash+Sultana,0,"indie, seen live, alternative"
Jessie Reyez,6865435,408155,,https://www.last.fm/music/Jessie+Reyez,0,"pop, rnb, soul"
Mike Perry,4799325,407966,,https://www.last.fm/music/Mike+Perry,0,"electronic, dance, tropical house"
Ralph Vaughan Williams,2585993,407873,4f3b96ed-f1f1-4a68-be73-0e0657837096,https://www.last.fm/music/Ralph+Vaughan+Williams,0,"Classical, contemporary classical, british"
CamelPhat,4839849,407557,61314ff2-7b52-4296-a0b8-af61dc08bdd1,https://www.last.fm/music/CamelPhat,0,"House, british, electronic"
Toquinho,4543809,407443,390ff98c-0614-4927-8b94-db7b40a92bbe,https://www.last.fm/music/Toquinho,0,"Bossa Nova, mpb, brasil"
elijah who,4901755,407020,,https://www.last.fm/music/elijah+who,0,"Lo-Fi, beats, Hip-Hop"
Venom,12800914,406427,eb950aea-9326-4c16-ab27-287e6137c2e0,https://www.last.fm/music/Venom,0,"black metal, thrash metal, heavy metal"
surf mesa,3352050,406382,,https://www.last.fm/music/surf+mesa,0,"electronic, Lo-Fi, seattle"
Focus,4400743,406351,f16acce9-c46a-45af-8509-b9d3b397c26f,https://www.last.fm/music/Focus,0,"Progressive rock, classic rock, rock"
The Divine Comedy,9407050,406312,49c4378b-3c36-4c5a-8999-8d936e74f39b,https://www.last.fm/music/The+Divine+Comedy,0,"indie, britpop, chamber pop"
Dash Berlin,5977665,406270,ccfa0410-bd90-4fd1-ab85-8995a57e265b,https://www.last.fm/music/Dash+Berlin,0,"trance, vocal trance, progressive trance"
Vic Mensa,5376048,405884,e031ec18-f8eb-46c1-b03c-e5c71399cb16,https://www.last.fm/music/Vic+Mensa,0,"Hip-Hop, rap, hip hop"
Aaron Neville,2428217,405843,2f53411b-ec29-4979-aa46-62786a2bb377,https://www.last.fm/music/Aaron+Neville,0,"soul, funk, New Orleans"
Napalm Death,22630486,405747,ce7bba8b-026b-4aa6-bddb-f98ed6d595e4,https://www.last.fm/music/Napalm+Death,0,"grindcore, death metal, seen live"
Donald Byrd,3665434,405338,69f95e5c-4b34-4c8b-b8fe-c59f9296195a,https://www.last.fm/music/Donald+Byrd,0,"jazz, funk, trumpet"
Maria Bethânia,14623562,405304,b3998c06-04e6-4b1d-bd2a-d5b83572ae7b,https://www.last.fm/music/Maria+Beth%C3%A2nia,0,"mpb, Bossa Nova, female vocalists"
Smokey Robinson,2456274,405185,c19ff12b-058f-44a8-b245-b0efb4752925,https://www.last.fm/music/Smokey+Robinson,0,"soul, motown, rhythm and blues"
Skinny Puppy,16472127,404732,5a24bc1a-c093-4a82-84ed-8d7f2da0570d,https://www.last.fm/music/Skinny+Puppy,0,"industrial, electronic, ebm"
Marika Hackman,5708334,404669,2b4f0c59-bd42-4d5c-9f14-e2a86550b0a8,https://www.last.fm/music/Marika+Hackman,0,"seen live, singer-songwriter, indie"
RuPaul,18469063,404321,15257a48-d9f6-4fd1-b30e-323576b15aca,https://www.last.fm/music/RuPaul,0,"dance, pop, drag queens"
Flow,9750613,404220,ec2af38e-6f24-4073-9504-dbfa8e823df5,https://www.last.fm/music/Flow,0,"J-rock, japanese, j-pop"
Actress,8621973,404158,a7471c4a-da27-4868-a8c6-5567eab382fb,https://www.last.fm/music/Actress,0,"electronic, experimental, idm"
J-Kwon,1619463,404067,c8bde77c-9a73-4ad8-95e5-aef14c6beada,https://www.last.fm/music/J-Kwon,0,"rap, Hip-Hop, hip hop"
Italobrothers,5226614,404038,256fc691-ae7b-4565-923d-26f69eb95ce2,https://www.last.fm/music/Italobrothers,0,"dance, hands up, techno"
Injury Reserve,18111252,403920,,https://www.last.fm/music/Injury+Reserve,0,"experimental hip hop, hip hop, rap"
Julie Andrews,3083238,403889,a0b4c275-61ed-4235-809f-d9fdc1877f4c,https://www.last.fm/music/Julie+Andrews,0,"Soundtrack, musicals, female vocalists"
Toadies,4515669,403862,066e598e-baa0-4e34-b511-c70bcec6f783,https://www.last.fm/music/Toadies,0,"rock, alternative rock, alternative"
Cautious Clay,5427138,403706,,https://www.last.fm/music/Cautious+Clay,0,"rnb, electronic, seen live"
The Highwaymen,4230717,403453,c685765c-b778-4ed6-9035-8f7088431765,https://www.last.fm/music/The+Highwaymen,0,"country, outlaw country, folk"
Elio,6292964,403252,,https://www.last.fm/music/Elio,0,"pop, indie pop, Italy"
Every Avenue,7244600,402858,27cb81c2-0a39-444c-bd73-101c14393a4a,https://www.last.fm/music/Every+Avenue,0,"pop punk, rock, powerpop"
Memphis May Fire,15145899,402527,681b5ab2-b7dd-4dff-85e9-1e84503ad36a,https://www.last.fm/music/Memphis+May+Fire,0,"post-hardcore, metalcore, Southern Rock"
Blueface,6636366,402524,,https://www.last.fm/music/Blueface,0,"Hip-Hop, rap, trap"
Holy Fuck,7483825,402491,4342cf80-7c06-4402-a431-457e77310474,https://www.last.fm/music/Holy+Fuck,0,"experimental, electronic, seen live"
Connan Mockasin,7813840,402384,5e290025-aca1-4035-b26d-bd36e105eb52,https://www.last.fm/music/Connan+Mockasin,0,"psychedelic, seen live, experimental"
mewithoutYou,20979525,402332,759b5ff1-91fe-4ec9-b9b7-75b7b2ceb283,https://www.last.fm/music/mewithoutYou,0,"post-hardcore, indie, seen live"
Sir Sly,5341642,402151,bd9b60e5-f008-4e1d-a059-ca9c665789d3,https://www.last.fm/music/Sir+Sly,0,"indie, electronic, indie rock"
Timmy Trumpet,5603106,402143,07aceecf-0fa2-4d51-865f-273313cba931,https://www.last.fm/music/Timmy+Trumpet,0,"House, electronic, electro house"
Dick Dale,3407408,402140,cc6115aa-379c-4133-9f46-5743a4a341d0,https://www.last.fm/music/Dick+Dale,0,"surf rock, Surf, instrumental"
Cowboy Junkies,5887212,402000,b52211f1-49a2-4cd2-8535-dd1ba37ea90b,https://www.last.fm/music/Cowboy+Junkies,0,"Alt-country, female vocalists, alternative"
James Tw,4536027,401906,,https://www.last.fm/music/James+Tw,0,"british, pop, seen live"
Cortex,5505451,401788,f60e8207-b19c-4222-9fff-500c7e7d77a3,https://www.last.fm/music/Cortex,0,"post-punk, jazz, swedish"
Skeeter Davis,3536135,401773,fd8f6b23-480c-4605-8152-51a5e8a39dfb,https://www.last.fm/music/Skeeter+Davis,0,"60s, country, female vocalists"
Yellow Days,6607042,401721,,https://www.last.fm/music/Yellow+Days,0,"indie, seen live, experimental"
Onyx,5094880,401716,fc0fa262-6197-4c29-8e22-22f0e369856a,https://www.last.fm/music/Onyx,0,"Hip-Hop, rap, hardcore rap"
Dr. Hook,3392785,401608,1c893468-37a9-4fb7-909f-929751a8ebed,https://www.last.fm/music/Dr.+Hook,0,"classic rock, 70s, rock"
The Trammps,1999779,401556,8799413d-7df8-4eb9-8542-af8cea6b0feb,https://www.last.fm/music/The+Trammps,0,"Disco, funk, soul"
Art Tatum,3693990,400610,e073f6af-d696-4340-b847-e81fabc4d55b,https://www.last.fm/music/Art+Tatum,0,"jazz, piano, jazz piano"
John Murphy,8122794,400602,e8aab2f0-164e-4984-a893-9e446f150202,https://www.last.fm/music/John+Murphy,0,"Soundtrack, instrumental, post-rock"
The Marshall Tucker Band,3265236,400232,568045b3-c3cb-4100-9bc5-ef9cdcebe643,https://www.last.fm/music/The+Marshall+Tucker+Band,0,"Southern Rock, classic rock, country rock"
Marian Hill,4531987,400161,bb43f686-013d-493b-867b-f00582d951e0,https://www.last.fm/music/Marian+Hill,0,"electronic, pop, jazz"
The Pillows,23109563,399973,e69c8ccb-25b1-4c4a-89c6-8fdad1172951,https://www.last.fm/music/The+Pillows,0,"J-rock, japanese, rock"
Jon Kennedy,5188588,399872,f6497ada-3c57-46d7-b0ed-21f41337018a,https://www.last.fm/music/Jon+Kennedy,0,"downtempo, trip-hop, ninja tune"
Black Stone Cherry,10349702,399803,1801bd47-46ae-49ff-bfcd-6e01b562d880,https://www.last.fm/music/Black+Stone+Cherry,0,"hard rock, Southern Rock, rock"
Daedelus,8124677,399789,c787a7a5-e143-4ba6-86df-fab2354dcd44,https://www.last.fm/music/Daedelus,0,"electronic, experimental, idm"
JP Cooper,4175336,399623,be1f10dc-3b88-48e6-baa7-95aea6abf2f6,https://www.last.fm/music/JP+Cooper,0,"soul, folk, pop"
San Holo,7943685,399524,,https://www.last.fm/music/San+Holo,0,"electronic, trap, future bass"
nohidea,4686956,399307,,https://www.last.fm/music/nohidea,0,"beats, instrumental hip-hop, Hip-Hop"
Public,3687074,399286,6170f1dd-5a7a-4137-9ce8-5510586fcc07,https://www.last.fm/music/Public,0,"indie pop, electro, Ohio"
Anuel AA,14098449,399204,,https://www.last.fm/music/Anuel+AA,0,"Reggaeton, trap, Hip-Hop"
Myslovitz,35434661,398893,fccef2c8-22a7-419e-bd6b-c40fc8f46068,https://www.last.fm/music/Myslovitz,0,"polish, rock, alternative rock"
W&W,5008924,398820,5df88386-32bb-48b2-8eff-47a450079075,https://www.last.fm/music/W&W,0,"trance, Tech trance, progressive trance"
Au/Ra,4832342,398609,,https://www.last.fm/music/Au%2FRa,0,"pop, indie, indie pop"
Tom Tom Club,3133894,398159,3dc66525-d359-406d-9cdf-cdd3a7de289c,https://www.last.fm/music/Tom+Tom+Club,0,"new wave, 80s, alternative"
Dontcry,4005590,398048,,https://www.last.fm/music/Dontcry,0,"Lo-Fi, electronic, chill"
At the Gates,16580546,397908,35f92c4a-69d0-4ed1-ab9e-05259db89d14,https://www.last.fm/music/At+the+Gates,0,"Melodic Death Metal, death metal, metal"
Roger Miller,2843042,397833,813598d3-1a9c-4ad1-9319-aab8b5308402,https://www.last.fm/music/Roger+Miller,0,"country, folk, classic country"
Hayden James,4372928,397762,af3d88d4-ba94-44b4-9a78-87976f1acd42,https://www.last.fm/music/Hayden+James,0,"House, electronic, dance"
Inner Wave,6825773,397613,,https://www.last.fm/music/Inner+Wave,0,"indie, indie rock, psychedelic"
The Flashbulb,18204568,397453,24786816-025f-49f4-9787-4945a3311f96,https://www.last.fm/music/The+Flashbulb,0,"idm, breakcore, electronic"
Pogo,9529120,397406,87dbef5f-c7af-4e83-bd4e-c44141b97954,https://www.last.fm/music/Pogo,0,"electronic, trip-hop, chillout"
The 69 Eyes,16669518,397395,ba1384a7-8b0e-4ea6-bf0c-f1ec17a06d14,https://www.last.fm/music/The+69+Eyes,0,"Gothic Rock, finnish, Gothic Metal"
Swum,4884177,397302,,https://www.last.fm/music/Swum,0,"electronic, Lo-Fi, beats"
Wanda Jackson,3630946,397271,550fbe01-42e9-4006-bcd0-6a1854dceb8f,https://www.last.fm/music/Wanda+Jackson,0,"rockabilly, country, Rock and Roll"
Amanda Seyfried,4621501,397265,e6d9bb27-4c85-4eb4-93f7-a56d52ca956c,https://www.last.fm/music/Amanda+Seyfried,0,"female vocalists, Soundtrack, musical"
Benny Sings,4805646,397157,cdaf7932-ab05-4f71-8721-104da6e6b8d0,https://www.last.fm/music/Benny+Sings,0,"jazz, soul, pop"
Princess Chelsea,5686514,397085,4778e075-c59b-4455-be96-5c84fc458904,https://www.last.fm/music/Princess+Chelsea,0,"indie, indie pop, female vocalists"
RBD,31867223,396699,5bae9c05-fabd-420f-b806-c5b8ba88bd7e,https://www.last.fm/music/RBD,0,"pop, latin, RBD"
Jaco Pastorius,4517745,396590,46a6fac0-2e14-4214-b08e-3bdb1cffa5aa,https://www.last.fm/music/Jaco+Pastorius,0,"jazz, bass, Fusion"
KOTA The Friend,11416358,396532,,https://www.last.fm/music/KOTA+The+Friend,0,"rap, Hip-Hop, jazz rap"
Pretenders,3101311,396139,e9c832b0-384b-4ee6-aec0-111372784aac,https://www.last.fm/music/Pretenders,0,"rock, new wave, 80s"
Flora Cash,4515835,396084,061f522b-edab-4ad7-8397-f3b3918e048b,https://www.last.fm/music/Flora+Cash,0,"folk, singer-songwriter, female vocalists"
iamamiwhoami,17746980,395598,9aaa99df-9383-47df-92af-8bb5e5595815,https://www.last.fm/music/iamamiwhoami,0,"electronic, ambient, experimental"
Temples,8570648,395496,3514578c-402a-4825-bd97-a525f31004e6,https://www.last.fm/music/Temples,0,"psychedelic, Psychedelic Rock, seen live"
Leo Sayer,2419459,395322,74df4e2f-fe75-4b4a-87c5-3f1b4bc95aa2,https://www.last.fm/music/Leo+Sayer,0,"pop, 70s, singer-songwriter"
Paul Wall,2913168,395232,505cc7ac-b92c-46dd-94f2-e22b18fdcf57,https://www.last.fm/music/Paul+Wall,0,"rap, Hip-Hop, Dirty South"
AronChupa,3598309,395100,76b09967-a03f-4704-aaf4-e8d65ee02271,https://www.last.fm/music/AronChupa,0,"dance, electronic, seen live"
Art Garfunkel,2791543,395084,fc0a5289-4b77-4246-9c8d-857c8b617f5d,https://www.last.fm/music/Art+Garfunkel,0,"folk, singer-songwriter, pop"
Miss May I,12262739,394705,ddd38886-728c-4cc7-8593-0c42edbef734,https://www.last.fm/music/Miss+May+I,0,"metalcore, deathcore, post-hardcore"
Edison Lighthouse,2760489,394671,5528ebce-9a4e-4e16-8e75-211e475928d6,https://www.last.fm/music/Edison+Lighthouse,0,"pop, classic rock, oldies"
Machinedrum,7316832,394507,d1785218-d8f4-4a83-a33d-8cf737eef918,https://www.last.fm/music/Machinedrum,0,"idm, electronic, glitch"
sjowgren,2939590,394100,,https://www.last.fm/music/sjowgren,0,"indie pop, indie, folk"
Del Water Gap,7398210,394028,5f606b3d-fab7-4d39-bcdb-f5d42edae945,https://www.last.fm/music/Del+Water+Gap,0,"folk, indie, new york"
Sebastian Ingrosso,2875195,393333,dbf9177d-6b5f-4de8-b457-61fc73fbe543,https://www.last.fm/music/Sebastian+Ingrosso,0,"House, Progressive House, seen live"
Matt Corby,5585491,393314,f4c42c60-96ae-4f1e-816a-b011bc48210b,https://www.last.fm/music/Matt+Corby,0,"indie, folk, australian"
Baroness,21764105,393191,eeb41a1e-4326-4d04-8c47-0f564ceecd68,https://www.last.fm/music/Baroness,0,"Sludge, Progressive metal, metal"
Shaed,3512478,393057,,https://www.last.fm/music/Shaed,0,"electronic, pop, soul"
Edwyn Collins,2962029,392978,14c0c282-e0c1-46fe-acd1-9a015ba721c5,https://www.last.fm/music/Edwyn+Collins,0,"rock, Scottish, indie"
Showtek,4978404,392774,5663c716-c38f-4454-99ce-5afb3c5af567,https://www.last.fm/music/Showtek,0,"hardstyle, techno, jumpstyle"
Lena,7592655,392735,fc926d41-0c89-478b-904a-9fba6fa098f6,https://www.last.fm/music/Lena,0,"pop, german, female vocalists"
Still Corners,7789952,392724,ea5493df-b8d9-4c89-bd5b-6c4aeba7a0ac,https://www.last.fm/music/Still+Corners,0,"dream pop, indie pop, Lo-Fi"
Sam Hunt,7305042,392583,be9a991d-319c-4a58-b115-ee3f4bb3613d,https://www.last.fm/music/Sam+Hunt,0,"country, pop, racist"
Bear McCreary,16190688,392466,78192f3c-607b-4190-a02b-8e036887b9a7,https://www.last.fm/music/Bear+McCreary,0,"Soundtrack, instrumental, Battlestar Galactica"
Craft Spells,6249629,392235,d3afff73-119e-406e-8551-9403e80c531b,https://www.last.fm/music/Craft+Spells,0,"dream pop, indie pop, indie"
Annihilator,14010525,391748,ccb77c78-ffc3-4790-9006-61f2277e9c91,https://www.last.fm/music/Annihilator,0,"thrash metal, speed metal, heavy metal"
Mecano,7279421,391742,d67a17a1-1c77-43ef-89c7-c0b57b7fbe6a,https://www.last.fm/music/Mecano,0,"pop, spanish, 80s"
Route 94,2532105,391680,e2d1f228-3aff-4e6d-8932-032f4036131b,https://www.last.fm/music/Route+94,0,"House, electronic, deep house"
Bia,4869726,391583,9ed902ce-bd07-4962-970e-370110c47599,https://www.last.fm/music/Bia,0,"female vocalists, brasil, latin"
Between the Buried and Me,25740498,391485,1870fb43-50f1-4660-a879-bb596d1519b6,https://www.last.fm/music/Between+the+Buried+and+Me,0,"Progressive metal, metalcore, mathcore"
Jeru the Damaja,4326053,391187,6593c2bc-9327-4adf-a8b2-b315e4f5c0bb,https://www.last.fm/music/Jeru+the+Damaja,0,"Hip-Hop, rap, hip hop"
Teebs,7604321,390962,5b6b10fb-514a-4802-8bd8-11dc00e23580,https://www.last.fm/music/Teebs,0,"downtempo, electronic, experimental"
Marcos Valle,4396773,390813,1ba347eb-58e8-45d6-b7e3-09873dc2506a,https://www.last.fm/music/Marcos+Valle,0,"Bossa Nova, brazilian, mpb"
DJ Koze,6234684,390786,dd4458c8-6728-4a44-980c-48107fa72bb8,https://www.last.fm/music/DJ+Koze,0,"electronic, minimal, techno"
Keith Sweat,3008406,390740,33ecb3d1-9ece-4462-b231-ce6e7a82dd50,https://www.last.fm/music/Keith+Sweat,0,"rnb, soul, slow jams"
La Femme,11009969,390732,559211a5-2a51-4346-ba84-5cc74821a1cd,https://www.last.fm/music/La+Femme,0,"new wave, french, cold wave"
Irma Thomas,2902343,390353,710c7ffa-977e-4431-9f00-c8d4eddf6808,https://www.last.fm/music/Irma+Thomas,0,"soul, blues, female vocalists"
Agalloch,26701877,390244,3d46727d-9367-47b8-8b8b-f7b6767f7d57,https://www.last.fm/music/Agalloch,0,"doom metal, folk metal, black metal"
Rhapsody,16934740,390204,4e0dffde-ad2d-45b7-9c75-d57ce55de061,https://www.last.fm/music/Rhapsody,0,"Power metal, symphonic metal, epic metal"
Tritonal,5736909,390133,bbee6bad-1904-460e-b9f7-9e61fc890673,https://www.last.fm/music/Tritonal,0,"trance, progressive trance, melodic trance"
Rose Royce,2018421,389969,846482ac-d4c4-4286-8002-b14a601d8ec0,https://www.last.fm/music/Rose+Royce,0,"funk, Disco, soul"
NEEDTOBREATHE,8466462,389908,c5c2f1bb-09db-429f-8f77-ed9dfe39a36b,https://www.last.fm/music/NEEDTOBREATHE,0,"rock, alternative rock, christian"
Nick Mulvey,5430307,389497,ee910c7a-56df-4df3-bef8-aa94a3adef8b,https://www.last.fm/music/Nick+Mulvey,0,"acoustic, singer-songwriter, british"
The Birthday Massacre,27525285,389376,83d8a06a-4145-444a-b4ae-49e1e986206f,https://www.last.fm/music/The+Birthday+Massacre,0,"industrial, Gothic, Synth-Rock"
ksi,12447595,389331,,https://www.last.fm/music/ksi,0,"Hip-Hop, rap, Grime"
Electric Wizard,18003749,389043,da7d57e6-0619-4f0f-8d15-d0b4195c3f55,https://www.last.fm/music/Electric+Wizard,0,"doom metal, stoner metal, Sludge"
Eevee,6246717,388832,e7f37f87-dd20-4a8e-8aaf-310b4990e900,https://www.last.fm/music/Eevee,0,"Lo-Fi, instrumental hip-hop, beats"
Wun Two,5299292,388672,2e5fa0a4-55fb-4781-aae1-59522e677981,https://www.last.fm/music/Wun+Two,0,"instrumental hip-hop, beats, Hip-Hop"
Pomplamoose,6540402,388515,63d61461-ecfe-4057-896b-3ba3ff3111eb,https://www.last.fm/music/Pomplamoose,0,"indie, female vocalists, indie pop"
Petula Clark,2945156,388464,,https://www.last.fm/music/Petula+Clark,0,"60s, pop, female vocalists"
Shura,5874207,388287,bfba0555-9a6f-408d-a36d-cc32fa2c7b2d,https://www.last.fm/music/Shura,0,"pop, synthpop, russian"
Bella Poarch,4075490,388113,,https://www.last.fm/music/Bella+Poarch,0,"pop, dark pop, tiktok"
Kiana Ledé,8631955,388039,,https://www.last.fm/music/Kiana+Led%C3%A9,0,"rnb, pop, female vocalists"
Langhorne Slim,4448042,388001,0bc5259b-bf08-40ad-9f6a-20462f652e83,https://www.last.fm/music/Langhorne+Slim,0,"folk, singer-songwriter, seen live"
Adelitas Way,6654904,387793,6ae6a016-91d7-46cc-be7d-5e8e5d320c54,https://www.last.fm/music/Adelitas+Way,0,"alternative rock, hard rock, rock"
PRETTYMUCH,8273087,387627,,https://www.last.fm/music/PRETTYMUCH,0,"pop, boy band, boyband"
Candi Staton,2699651,387509,6afcc957-d742-41c6-ad0b-31b2f1967353,https://www.last.fm/music/Candi+Staton,0,"soul, female vocalists, Disco"
Alestorm,20179753,387442,c0252a1b-0133-46bb-8c4f-cade46349ec3,https://www.last.fm/music/Alestorm,0,"folk metal, pirate metal, Power metal"
Neil Sedaka,2645164,387084,577d92bd-32ac-48b6-86df-4db6b0b52fbf,https://www.last.fm/music/Neil+Sedaka,0,"oldies, 60s, pop"
Them,3155908,387071,dbd8e1e8-b3d5-4c5f-9343-bbe5e86380a6,https://www.last.fm/music/Them,0,"classic rock, 60s, rock"
Masta Ace,6267088,386766,ceef10f5-324d-4a04-8db7-1a4181e19ab3,https://www.last.fm/music/Masta+Ace,0,"Hip-Hop, rap, underground hip-hop"
mujo,3606618,386672,,https://www.last.fm/music/mujo,0,"beats, instrumental hip-hop, Hip-Hop"
Peach Tree Rascals,4451079,386380,,https://www.last.fm/music/Peach+Tree+Rascals,0,"Hip-Hop, hip hop, indie pop"
Sex Bob-Omb,5613817,386252,e4ab476e-dcf4-47a0-a8c5-f23691a5be97,https://www.last.fm/music/Sex+Bob-Omb,0,"Garage Rock, indie, rock"
The Voidz,11125012,386024,,https://www.last.fm/music/The+Voidz,0,"Experimental Rock, indie rock, Neo-Psychedelia"
NOTD,5925161,385662,,https://www.last.fm/music/NOTD,0,"electronic, swedish, electronica"
The Toxic Avenger,4875073,385107,124212e2-801e-481c-ac31-6038a4389603,https://www.last.fm/music/The+Toxic+Avenger,0,"electro, electronic, new rave"
Maren Morris,6046406,385032,,https://www.last.fm/music/Maren+Morris,0,"country, seen live, pop"
toe,15562134,384594,bba5b8aa-02d7-453c-99fd-4f2a45987afd,https://www.last.fm/music/toe,0,"post-rock, math rock, instrumental"
Paulina Rubio,12728291,384564,5938c629-1d06-480b-9780-859b153af11e,https://www.last.fm/music/Paulina+Rubio,0,"latin, pop, latin pop"
The Delfonics,2831540,384466,cfe0dee4-4409-46e3-bbf2-edac88971132,https://www.last.fm/music/The+Delfonics,0,"soul, philly soul, oldies"
Johnny Nash,1947534,384337,0efaa6e3-3ef1-4481-bc01-aa3d5901dbdc,https://www.last.fm/music/Johnny+Nash,0,"reggae, soul, pop"
Asaf Avidan,4872613,384336,5b9890b9-a2e8-4768-ad70-9f28bb81fc00,https://www.last.fm/music/Asaf+Avidan,0,"folk, israeli, singer-songwriter"
Eric Johnson,4827334,384145,b53868c8-3654-41d3-91db-3c5a1237f0c3,https://www.last.fm/music/Eric+Johnson,0,"guitar virtuoso, instrumental rock, rock"
Penguin Cafe Orchestra,5594567,383974,4dfadf48-e15b-4fc2-a800-2b68702a72d5,https://www.last.fm/music/Penguin+Cafe+Orchestra,0,"instrumental, contemporary classical, ambient"
Karen O,5063184,383464,14d44067-99c2-4f77-b58b-138f0b6911fa,https://www.last.fm/music/Karen+O,0,"indie, female vocalists, alternative"
Hieroglyphics,4858020,383441,72609007-4227-4bdd-a993-1e92df52527a,https://www.last.fm/music/Hieroglyphics,0,"Hip-Hop, underground hip-hop, hip hop"
Lea Salonga,3001492,383255,67f4ab30-bfe1-483a-a5ae-c6e6067497b8,https://www.last.fm/music/Lea+Salonga,0,"female vocalists, Disney, musicals"
Conor Maynard,4825006,383195,7cc56e56-97a1-4b17-874f-e4b2ab11044b,https://www.last.fm/music/Conor+Maynard,0,"pop, rnb, male vocalists"
Blossoms,8880471,382860,bdc343bd-1c45-4a5d-b956-c4429f3dbba5,https://www.last.fm/music/Blossoms,0,"seen live, indie, indie rock"
The Shangri-Las,3699088,382370,91d01e5f-252d-469d-a16a-12c613e48e5d,https://www.last.fm/music/The+Shangri-Las,0,"60s, pop, girl group"
Glassjaw,13282398,382275,429f9fbf-0a0b-4a9e-a88c-94d48aa466ed,https://www.last.fm/music/Glassjaw,0,"post-hardcore, hardcore, screamo"
Kris Kross,1704400,381958,bf61e8ff-7621-4655-8ebd-68210645c5e9,https://www.last.fm/music/Kris+Kross,0,"Hip-Hop, rap, 90s"
Gavin James,3808670,381876,efd22686-4b72-43d5-9265-d5b073f550d1,https://www.last.fm/music/Gavin+James,0,"seen live, indie, singer-songwriter"
WYS,4342218,381871,,https://www.last.fm/music/WYS,0,"Lo-Fi, electronic, chill"
Chayanne,4350620,381863,327e24c0-95b4-4754-b509-108dc7f8abfa,https://www.last.fm/music/Chayanne,0,"chayanne, latin, latin pop"
Tourist,5662166,381669,b1561ab7-52ed-452f-a523-d1ba080bda7d,https://www.last.fm/music/Tourist,0,"ambient, electronic, seen live"
Shakey Graves,6627300,381386,24ca022c-653e-4379-812a-71f729b900ef,https://www.last.fm/music/Shakey+Graves,0,"folk, americana, Lo-Fi"
Prefab Sprout,7860932,381379,1fd87f72-5fbf-4cad-bd9d-f2fec1359cfc,https://www.last.fm/music/Prefab+Sprout,0,"pop, 80s, new wave"
Grant Green,3823724,381340,1a88b270-d763-48d5-a62c-2bb9cabb140c,https://www.last.fm/music/Grant+Green,0,"jazz, jazz guitar, guitar"
Dan Croll,4023337,381159,480801c6-bd47-4d0d-b9fc-c20289529760,https://www.last.fm/music/Dan+Croll,0,"indie pop, indie, electronic"
Morbid Angel,18554160,380969,4355a36d-805e-478d-8589-64f0292724b2,https://www.last.fm/music/Morbid+Angel,0,"death metal, old school death metal, metal"
Arty,4445983,380851,5d0fb381-1bfb-4f6c-9da2-e8b80a5d5062,https://www.last.fm/music/Arty,0,"trance, progressive trance, electronic"
Carpenter Brut,16151540,380850,303abdee-ffca-4685-a582-6aaaefd81b01,https://www.last.fm/music/Carpenter+Brut,0,"synthwave, electronic, retro electro"
Alcest,22476223,380641,dd77b8da-cdc7-46b8-8a7f-10894ca0490e,https://www.last.fm/music/Alcest,0,"shoegaze, black metal, post-rock"
Sarcastic Sounds,4865265,380598,,https://www.last.fm/music/Sarcastic+Sounds,0,"Lo-Fi, Hip-Hop, beats"
Kajagoogoo,2397183,380390,7bc51021-6a84-4a04-ada3-0541615a97bc,https://www.last.fm/music/Kajagoogoo,0,"80s, new wave, pop"
Maverick Sabre,3829512,379986,b0311291-19f9-4288-96be-e8a5da0a104a,https://www.last.fm/music/Maverick+Sabre,0,"soul, Hip-Hop, alternative"
Elderbrook,5136288,379764,25835693-a126-478a-944e-1303ae7a2551,https://www.last.fm/music/Elderbrook,0,"House, electronic, chillout"
Ben Webster,2968586,379616,e28c0b26-3bdb-45dc-b4f5-f309c7c35ec4,https://www.last.fm/music/Ben+Webster,0,"jazz, saxophone, swing"
ben platt,10186379,379487,,https://www.last.fm/music/ben+platt,0,"pop, musical, Broadway"
Widowspeak,5305669,379471,ef9d28db-a1b7-4957-aa79-ed289a77ce10,https://www.last.fm/music/Widowspeak,0,"dream pop, shoegaze, indie rock"
Twin Peaks,5954353,379182,b9bd2ca3-bf1a-4eb0-a89c-f16d95d9457f,https://www.last.fm/music/Twin+Peaks,0,"indie rock, seen live, rock"
808 State,4240327,378628,36f35db0-bc09-43e7-8650-a123224943c7,https://www.last.fm/music/808+State,0,"electronic, acid house, techno"
Cheryl Lynn,2057545,378266,c2b8f775-455c-44c3-97ca-f377938da19e,https://www.last.fm/music/Cheryl+Lynn,0,"Disco, soul, funk"
Kongos,5150286,378200,7bbd2f4c-b5b3-4ed1-92ce-53aef244f00d,https://www.last.fm/music/Kongos,0,"rock, alternative rock, folk"
Headie One,10319552,378133,,https://www.last.fm/music/Headie+One,0,"Grime, rap, drill"
DeBarge,2519459,377818,b6fd4928-89db-4bbd-b5f4-8fb98f9f02ff,https://www.last.fm/music/DeBarge,0,"80s, soul, motown"
Norma Jean,16050560,377650,a02b1a45-271c-4bc3-9d82-68bb896cb5fd,https://www.last.fm/music/Norma+Jean,0,"hardcore, metalcore, mathcore"
France Gall,5720582,377456,385966f0-b912-4755-bad6-4780ebf3f4cd,https://www.last.fm/music/France+Gall,0,"french, pop, female vocalists"
Loyle Carner,13158349,377451,,https://www.last.fm/music/Loyle+Carner,0,"Hip-Hop, seen live, hip hop"
Jain,4597483,377224,3e3c6d99-a83f-4ba9-a7df-9d25eac0565d,https://www.last.fm/music/Jain,0,"pop, french, indie pop"
Miracle Musical,10863856,376902,,https://www.last.fm/music/Miracle+Musical,0,"experimental, american, indie"
Rob $tone,2895449,376689,,https://www.last.fm/music/Rob+$tone,0,"Hip-Hop, trap, rap"
YOKE LORE,4594887,376084,,https://www.last.fm/music/YOKE+LORE,0,"indie pop, american, indie"
Ta-ku,6701303,375994,81855cde-5030-42de-b1b3-f563dd01e623,https://www.last.fm/music/Ta-ku,0,"Hip-Hop, instrumental hip-hop, beats"
Lone,7368492,375844,cb8fc40c-bde5-4a84-94e4-ee1d4de385be,https://www.last.fm/music/Lone,0,"idm, electronic, ambient"
Tei Shi,5465610,375522,921f2966-dfe6-4101-95fc-c8233d76f59f,https://www.last.fm/music/Tei+Shi,0,"female vocalists, pop, indie"
Barns Courtney,6408737,375257,,https://www.last.fm/music/Barns+Courtney,0,"seen live, singer-songwriter, alternative"
TOPS,6195891,375235,e14554f9-b8e0-4223-9843-9af7f01f5368,https://www.last.fm/music/TOPS,0,"indie, indie pop, seen live"
RL Grime,5411053,375143,c046b587-5e98-4631-a5c0-e5d8e18d6b13,https://www.last.fm/music/RL+Grime,0,"trap, electronic, beats"
Anna of the North,4269562,374895,,https://www.last.fm/music/Anna+of+the+North,0,"pop, indie pop, norwegian"
Banes World,5456344,374894,,https://www.last.fm/music/Banes+World,0,"Lo-Fi, dream pop, shoegaze"
Bedřich Smetana,1951185,374784,6eb5695e-cf7b-4b94-b441-a09901127ef9,https://www.last.fm/music/Bed%C5%99ich+Smetana,0,"Classical, romantic, Czech"
smokepurpp,8187414,374444,,https://www.last.fm/music/smokepurpp,0,"trap, Hip-Hop, rap"
Quinn XCII,11461230,374330,,https://www.last.fm/music/Quinn+XCII,0,"pop, Hip-Hop, electronic"
Turnover,19687033,374204,3a4c8052-7c20-473f-8b41-c3a081cbeb13,https://www.last.fm/music/Turnover,0,"pop punk, emo, dream pop"
Kevin Morby,8006195,374089,eac962e1-0295-4e69-a266-4dab2adb4f11,https://www.last.fm/music/Kevin+Morby,0,"seen live, folk, singer-songwriter"
Salem,10834616,374060,987fc4c9-2c99-4f6c-949b-8da8019769a8,https://www.last.fm/music/Salem,0,"witch house, electronic, dubstep"
Kenny Burrell,3118065,373590,a85b66d2-34df-4d5a-8c0d-d585b8a14ce1,https://www.last.fm/music/Kenny+Burrell,0,"jazz, jazz guitar, guitar"
Carl Philipp Emanuel Bach,2358723,373557,f6486fc7-90ef-48ad-8ca3-905af1354afe,https://www.last.fm/music/Carl+Philipp+Emanuel+Bach,0,"Classical, baroque, german"
Tessa Violet,8612277,373278,b4246b6b-b1fd-4401-b438-d12f98e5e2a4,https://www.last.fm/music/Tessa+Violet,0,"pop, indie pop, indie"
Maximum the Hormone,15877491,373202,fb01635c-51fc-4cad-b71f-62e18bb3433b,https://www.last.fm/music/Maximum+the+Hormone,0,"J-rock, hardcore, japanese"
Rosé,26154380,373196,,https://www.last.fm/music/Ros%C3%A9,0,"Rosé, pop, k-pop"
Naked Eyes,2799229,372787,d5d477bc-97c5-410c-983b-ff541580566f,https://www.last.fm/music/Naked+Eyes,0,"new wave, 80s, synth pop"
Alexander Scriabin,3481951,372631,a4eba7b5-aceb-4acf-b297-3c0a3cd42757,https://www.last.fm/music/Alexander+Scriabin,0,"Classical, romantic, russian"
Timber Timbre,7419140,372606,89942abd-fdaa-48fc-a8cf-649746303c97,https://www.last.fm/music/Timber+Timbre,0,"folk, indie folk, seen live"
Loretta Lynn,4398636,372518,613260c3-d620-4645-94cd-33cd55f29b1e,https://www.last.fm/music/Loretta+Lynn,0,"country, female vocalists, classic country"
Céu,10971202,372514,7739f53a-f809-48a3-942a-fbea493f0a17,https://www.last.fm/music/C%C3%A9u,0,"mpb, female vocalists, brazilian"
IC3PEAK,11274547,372387,89aa4821-8505-4df0-aa24-6dab82b06474,https://www.last.fm/music/IC3PEAK,0,"witch house, electronic, Experimental pop"
Caro Emerald,7199446,372348,38bbbd07-9d89-4ff1-9a4e-28e48f57d63a,https://www.last.fm/music/Caro+Emerald,0,"jazz, female vocalists, pop"
Robin S,2077417,372234,a7191c47-2dae-4214-8acc-04d4eae77943,https://www.last.fm/music/Robin+S,0,"House, dance, 90s"
Silk City,3493580,372183,,https://www.last.fm/music/Silk+City,0,"pop, soul, dance"
TheFatRat,8145313,372167,7d3ec1fb-c3f1-4853-915e-871c0718eae4,https://www.last.fm/music/TheFatRat,0,"electronic, chiptune, glitch hop"
Nicholas Britell,11647411,372156,,https://www.last.fm/music/Nicholas+Britell,0,"Soundtrack, Classical, composer"
WhoMadeWho,5725225,372095,e731ab08-45c4-4e98-a1e4-7a16462c9cfb,https://www.last.fm/music/WhoMadeWho,0,"seen live, electronic, danish"
Tank,3733972,372075,b3c2cfd5-2cb5-4cc3-a699-86123704f396,https://www.last.fm/music/Tank,0,"heavy metal, NWOBHM, rnb"
Gusttavo Lima,9448419,371890,48a3a1c5-8cf3-4a9a-bd5c-5082cf8d3639,https://www.last.fm/music/Gusttavo+Lima,0,"sertanejo, Sertanejo Universitario, brazilian"
Raul Seixas,14436826,371652,c4efd92a-5692-41d5-91bb-b23d4b75e735,https://www.last.fm/music/Raul+Seixas,0,"rock, brazilian, classic rock"
Deafheaven,15930559,371569,f4ccf6c5-ad41-4f8f-bb9e-6e2c6ad23302,https://www.last.fm/music/Deafheaven,0,"black metal, Post-Black Metal, atmospheric black metal"
Cody Simpson,3778282,371454,afa02917-17ce-439d-8e8d-09980d82d7cf,https://www.last.fm/music/Cody+Simpson,0,"pop, australian, male vocalists"
James Brown & The Famous Flames,1899168,371425,c6db5c68-da57-41f9-8472-3da2e42977c4,https://www.last.fm/music/James+Brown+&+The+Famous+Flames,0,"soul, funk, rnb"
Robert Glasper,4109006,371365,6e8f82ea-9e6d-4fdd-9b32-32feef13186b,https://www.last.fm/music/Robert+Glasper,0,"jazz, piano, jazz piano"
Houndmouth,4551371,371256,4a18f60f-7aa9-4476-8d0f-84981d8ccb60,https://www.last.fm/music/Houndmouth,0,"indie folk, indie, seen live"
Nina Nesbitt,5072023,371242,2e759a02-63c2-437a-ace5-0c8dbc763684,https://www.last.fm/music/Nina+Nesbitt,0,"pop, folk, indie"
Carolina Gaitán - La Gaita,4287243,371018,,https://www.last.fm/music/Carolina+Gait%C3%A1n+-+La+Gaita,0,"Soundtrack, spanish, latin"
UPSAHL,6376773,370895,,https://www.last.fm/music/UPSAHL,0,"pop, indie, indie pop"
Desert Sessions,7650054,370700,7a2e6b55-f149-4e74-be6a-30a1b1a387bb,https://www.last.fm/music/Desert+Sessions,0,"Stoner Rock, desert rock, rock"
Harry Chapin,2548955,370630,ae4e3542-7838-4a6f-b753-08216be5a6bb,https://www.last.fm/music/Harry+Chapin,0,"folk, singer-songwriter, classic rock"
Roo Panes,3667351,370421,f01f4e0c-20c7-44fb-b549-d353c94bef55,https://www.last.fm/music/Roo+Panes,0,"folk, singer-songwriter, acoustic"
Adriana Calcanhotto,9910697,370039,bd4d397a-849a-48bf-be24-52eec87feeee,https://www.last.fm/music/Adriana+Calcanhotto,0,"mpb, female vocalists, brazilian"
Lou Rawls,2203310,369967,c8bd802a-6e4a-41a4-95fa-2c1ee33f65a5,https://www.last.fm/music/Lou+Rawls,0,"soul, jazz, blues"
Al Stewart,3796845,369809,dc8eb6cf-1d79-40fd-945f-83833614a0b8,https://www.last.fm/music/Al+Stewart,0,"singer-songwriter, folk, classic rock"
Black Party,3599688,369699,,https://www.last.fm/music/Black+Party,0,"rnb, soul, funk"
Hillsong United,16086490,369330,df5b0ff3-f88f-400e-91a3-6f7102a75e34,https://www.last.fm/music/Hillsong+United,0,"christian, worship, christian rock"
EarthGang,10474883,369202,,https://www.last.fm/music/EarthGang,0,"Hip-Hop, rap, hip hop"
Whitechapel,18555249,369142,56ba013c-610e-4d9b-98ed-c2ccff977a9e,https://www.last.fm/music/Whitechapel,0,"deathcore, death metal, brutal deathcore"
Kraak & Smaak,4303606,368843,472fcf2f-eaa2-44a2-8e8f-2ecd23cd0fc7,https://www.last.fm/music/Kraak+&+Smaak,0,"funk, electronic, seen live"
In Love With a Ghost,7113519,368668,,https://www.last.fm/music/In+Love+With+a+Ghost,0,"ambient, electronic, chiptune"
Emily Osment,3240506,368571,882728bd-a6b9-464f-beab-23d3e66143b5,https://www.last.fm/music/Emily+Osment,0,"pop, female vocalists, Disney"
Allah-Las,8054411,368436,cfd1fdcc-3c1d-4854-a500-31d96a6d5184,https://www.last.fm/music/Allah-Las,0,"Garage Rock, Psychedelic Rock, seen live"
Harold Melvin & The Blue Notes,2198893,368362,4ef24a03-45e8-40b3-b780-955bec848555,https://www.last.fm/music/Harold+Melvin+&+The+Blue+Notes,0,"soul, 70s, philly soul"
The Hush Sound,13908044,368330,2b7a7c7f-8c18-4e0c-aaf2-8c6f4e93cdbb,https://www.last.fm/music/The+Hush+Sound,0,"indie, seen live, piano rock"
Patti LaBelle,2450612,368056,f319ec6a-9290-449b-baef-4244809c487a,https://www.last.fm/music/Patti+LaBelle,0,"soul, female vocalists, rnb"
Paul Desmond,3936426,367922,d5bf3447-c526-4f7c-9931-4b7c80fe34de,https://www.last.fm/music/Paul+Desmond,0,"jazz, saxophone, cool jazz"
Cibo Matto,6267720,367805,dc4968ba-1fe0-43b9-bba0-81c09acd6326,https://www.last.fm/music/Cibo+Matto,0,"japanese, electronic, trip-hop"
KC & The Sunshine Band,2627490,367728,,https://www.last.fm/music/KC+&+The+Sunshine+Band,0,"Disco, funk, 70s"
Rosa Linn,3419654,367303,,https://www.last.fm/music/Rosa+Linn,0,"Eurovision, pop, Armenian"
Lasgo,3733458,367251,361b282b-c7ac-4c50-a115-cf54e9e788f7,https://www.last.fm/music/Lasgo,0,"dance, trance, electronic"
shouse,3773395,367096,,https://www.last.fm/music/shouse,0,"House, electronic, australian"
salem ilese,7429463,366900,,https://www.last.fm/music/salem+ilese,0,"pop, indie pop, female vocalists"
Deniece Williams,1858656,366895,f28dc56d-0bd4-485f-92a2-5c3e0e9b57cd,https://www.last.fm/music/Deniece+Williams,0,"soul, 80s, female vocalists"
The Wonder Years,25065330,366852,ae13e1fc-a2b1-4e3c-bfb9-737d3aeb7dab,https://www.last.fm/music/The+Wonder+Years,0,"pop punk, melodic hardcore, seen live"
Gregory Porter,5405977,366596,7ac1e33f-0cdf-4e81-b914-41830700d746,https://www.last.fm/music/Gregory+Porter,0,"jazz, soul, vocal jazz"
Vancouver Sleep Clinic,4764161,366567,7f5c8106-1c9d-42f7-931b-c4dba9f47fed,https://www.last.fm/music/Vancouver+Sleep+Clinic,0,"ambient, indie, electronic"
Gentle Giant,7828935,366545,f795c501-1c41-4be2-bc2a-875eba75aa31,https://www.last.fm/music/Gentle+Giant,0,"Progressive rock, art rock, classic rock"
Alle Farben,4456913,366497,18f9ced1-cab5-4852-b885-e7e98e7c5df1,https://www.last.fm/music/Alle+Farben,0,"electronic, minimal, seen live"
Menahan Street Band,4151497,366391,93da8c8a-bd13-4418-a00e-2861b8518a8d,https://www.last.fm/music/Menahan+Street+Band,0,"funk, soul, jazz"
What So Not,4156537,366359,e840a9e5-4b73-486a-a47d-790d5096dd1f,https://www.last.fm/music/What+So+Not,0,"trap, electronic, seen live"
Gilbert O'Sullivan,3126598,366132,215394ba-3d0c-4b57-b284-ec5bb4a5ad25,https://www.last.fm/music/Gilbert+O%27Sullivan,0,"pop, 70s, soft rock"
Biig Piig,4887782,365993,,https://www.last.fm/music/Biig+Piig,0,"indie, rnb, downtempo"
Julee Cruise,5527703,365790,3b7865df-3c91-48dd-9126-a71e0dfe7f8d,https://www.last.fm/music/Julee+Cruise,0,"dream pop, female vocalists, ethereal"
The Five Stairsteps,1829308,365725,42700164-abe3-4b45-b627-f4c8deca5e82,https://www.last.fm/music/The+Five+Stairsteps,0,"soul, funk, northern soul"
Molotov,8931107,365410,7daae91a-caf1-495f-a21a-912ece46501c,https://www.last.fm/music/Molotov,0,"rapcore, rock, alternative"
Wizkid,6993277,365126,efc5d365-a448-4e2f-9b5f-4a7c84be725c,https://www.last.fm/music/Wizkid,0,"nigeria, Hip-Hop, afrobeat"
Super Junior,34168679,364952,a13898e2-e488-498e-a89c-d0e920f74d4d,https://www.last.fm/music/Super+Junior,0,"k-pop, Korean, Super junior"
The Deli,3690281,364846,,https://www.last.fm/music/The+Deli,0,"beats, instrumental, Hip-Hop"
Bülow,5000219,364811,,https://www.last.fm/music/B%C3%BClow,0,"pop, german, seen live"
Peter Fox,10756335,364728,10c07fca-2678-40b6-9644-cde68d3e9554,https://www.last.fm/music/Peter+Fox,0,"german, reggae, dancehall"
IZ*ONE,37839566,364456,,https://www.last.fm/music/IZ%2AONE,0,"k-pop, j-pop, Korean"
Aries,18558234,364026,8570780a-c1f5-442b-8d88-d3907aaa2536,https://www.last.fm/music/Aries,0,"Progressive rock, Drum and bass, jungle"
The Handsome Family,5073580,363948,195ddaa1-f1e4-4960-a107-58d26cb058a2,https://www.last.fm/music/The+Handsome+Family,0,"Alt-country, country, folk"
The Struts,5209497,363871,f0be891f-6114-448a-ac55-a11bb2961f78,https://www.last.fm/music/The+Struts,0,"rock, glam rock, seen live"
Mylène Farmer,18552042,363794,18b23026-ed29-445a-9bb4-4e86598ab5a9,https://www.last.fm/music/Myl%C3%A8ne+Farmer,0,"french, pop, female vocalists"
Chrome Sparks,5051410,363714,138a2979-8c8a-4de5-8bfd-76f6227bd457,https://www.last.fm/music/Chrome+Sparks,0,"chillwave, electronic, synthpop"
Harold Faltermeyer,2455286,363630,3bd08e76-bf53-4b16-82ee-63f95ca5cdae,https://www.last.fm/music/Harold+Faltermeyer,0,"Soundtrack, electronic, 80s"
YUNG BAE,6473629,363543,,https://www.last.fm/music/YUNG+BAE,0,"future funk, vaporwave, electronic"
Roosevelt,6911481,363205,84efc38e-82d4-4101-9510-6f4adfc7542b,https://www.last.fm/music/Roosevelt,0,"seen live, electronic, emo"
Ella Eyre,3722377,363186,f7602b15-66cc-4b31-b3b6-ed3c0a29eea3,https://www.last.fm/music/Ella+Eyre,0,"soul, pop, female vocalists"
Billy Paul,2076048,363173,7e8a2d88-ebed-433c-9971-643a66834835,https://www.last.fm/music/Billy+Paul,0,"soul, jazz, 70s"
Dion & The Belmonts,2665349,363113,89efeadd-8080-4cf9-af33-2e68a173df02,https://www.last.fm/music/Dion+&+The+Belmonts,0,"doo wop, oldies, 50s"
The American Analog Set,7394123,363065,7f5dde96-1573-4491-9673-f03fe7c5caaa,https://www.last.fm/music/The+American+Analog+Set,0,"indie, indie rock, post-rock"
Jukebox the Ghost,7695214,363027,43dcec48-1764-4055-91ac-afe8a4d25cd1,https://www.last.fm/music/Jukebox+the+Ghost,0,"indie pop, seen live, indie"
Soul II Soul,2298554,363011,9350241a-d698-4489-92bf-41794f383ff3,https://www.last.fm/music/Soul+II+Soul,0,"soul, 80s, funk"
Chelsea Cutler,8313025,362599,,https://www.last.fm/music/Chelsea+Cutler,0,"pop, indie pop, electronic"
MK,3701135,362447,fb8c18a8-e95a-4851-96e5-9a7cde0a9f82,https://www.last.fm/music/MK,0,"House, trance, podcast"
Emperor,14291999,362312,fffb7cb6-e9cd-42d0-81d0-60e58f13c7e8,https://www.last.fm/music/Emperor,0,"black metal, Symphonic Black Metal, norwegian"
YEEK,5603767,361735,,https://www.last.fm/music/YEEK,0,"Hip-Hop, seen live, new jersey"
Attack Attack!,15396501,361624,da876178-b451-4ea6-850f-562c595ff858,https://www.last.fm/music/Attack+Attack%21,0,"post-hardcore, electronic, trancecore"
Belinda,6555657,361015,8ab3e5ee-caed-42a0-8892-14fa424b63ef,https://www.last.fm/music/Belinda,0,"pop, latin, female vocalists"
YUI,19418585,360920,f8a17bc3-82ba-4e40-bc8f-7d2445d9e818,https://www.last.fm/music/YUI,0,"j-pop, japanese, female vocalists"
Black,2617399,360434,ddbb8adb-c79b-4808-af27-f3e6a0d63133,https://www.last.fm/music/Black,0,"80s, pop, soft rock"
Sleep,8514262,360362,a58100f4-a2f9-4972-a163-41949f187909,https://www.last.fm/music/Sleep,0,"doom metal, stoner metal, Stoner Rock"
The Strumbellas,3494226,360163,2a9b17db-4f22-4ffa-a547-4fdfda1ce946,https://www.last.fm/music/The+Strumbellas,0,"folk, country, indie"
Lil Xan,5624238,360014,,https://www.last.fm/music/Lil+Xan,0,"cloud rap, Hip-Hop, rap"
Lebanon Hanover,9211538,359964,7de3b7b4-8288-4baf-929b-98af9224c0cb,https://www.last.fm/music/Lebanon+Hanover,0,"post-punk, coldwave, darkwave"
The Pretty Things,3816582,359871,07deede6-db1d-4ede-b19e-5d46df592841,https://www.last.fm/music/The+Pretty+Things,0,"Psychedelic Rock, psychedelic, 60s"
Casiio,5356881,359675,,https://www.last.fm/music/Casiio,0,"Lo-Fi, electronic, chill"
This Mortal Coil,7076603,359662,60ef8ddb-7676-4056-a357-9a8c228d03a6,https://www.last.fm/music/This+Mortal+Coil,0,"ethereal, ambient, Gothic"
The Olivia Tremor Control,8449046,359516,d62842be-03d8-414b-a8d6-36f4b3b563ed,https://www.last.fm/music/The+Olivia+Tremor+Control,0,"Elephant 6, psychedelic, indie"
HM SURF,4281572,359345,,https://www.last.fm/music/HM+SURF,0,"chillhop, norwegian, Lo-Fi"
Smoke DZA,2974167,359019,547dcb59-ea49-40e8-89cb-6722741e65f9,https://www.last.fm/music/Smoke+DZA,0,"Hip-Hop, rap, underground hip-hop"
Léon,6576867,358499,c8be21d2-7aa6-4d6c-a8df-d9e74292439c,https://www.last.fm/music/L%C3%A9on,0,"pop, indie pop, indie"
Arthur Russell,9530055,358484,f43370e3-6d86-44e7-ae4c-ca098962dcd0,https://www.last.fm/music/Arthur+Russell,0,"Avant-Garde, experimental, Disco"
Mulatu Astatke,5689348,358453,67f0c7ca-14e8-47a3-be0e-bd2f2ffe25bb,https://www.last.fm/music/Mulatu+Astatke,0,"jazz, ethiopia, african"
Gregory and the Hawk,8433327,358399,3f180da3-4d5e-4678-957c-15ccdb123d84,https://www.last.fm/music/Gregory+and+the+Hawk,0,"indie, acoustic, female vocalists"
Bill Callahan,9498898,357891,c309d914-93af-4b3f-8058-d79c75ea89da,https://www.last.fm/music/Bill+Callahan,0,"singer-songwriter, folk, Alt-country"
ZICO,9466125,357352,f2215143-d7db-4cf0-9cd4-b0040eb63cbd,https://www.last.fm/music/ZICO,0,"Korean, Hip-Hop, k-pop"
Nxworries,7770381,357279,,https://www.last.fm/music/Nxworries,0,"soul, Hip-Hop, hip hop"
bluntone,3125965,357147,,https://www.last.fm/music/bluntone,0,"instrumental hip-hop, beats, jazz"
Os Paralamas Do Sucesso,8925446,357075,f197a8df-ac2b-4e78-9913-4abf13741f12,https://www.last.fm/music/Os+Paralamas+Do+Sucesso,0,"rock, brazilian rock, brazilian"
Gerry Mulligan,2841672,357055,68f19808-1f7b-46d4-bd1d-71aaf0f6b267,https://www.last.fm/music/Gerry+Mulligan,0,"jazz, saxophone, cool jazz"
Ann Peebles,2692162,357014,a7e05e3f-7459-4ba6-9041-8b5cacf6338c,https://www.last.fm/music/Ann+Peebles,0,"soul, funk, female vocalists"
Samuel E. Wright,2055177,356892,32c95bd9-68ee-4f64-923c-530de6b283a1,https://www.last.fm/music/Samuel+E.+Wright,0,"Disney, Soundtrack, musical"
Ásgeir,6077745,356585,380429da-3827-43fd-9e67-558e4c6a91bf,https://www.last.fm/music/%C3%81sgeir,0,"icelandic, indie, singer-songwriter"
Camo & Krooked,7881919,356541,83928527-eeb1-4625-98df-0cfbcc5c07ec,https://www.last.fm/music/Camo+&+Krooked,0,"Drum and bass, liquid funk, electronic"
Léo Delibes,1835575,355954,a56056f7-4e47-4209-abdc-171331ff1089,https://www.last.fm/music/L%C3%A9o+Delibes,0,"Classical, opera, romantic"
Dead Man's Bones,7104642,355947,b2c8ff02-6078-4e9a-b2d7-267451925394,https://www.last.fm/music/Dead+Man%27s+Bones,0,"folk, indie, alternative"
Young Fathers,8652513,355896,24aa5c20-a275-468a-93a9-b3d96b344b6c,https://www.last.fm/music/Young+Fathers,0,"Hip-Hop, seen live, rap"
Tkay Maidza,6533960,355795,e1811d3a-4631-4bfe-9b42-d0418524137e,https://www.last.fm/music/Tkay+Maidza,0,"Hip-Hop, rap, seen live"
Peter Sandberg,3032064,355733,,https://www.last.fm/music/Peter+Sandberg,0,"piano, jazz, contemporary classical"
Charlie Burg,4964929,355435,,https://www.last.fm/music/Charlie+Burg,0,"rnb, soul, singer-songwriter"
Hunter Hayes,5170403,355363,9a36f5b5-9a70-4890-adfd-bc39386d354d,https://www.last.fm/music/Hunter+Hayes,0,"country, male vocalists, Country-Pop"
Nando Reis,9055875,355251,cda86e8a-a26a-4b3a-959c-bc9f8a88a1c1,https://www.last.fm/music/Nando+Reis,0,"mpb, rock, brazilian"
Mick Gordon,10504597,355248,01a36baf-fa2d-4659-8bc2-dbfb5ffed791,https://www.last.fm/music/Mick+Gordon,0,"Soundtrack, industrial metal, DJENT"
The Jungle Giants,5577240,355225,5f57853c-8e3c-4ed3-b71c-a67787ab58c9,https://www.last.fm/music/The+Jungle+Giants,0,"indie pop, australian, indie"
Dream,7949598,354498,fa42a4fb-4de5-40e0-a36b-0ed978f75336,https://www.last.fm/music/Dream,0,"j-pop, japanese, pop"
Hugh Jackman,5804387,354373,7f378f19-4686-41aa-b83e-3df359ae1578,https://www.last.fm/music/Hugh+Jackman,0,"actors, musicals, musical"
OMC,1643089,352908,c281ed6c-7faf-45f4-83a7-809de9d005c3,https://www.last.fm/music/OMC,0,"pop, New Zealand, 90s"
347aidan,5175446,352506,,https://www.last.fm/music/347aidan,0,"indie, alternative, emo rap"
Gang of Youths,8294327,352420,,https://www.last.fm/music/Gang+of+Youths,0,"seen live, indie rock, australian"
Be Your Own Pet,6812741,352223,4849dbcf-4192-434c-825b-077c9057c119,https://www.last.fm/music/Be+Your+Own+Pet,0,"indie, indie rock, female vocalists"
Tyler Bates,7250510,352160,03cfec4a-9885-444c-9e74-5fbab5861106,https://www.last.fm/music/Tyler+Bates,0,"Soundtrack, instrumental, composer"
88-Keys,2270559,352080,f9dbc073-21a9-4ad2-b19d-891e9a01dc1c,https://www.last.fm/music/88-Keys,0,"Hip-Hop, rap, hip hop"
CNCO,6627650,351818,,https://www.last.fm/music/CNCO,0,"pop, latin, Reggaeton"
Hunny,5739593,351501,,https://www.last.fm/music/Hunny,0,"seen live, indie, alternative"
Amber Mark,5761174,351491,,https://www.last.fm/music/Amber+Mark,0,"pop, soul, rnb"
William Basinski,7829532,351480,3b731282-d7f4-41a5-af0a-d0c1c3319802,https://www.last.fm/music/William+Basinski,0,"ambient, drone, experimental"
Waxahatchee,11288412,351467,42321e24-42b6-4f08-b0d9-8325ee887a20,https://www.last.fm/music/Waxahatchee,0,"singer-songwriter, seen live, indie"
The Style Council,4513910,351318,34e56f20-ddda-48c9-a4bb-6bb12df57de0,https://www.last.fm/music/The+Style+Council,0,"new wave, 80s, british"
Big & Rich,2945374,351267,9c76170f-0d77-4aa3-b3c9-52f1ce07b9ec,https://www.last.fm/music/Big+&+Rich,0,"country, country rock, rock"
Sticky Fingers,13510857,350741,c6d4b9fd-bea6-4671-bd9a-0423b932ccf8,https://www.last.fm/music/Sticky+Fingers,0,"australian, Reggae Rock, indie"
Auli'i Cravalho,3303823,350703,,https://www.last.fm/music/Auli%27i+Cravalho,0,"Disney, Soundtrack, pop"
Combichrist,17963593,350665,c29f4522-f710-4bb5-a06b-d436fcc3b2fd,https://www.last.fm/music/Combichrist,0,"industrial, ebm, dark electro"
Summer Salt,6142916,350559,,https://www.last.fm/music/Summer+Salt,0,"seen live, indie rock, surf rock"
MISSIO,6983167,350529,,https://www.last.fm/music/MISSIO,0,"electronic, alternative, american"
Down,14335366,350243,4c01333f-e8e8-43bd-9923-8de83ef6f63d,https://www.last.fm/music/Down,0,"stoner metal, Southern metal, Stoner Rock"
Mohombi,2755802,350235,257f84f9-a920-40cd-a810-3e48c57d275d,https://www.last.fm/music/Mohombi,0,"dance, pop, rnb"
Novos Baianos,10416580,350056,7b543eba-995a-4c30-a37e-f8cac424f167,https://www.last.fm/music/Novos+Baianos,0,"mpb, tropicalia, samba"
The City of Prague Philharmonic Orchestra,3930787,350013,d8451fb8-74d0-4509-a242-6f683641234b,https://www.last.fm/music/The+City+of+Prague+Philharmonic+Orchestra,0,"Classical, symphonic, Soundtrack"
Bob Moses,5523222,350007,2a047ec5-84a2-4616-ae24-bd28f66a9960,https://www.last.fm/music/Bob+Moses,0,"deep house, House, jazz"
Bryce Vine,6014437,349966,,https://www.last.fm/music/Bryce+Vine,0,"Hip-Hop, rnb, pop"
Darkthrone,22645779,349948,af8fd97c-db72-4e30-b2aa-30ebd0c4f1a0,https://www.last.fm/music/Darkthrone,0,"black metal, Norwegian Black Metal, death metal"
Julia Holter,9584329,349838,45610c1f-41a4-44f1-9da6-227510073ffc,https://www.last.fm/music/Julia+Holter,0,"experimental, ambient, electronic"
Flipp Dinero,4209006,349613,,https://www.last.fm/music/Flipp+Dinero,0,"trap, Hip-Hop, rap"
Hombres G,5854024,349545,8b1628a7-130a-4faf-96d8-2418bd9043c2,https://www.last.fm/music/Hombres+G,0,"Rock en Espanol, spanish, pop"
Susumu Yokota,6574675,349498,7b05d6fe-91e8-4cb9-a401-2a13b1578716,https://www.last.fm/music/Susumu+Yokota,0,"ambient, electronic, japanese"
Mikky Ekko,3254498,349112,ff4fc9b6-bdcd-44ee-b053-c1ccbe47fe4b,https://www.last.fm/music/Mikky+Ekko,0,"alternative, electronic, post-pop"
Ron Pope,4094644,348747,a7208ea4-2c6f-4cf8-b321-599c901073d8,https://www.last.fm/music/Ron+Pope,0,"acoustic, singer-songwriter, indie"
Rook1e,3534966,348565,,https://www.last.fm/music/Rook1e,0,"Lo-Fi, instrumental, beats"
Leonard Bernstein,3116000,348544,fa39bc82-9b27-4bbb-9425-d719a72e09ac,https://www.last.fm/music/Leonard+Bernstein,0,"Classical, contemporary classical, Soundtrack"
Lucius,3652253,348467,9e233b0e-9e9d-4865-9d66-18fbcaf02bd8,https://www.last.fm/music/Lucius,0,"seen live, indie, pop"
Camila,5718344,348388,6100e9f6-4316-4553-8f23-80466e253fc5,https://www.last.fm/music/Camila,0,"pop, spanish, camila"
Austin Mahone,8646750,348352,b69b9854-f568-4a50-b076-309c459946a8,https://www.last.fm/music/Austin+Mahone,0,"pop, male vocalists, Austin Mahone"
Sevdaliza,10757163,348263,,https://www.last.fm/music/Sevdaliza,0,"electronic, rnb, pop"
Darkside,7234375,348240,f03994e9-a05d-4a70-b43f-51a6f5e39c23,https://www.last.fm/music/Darkside,0,"electronic, minimal, seen live"
Randy Travis,3682046,348105,09b697e3-a849-4670-ae49-e0b821a6271a,https://www.last.fm/music/Randy+Travis,0,"country, Randy Travis, classic country"
DJ Mehdi,2883557,347777,66ad8456-1d33-4d7d-b8c3-a8f1a3b1e74f,https://www.last.fm/music/DJ+Mehdi,0,"electro, electronic, french"
oatmello,2579286,347670,,https://www.last.fm/music/oatmello,0,"Lo-Fi, instrumental, beats"
Sam Fischer,3587183,347543,,https://www.last.fm/music/Sam+Fischer,0,"pop, indie, soul"
Matt Simons,3249808,347512,e14eb176-68e9-434e-9a55-da2718c454d8,https://www.last.fm/music/Matt+Simons,0,"indie, pop, singer-songwriter"
Andrés Calamaro,11403445,347297,5a092e7c-faa9-45d0-88c6-052205804e6c,https://www.last.fm/music/Andr%C3%A9s+Calamaro,0,"Rock Argentino, rock, argentina"
Perturbator,14425204,347271,45c25199-fa62-4d4c-b0a2-11eeed6923c3,https://www.last.fm/music/Perturbator,0,"synthwave, electronic, synthpop"
Christian Death,8345203,347256,cf779ca1-1e57-4449-8f8d-7ccdecfe8294,https://www.last.fm/music/Christian+Death,0,"deathrock, post-punk, Gothic Rock"
Tove Styrke,4988550,347149,4c5ff1ac-dce8-4815-90f9-232c5ea8d262,https://www.last.fm/music/Tove+Styrke,0,"pop, swedish, electropop"
Wilkinson,5632650,347146,c9fa114f-8426-4286-a289-9f16c8e092b5,https://www.last.fm/music/Wilkinson,0,"Drum and bass, liquid funk, neurofunk"
Alfie Templeman,5217742,347119,,https://www.last.fm/music/Alfie+Templeman,0,"indie pop, indie rock, seen live"
Las Ketchup,1793919,347087,5c6f6348-15b5-4eb5-a8ae-d8a3ee3354a1,https://www.last.fm/music/Las+Ketchup,0,"pop, spanish, female vocalists"
Baccara,2075204,346909,d17a5888-7775-4541-85d6-f6344f9e93b7,https://www.last.fm/music/Baccara,0,"Disco, 70s, pop"
The Story So Far,25503970,346841,bc303c9e-3ffb-49ca-acf1-088ef4d46ed7,https://www.last.fm/music/The+Story+So+Far,0,"pop punk, melodic hardcore, seen live"
Instupendo,3967916,346683,,https://www.last.fm/music/Instupendo,0,"downtempo, electronic, Lo-Fi"
Kill the Noise,3537412,346071,a9930a14-8fbb-435a-ad25-f4b6cae71523,https://www.last.fm/music/Kill+the+Noise,0,"dubstep, electronic, electro"
griff,5438210,346036,84b8a3bc-7e45-4b1e-a34c-bb1a99b7bf5e,https://www.last.fm/music/griff,0,"pop, seen live, british"
Kilo Kish,6952573,345963,8df10546-b908-4d7d-9acf-6ebc86ed80a8,https://www.last.fm/music/Kilo+Kish,0,"Hip-Hop, rnb, alternative rnb"
Kreayshawn,4262891,345924,b87b38cc-b446-4a0c-968a-addb0e244c9d,https://www.last.fm/music/Kreayshawn,0,"Hip-Hop, swag, rap"
Alizée,7290183,345704,a344d1d3-bc5e-4a59-95f1-814999d009ac,https://www.last.fm/music/Aliz%C3%A9e,0,"french, pop, female vocalists"
Coil,17853939,345499,c16fbb7e-57b1-462c-97c5-bd0e11248765,https://www.last.fm/music/Coil,0,"industrial, experimental, dark ambient"
Liquido,3614442,345474,5b7b9817-f937-48a6-b194-cb2b7e4084a3,https://www.last.fm/music/Liquido,0,"rock, alternative rock, alternative"
Jadu Heart,4496687,345448,,https://www.last.fm/music/Jadu+Heart,0,"chillwave, experimental, electronic"
Message To Bears,5146656,345414,f059895d-51e5-4690-85fd-dfb5b5910641,https://www.last.fm/music/Message+To+Bears,0,"ambient, post-rock, instrumental"
ACraze,2636472,345396,,https://www.last.fm/music/ACraze,0,"pop, House, electronic"
702,2283745,345378,4822d466-5c1f-4e04-80e9-e33e8295c26b,https://www.last.fm/music/702,0,"rnb, 90s, Girl Groups"
jackson wang,12659963,345333,,https://www.last.fm/music/jackson+wang,0,"chinese, C-pop, cpop"
Katrina & The Waves,1670243,345319,a57505c9-6b43-4861-a498-fe00b349d591,https://www.last.fm/music/Katrina+&+The+Waves,0,"pop, 80s, new wave"
Charlotte Day Wilson,4009453,345304,,https://www.last.fm/music/Charlotte+Day+Wilson,0,"soul, pop, rnb"
When In Rome,2620413,345141,d3dcef08-31d2-45b4-8e12-e4c7ac0d26c8,https://www.last.fm/music/When+In+Rome,0,"new wave, 80s, synthpop"
Angra,18931390,345116,b0fe8ef0-d59b-4d41-afee-2d21b59112ab,https://www.last.fm/music/Angra,0,"Power metal, Progressive metal, metal"
CL,8760237,345060,b0e50c52-d39e-4693-a9d6-bef208ecdc7b,https://www.last.fm/music/CL,0,"k-pop, Korean, Hip-Hop"
Unlike Pluto,9528708,344902,6a310a97-aff0-47ce-a581-edac22897d2d,https://www.last.fm/music/Unlike+Pluto,0,"electronic, dubstep, alternative"
Immortal,17620201,344700,b863cf80-19c6-4a87-8e42-6cff7ac8f18f,https://www.last.fm/music/Immortal,0,"black metal, Norwegian Black Metal, norwegian"
Kane Brown,5695952,344524,,https://www.last.fm/music/Kane+Brown,0,"country, country pop, beer"
Satyricon,16890125,344399,8eed05a5-e9a1-4dda-8b33-e354c4ecc8b6,https://www.last.fm/music/Satyricon,0,"black metal, metal, Norwegian Black Metal"
Lipps Inc.,1651968,344291,,https://www.last.fm/music/Lipps+Inc.,0,"Disco, funk, 80s"
Alejandro Fernández,5560774,344243,772a8360-e81e-4647-92e2-195c19efddad,https://www.last.fm/music/Alejandro+Fern%C3%A1ndez,0,"latin, mariachi, pop"
Ylvis,3034368,344116,18e9528e-a4af-4e09-9a35-ea11c7a7ae43,https://www.last.fm/music/Ylvis,0,"pop, norwegian, comedy"
Leisure,4104910,343348,890b30b4-d350-4d96-83ee-3ebc26e0b9e3,https://www.last.fm/music/Leisure,0,"indie, indie pop, electronic"
Hey Violet,4654304,343080,,https://www.last.fm/music/Hey+Violet,0,"pop, rock, female vocalists"
Art Blakey,2784191,342803,601e7466-eaf5-4a91-9909-ffd770b7e04a,https://www.last.fm/music/Art+Blakey,0,"jazz, Hard Bop, bebop"
Bruce Hornsby,2891575,342764,e60dbba7-6f55-429a-bd22-5e9c6a87ae70,https://www.last.fm/music/Bruce+Hornsby,0,"singer-songwriter, piano, rock"
New Boyz,2816917,341942,8e1d63a3-2980-4d69-ba61-1024e8a6df4b,https://www.last.fm/music/New+Boyz,0,"Hip-Hop, rap, Jerk"
Zendaya,3381027,341911,5b946a83-b395-4016-b67f-c71690f9a866,https://www.last.fm/music/Zendaya,0,"pop, female vocalists, dance"
The Driver Era,8674661,341877,,https://www.last.fm/music/The+Driver+Era,0,"seen live, alternative, indie"
UVERworld,13889609,341866,a107bff6-58da-4302-83ad-317e86a1811c,https://www.last.fm/music/UVERworld,0,"J-rock, japanese, j-pop"
Huncho Jack,9952487,341807,,https://www.last.fm/music/Huncho+Jack,0,"trap, rap, Hip-Hop"
Softy,4826434,341762,,https://www.last.fm/music/Softy,0,"Lo-Fi, electronic, chill"
Superorganism,4813830,341748,,https://www.last.fm/music/Superorganism,0,"seen live, indie pop, art pop"
Flatsound,10210413,341622,,https://www.last.fm/music/Flatsound,0,"Lo-Fi, indie, ambient"
Erroll Garner,2949544,341481,75bd5186-9d89-4da9-95de-fce055c28895,https://www.last.fm/music/Erroll+Garner,0,"jazz, piano, jazz piano"
Day Wave,4068206,341441,,https://www.last.fm/music/Day+Wave,0,"indie, dream pop, indie rock"
Bathory,26094020,341141,d292b4cd-37bd-4a88-a823-8710f273cc31,https://www.last.fm/music/Bathory,0,"black metal, viking metal, thrash metal"
Four Tops,2508711,341124,735ee6d8-d2c3-4ae1-a522-62b486dd59a8,https://www.last.fm/music/Four+Tops,0,"soul, motown, 60s"
Ahmad Jamal,3956458,340714,cf816800-4e0e-4d80-9cca-50a725e93787,https://www.last.fm/music/Ahmad+Jamal,0,"jazz, piano, jazz piano"
Dope Lemon,5430668,340504,,https://www.last.fm/music/Dope+Lemon,0,"australian, indie, folk"
Milo Greene,3676623,340397,43107061-a4fe-4efc-81ba-5515ddd26053,https://www.last.fm/music/Milo+Greene,0,"indie, folk, indie folk"
Mndsgn,4403802,340231,275f0cb3-6390-429d-92aa-3e3d0a12d8d8,https://www.last.fm/music/Mndsgn,0,"beats, instrumental hip-hop, Hip-Hop"
Luiz Bonfá,3870187,340057,f926459e-1bd2-42a6-a174-8994ad950591,https://www.last.fm/music/Luiz+Bonf%C3%A1,0,"Bossa Nova, jazz, guitar"
Alice Merton,4278532,339975,,https://www.last.fm/music/Alice+Merton,0,"pop, indie, indie pop"
PINK GUY,7582416,339962,16c30e33-0f97-4146-9bec-dc21d074eaec,https://www.last.fm/music/PINK+GUY,0,"Hip-Hop, rap, B0SS"
The Regrettes,7618925,339701,,https://www.last.fm/music/The+Regrettes,0,"seen live, female vocalists, pop rock"
Peace,4677101,339679,e95d5581-789a-4696-bb64-a1e3a5f899cd,https://www.last.fm/music/Peace,0,"indie rock, indie, british"
Jacob Collier,6930782,339645,,https://www.last.fm/music/Jacob+Collier,0,"jazz, seen live, soul"
Ginger Root,5037348,339611,,https://www.last.fm/music/Ginger+Root,0,"soul, funk, city pop"
Felt,6249239,339348,f6cfa4fb-5f91-4a90-a1c5-bb083cead82c,https://www.last.fm/music/Felt,0,"post-punk, Hip-Hop, indie pop"
Yandel,5121303,339071,3d291f48-a8be-4113-baad-c73618a7897d,https://www.last.fm/music/Yandel,0,"Reggaeton, black metal, Brutal Death Metal"
John Coltrane Quartet,3007009,339011,a43270af-bc4a-4552-847e-617b11f38d7b,https://www.last.fm/music/John+Coltrane+Quartet,0,"jazz, saxophone, free jazz"
Daniel Pemberton,7063911,338786,49c4816a-dcbe-4dfa-866a-563a51b76f48,https://www.last.fm/music/Daniel+Pemberton,0,"Soundtrack, ambient, electronic"
Big Wild,4471399,338706,,https://www.last.fm/music/Big+Wild,0,"electronic, Hip-Hop, glitch-hop"
CFCF,4042874,338542,c06cb96b-2a5c-439a-8171-fe3bd7d01ac3,https://www.last.fm/music/CFCF,0,"electronic, Electroclash, Canadian"
Bill Medley,1580072,338450,5a68345c-0ae8-4ec3-af35-38f2a39bcf0b,https://www.last.fm/music/Bill+Medley,0,"pop, classic rock, Blue-Eyed Soul"
A R I Z O N A,5289624,338297,,https://www.last.fm/music/A+R+I+Z+O+N+A,0,"pop, electronic, seen live"
Tommy Dorsey,2204188,338265,bdc886d8-dec6-4779-9d15-d50d959acb2b,https://www.last.fm/music/Tommy+Dorsey,0,"jazz, Big Band, swing"
4minute,15787045,338139,7c7a377e-2137-4120-ac20-c3d7286256e6,https://www.last.fm/music/4minute,0,"k-pop, Korean, female vocalists"
Starset,14528719,338035,edf078bd-ab50-477a-9e3d-f4c0c1d3470b,https://www.last.fm/music/Starset,0,"alternative rock, electronic rock, space rock"
Jim Morrison,3292099,337891,f9c42346-de35-4b0c-8d97-e7b9ef310a93,https://www.last.fm/music/Jim+Morrison,0,"classic rock, psychedelic, poetry"
Pale Saints,5157205,337890,1584532a-62ed-4cbe-ad95-6def0af7df35,https://www.last.fm/music/Pale+Saints,0,"shoegaze, dream pop, 4ad"
Czarface,7673243,337450,66120159-5fe7-4cdb-8c9a-7ac68e393c6f,https://www.last.fm/music/Czarface,0,"Hip-Hop, rap, underground hip-hop"
Nova,3720130,337440,ff2fe3e3-d504-4910-87e5-c86ba80f1a70,https://www.last.fm/music/Nova,0,"Progressive rock, rock, black metal"
Elvis Crespo,2252911,337287,776b2c10-31fe-4c4b-9982-f408279b80a9,https://www.last.fm/music/Elvis+Crespo,0,"merengue, latin, salsa"
Heatwave,1949785,337098,f926e465-8dbd-45ba-89c9-931ed9a35b3d,https://www.last.fm/music/Heatwave,0,"funk, Disco, soul"
AJ Tracey,11180320,337046,,https://www.last.fm/music/AJ+Tracey,0,"Grime, rap, Hip-Hop"
Natiruts,9659690,336626,917e448b-fbed-4062-b563-67566a3b3bb1,https://www.last.fm/music/Natiruts,0,"reggae, reggae brasileiro, brazilian"
Michelle,4081471,336544,ead82396-ddef-4428-a6f2-87ca2a12806e,https://www.last.fm/music/Michelle,0,"Schlager, michelle, deutsch"
Cali Swag District,1380576,336394,b26ddbb6-a066-4b1c-be18-aed6ef6cba9b,https://www.last.fm/music/Cali+Swag+District,0,"Hip-Hop, rap, Dougie"
Darius,3578041,336333,e2c9cdf1-3488-49bd-bac3-f92be1891800,https://www.last.fm/music/Darius,0,"pop, electronic, psychedelic"
Mike Shinoda,6251921,336223,c262b6bf-be56-4b26-bceb-42d7a27342f3,https://www.last.fm/music/Mike+Shinoda,0,"Hip-Hop, rock, alternative rock"
Player,2253598,336195,a96afead-a3e8-4ae5-95fd-7890be0faabc,https://www.last.fm/music/Player,0,"70s, soft rock, rock"
Absofacto,3303175,336194,085bbb68-d9c5-4183-8a2a-f9f7dd53d9f3,https://www.last.fm/music/Absofacto,0,"indie, acoustic, BIRP"
Donny Osmond,2139618,336077,0caf9760-a755-4f14-a0ac-f669991527ab,https://www.last.fm/music/Donny+Osmond,0,"pop, 70s, 80s"
Manuel Turizo,5633247,335890,,https://www.last.fm/music/Manuel+Turizo,0,"Reggaeton, pop, latin"
Akcent,4103170,335732,8a9dde70-e1a5-4905-a188-56daf95ea690,https://www.last.fm/music/Akcent,0,"dance, pop, eurodance"
No Rome,5119433,335586,,https://www.last.fm/music/No+Rome,0,"seen live, rnb, electronic"
JASIAH,7211627,335142,,https://www.last.fm/music/JASIAH,0,"Trap Metal, rap, Scream rap"
lund,7781759,335104,,https://www.last.fm/music/lund,0,"rap, cloud rap, emo rap"
Jon Batiste,3259184,335073,,https://www.last.fm/music/Jon+Batiste,0,"jazz, soul, piano"
Spiderbait,3965097,334924,6f0c596e-c5e6-4bae-87c2-4c69cb3d4067,https://www.last.fm/music/Spiderbait,0,"rock, australian, alternative"
Armani White,2905762,334898,,https://www.last.fm/music/Armani+White,0,"rap, Hip-Hop, Philadelphia"
Floetry,2701327,334549,bd74fb1e-9cc5-46d2-ac64-d44c358db201,https://www.last.fm/music/Floetry,0,"Neo-Soul, soul, rnb"
Rizzle Kicks,4637090,334401,436ef7cb-ffeb-4516-99df-b160f9b8323c,https://www.last.fm/music/Rizzle+Kicks,0,"british, hip hop, rap"
Jesper Kyd,12183329,334390,5156bb2c-45d7-4660-8234-4d84452c93e1,https://www.last.fm/music/Jesper+Kyd,0,"Soundtrack, ambient, video game music"
Next,1707489,334251,fe2af2d1-cfdd-4415-a5ea-4750e3c708e0,https://www.last.fm/music/Next,0,"rnb, 90s, soul"
The Ready Set,4794237,333906,3979bb32-59b4-442e-aafa-de4ae2439400,https://www.last.fm/music/The+Ready+Set,0,"powerpop, electronic, pop"
Alexander Rybak,5175762,333367,1e69316c-14fa-42ba-88f2-06f6743632f7,https://www.last.fm/music/Alexander+Rybak,0,"pop, folk, norwegian"
Pia Mia,3417151,333324,f9b857d0-3115-486a-8a87-1e8c11ad7d46,https://www.last.fm/music/Pia+Mia,0,"pop, rnb, better than demi lovato"
Christopher Jackson,5011154,333281,1b31b39e-06ac-4978-a444-902328d7d7f8,https://www.last.fm/music/Christopher+Jackson,0,"Broadway, hamilton, Hip-Hop"
Perfume,32061810,333245,bc471fd0-4e12-49f3-951b-2371b274590d,https://www.last.fm/music/Perfume,0,"electronic, j-pop, japanese"
mell-ø,3422273,333128,,https://www.last.fm/music/mell-%C3%B8,0,"Lo-Fi, chillhop, electronic"
Michael McDonald,2772722,332786,cacbe57b-02d0-4d21-be86-c8a3a5ea6e1e,https://www.last.fm/music/Michael+McDonald,0,"soul, 80s, pop"
Black Box Recorder,3879928,332715,49302df8-9e4f-42ed-8a9c-5d6f8d6cb83c,https://www.last.fm/music/Black+Box+Recorder,0,"indie, female vocalists, british"
Purrple Cat,4789105,332684,,https://www.last.fm/music/Purrple+Cat,0,"chillout, Lo-Fi, chill"
Darondo,3073823,332609,ae8e50f7-acd1-424b-8295-2c036b30d809,https://www.last.fm/music/Darondo,0,"soul, funk, 70s"
Jessi,6643065,332302,fc68747a-713f-4e6f-a091-c2560230fd70,https://www.last.fm/music/Jessi,0,"k-pop, Korean, Hip-Hop"
Fennesz,6495429,332286,a6f8d42d-d3ff-4268-8d39-ee01341733bb,https://www.last.fm/music/Fennesz,0,"ambient, experimental, electronic"
Jack Off Jill,8350824,332282,7e870dd5-2667-454b-9fcf-a132dd8071f1,https://www.last.fm/music/Jack+Off+Jill,0,"female vocalists, rock, alternative"
Jennifer Paige,2035145,332261,cb710d10-1b85-498e-814c-59c8c5939730,https://www.last.fm/music/Jennifer+Paige,0,"pop, female vocalists, 90s"
Jarvis Cocker,4363486,332178,38550441-d437-4aff-867e-e79bf0c04142,https://www.last.fm/music/Jarvis+Cocker,0,"britpop, seen live, indie"
µ-Ziq,6503457,331924,aae5b930-c59c-4509-81a1-4e65e8f424e4,https://www.last.fm/music/%C2%B5-Ziq,0,"idm, electronic, experimental"
Generation X,2169141,331876,4e1d7f85-5f2e-432b-8bac-1c0a44289cee,https://www.last.fm/music/Generation+X,0,"punk, punk rock, new wave"
Ruelle,5360510,331868,,https://www.last.fm/music/Ruelle,0,"pop, electropop, indie pop"
Hank Mobley,2645266,331777,026b096e-e024-42ab-82f3-107bddae77c2,https://www.last.fm/music/Hank+Mobley,0,"jazz, Hard Bop, saxophone"
Black Milk,5024491,331770,7f4e8866-a462-4785-ae83-5c35adef2db3,https://www.last.fm/music/Black+Milk,0,"Hip-Hop, underground hip-hop, detroit"
A-wall,3548728,331756,,https://www.last.fm/music/A-wall,0,"indie pop, punk, USA"
Hope Sandoval & The Warm Inventions,5293150,331419,23f527e1-74ae-4f7c-94f3-4a5d5f379c51,https://www.last.fm/music/Hope+Sandoval+&+The+Warm+Inventions,0,"dream pop, female vocalists, indie"
SayGrace,2276213,331353,,https://www.last.fm/music/SayGrace,0,"pop, soul, australian"
George Frideric Handel,3913711,331286,27870d47-bb98-42d1-bf2b-c7e972e6befc,https://www.last.fm/music/George+Frideric+Handel,0,"Classical, baroque, composers"
Andy Shauf,6267111,331088,7a3809ff-b299-441b-a963-1c7bd635db78,https://www.last.fm/music/Andy+Shauf,0,"folk, seen live, indie folk"
Jules Massenet,1366192,331078,85d783d6-6795-4726-b817-9d83095ad7be,https://www.last.fm/music/Jules+Massenet,0,"Classical, romantic, opera"
Cro,17507543,331023,b2ea6506-645e-4935-8d82-84c3a95fe7f0,https://www.last.fm/music/Cro,0,"rap, german, hip hop"
Drugdealer,3979503,331003,,https://www.last.fm/music/Drugdealer,0,"indie rock, Psychedelic Rock, indie"
Link Wray,3096321,330955,1c1c86a2-7850-47ac-8771-ae6359bae2b7,https://www.last.fm/music/Link+Wray,0,"rockabilly, surf rock, Surf"
Gallant,4386994,330924,ddce4f6c-d2a5-4e59-845c-a50f60c8ec05,https://www.last.fm/music/Gallant,0,"soul, rnb, r&b"
Amanda Palmer,9574695,330825,3c0eb318-d2ba-45aa-9077-b83746cc56da,https://www.last.fm/music/Amanda+Palmer,0,"punk cabaret, female vocalists, singer-songwriter"
Belanova,7336881,330817,39153756-5ffa-42a1-9b97-0468839021c3,https://www.last.fm/music/Belanova,0,"electropop, pop, mexican"
Rodrigo Amarante,4623046,330805,6122e623-d38d-47b0-95d8-7a3d73a01a55,https://www.last.fm/music/Rodrigo+Amarante,0,"seen live, brazil, mpb"
Morgan Page,3816013,330541,a4d87536-5e9f-49df-8257-202cef04e003,https://www.last.fm/music/Morgan+Page,0,"House, electronic, Progressive House"
Adriano Celentano,4579385,330372,d2b50525-1111-4906-aab6-4553f035f679,https://www.last.fm/music/Adriano+Celentano,0,"italian, pop, rock"
Chelsea Grin,12999973,330324,b0acce58-e847-4c9e-bd09-a204b965e74a,https://www.last.fm/music/Chelsea+Grin,0,"deathcore, brutal deathcore, grindcore"
Puzzle,8817527,330309,c9287f30-ce65-4756-a5cf-ff0ce4edcffe,https://www.last.fm/music/Puzzle,0,"Hip-Hop, post-rock, french"
Gerry & The Pacemakers,2282375,330210,fe5fb618-2f8b-4158-92b6-464f31672bca,https://www.last.fm/music/Gerry+&+The+Pacemakers,0,"60s, oldies, merseybeat"
Sodom,18466751,330209,63685ef9-ecae-44da-ab22-c8401e5eb308,https://www.last.fm/music/Sodom,0,"thrash metal, german, seen live"
Emarosa,15132773,330093,4b4b24bb-a553-4726-8c4d-a571a881fe59,https://www.last.fm/music/Emarosa,0,"post-hardcore, screamo, emocore"
Piero Umiliani,3435632,330077,806b793c-fb2c-401e-be44-f753c0ea2f15,https://www.last.fm/music/Piero+Umiliani,0,"Soundtrack, jazz, lounge"
Jay Som,5636353,330050,,https://www.last.fm/music/Jay+Som,0,"dream pop, shoegaze, indie"
Other Lives,5671482,329966,69ce32a2-dbb1-42c2-98fc-2fbf896ef861,https://www.last.fm/music/Other+Lives,0,"seen live, indie folk, indie"
Vérité,4864524,329962,d3618fd5-c062-467d-ad12-c89232134b4a,https://www.last.fm/music/V%C3%A9rit%C3%A9,0,"indie pop, indie, pop"
Orla Gartland,6929932,329958,8094a83b-86ce-4a13-b25f-90af829c9ed6,https://www.last.fm/music/Orla+Gartland,0,"indie, irish, singer-songwriter"
03 Greedo,5937847,329905,,https://www.last.fm/music/03+Greedo,0,"rap, hip hop, Hip-Hop"
Christoph Willibald Gluck,1644346,329804,22790383-30ea-4dcc-a8d6-882fb1eb4669,https://www.last.fm/music/Christoph+Willibald+Gluck,0,"Classical, baroque, opera"
Atoms for Peace,8325817,329346,9e299bee-d7e2-49f3-8cd7-d6b28ab204d1,https://www.last.fm/music/Atoms+for+Peace,0,"electronic, experimental, alternative"
Yumi Zouma,5741070,329345,6e3252a1-397d-4bf8-b2b7-d16f7fbcb3dd,https://www.last.fm/music/Yumi+Zouma,0,"indie pop, dream pop, synthpop"
Chris Tomlin,7969279,329192,b50b36b5-aec1-401f-a722-e5ab673af14d,https://www.last.fm/music/Chris+Tomlin,0,"christian, worship, contemporary christian"
Flughand,3020347,329122,,https://www.last.fm/music/Flughand,0,"instrumental hip-hop, beats, instrumental"
My Darkest Days,6855365,328780,056bb0bc-6af7-4c25-bbfe-f96c6e6d9feb,https://www.last.fm/music/My+Darkest+Days,0,"alternative rock, post-grunge, rock"
Majestic,2220089,328776,fc6e2c99-3375-40db-8ef2-7ecb20ccbb8c,https://www.last.fm/music/Majestic,0,"Progressive metal, Power metal, reggae"
Mr. President,1907428,328642,6255d25c-8231-4ff5-9b49-e26d760d6466,https://www.last.fm/music/Mr.+President,0,"eurodance, dance, 90s"
The Durutti Column,6224820,328566,aaddb5e3-f8a5-4a9d-8674-f885112ecf0e,https://www.last.fm/music/The+Durutti+Column,0,"post-punk, experimental, instrumental"
Hermitude,4007039,328523,3b8e479e-c3c9-4500-8a8f-394c290afde4,https://www.last.fm/music/Hermitude,0,"instrumental hip-hop, Hip-Hop, downbeat"
Lumen,20326768,328364,fc582f4a-0fe5-4cdc-96c5-527fdbbb30e6,https://www.last.fm/music/Lumen,0,"alternative, russian rock, punk rock"
Cracker,3134637,327922,ca48bfb8-37c5-4a04-9837-a07975ee0cd3,https://www.last.fm/music/Cracker,0,"alternative, rock, alternative rock"
Sonique,2300736,327678,e8b37da4-6cb2-4641-ab53-da42f02fbdfb,https://www.last.fm/music/Sonique,0,"dance, electronic, pop"
Anson Seabra,7412015,327538,,https://www.last.fm/music/Anson+Seabra,0,"indie, pop, folk"
Carwash,3918487,327454,,https://www.last.fm/music/Carwash,0,"dream pop, indie, USA"
Tion Wayne,4978062,327418,,https://www.last.fm/music/Tion+Wayne,0,"rap, Hip-Hop, drill"
Easy Life,8749166,327367,,https://www.last.fm/music/Easy+Life,0,"indie pop, funk, indie"
Empress Of,5699749,327241,91cd6a5a-e0db-4329-837e-9b6479d1ed2d,https://www.last.fm/music/Empress+Of,0,"seen live, dream pop, synthpop"
Go West,2127450,327020,41ff7032-f14b-4cf8-acf3-54b545927f8d,https://www.last.fm/music/Go+West,0,"80s, pop, new wave"
Linked Horizon,7865712,326933,cbb66a80-a3db-4c2f-a9a1-62a16f579712,https://www.last.fm/music/Linked+Horizon,0,"Power metal, japanese, J-rock"
David Arnold,5432444,326933,b753584a-3664-46f8-bb84-f6deed133c80,https://www.last.fm/music/David+Arnold,0,"Soundtrack, instrumental, composer"
Lost Kings,3731664,326767,,https://www.last.fm/music/Lost+Kings,0,"electronic, dance, electronica"
Syn Cole,3349553,326618,74c8d750-b1b8-4d59-93b6-8916b60d9b06,https://www.last.fm/music/Syn+Cole,0,"electronic, House, dance"
Clinton Kane,6697691,326513,,https://www.last.fm/music/Clinton+Kane,0,"alternative, indie, folk"
Circle Jerks,6239103,326482,22995eba-1238-4b4f-a937-ac2c5767ab9f,https://www.last.fm/music/Circle+Jerks,0,"punk, hardcore punk, hardcore"
The Holydrug Couple,2731254,326395,ab722b70-b4a8-4918-b13d-2a449f23df16,https://www.last.fm/music/The+Holydrug+Couple,0,"Psychedelic Rock, psychedelic, drone"
Gerard Way,7716106,326339,53dc88bd-cdcb-440d-81aa-51a40ef07848,https://www.last.fm/music/Gerard+Way,0,"alternative rock, rock, alternative"
Hopsin,7250432,326290,d4fde760-6aaf-4cbb-9736-1ae22f8a1b0d,https://www.last.fm/music/Hopsin,0,"Hip-Hop, rap, underground hip-hop"
Titãs,9586815,326260,c1a669b9-30f4-4171-a2a9-a15d9461ca04,https://www.last.fm/music/Tit%C3%A3s,0,"rock, brazilian, rock brasileiro"
Desireless,2178024,326123,b9a23705-56e8-4fb6-9543-7f43ab62eac7,https://www.last.fm/music/Desireless,0,"80s, new wave, french"
Big Mountain,1609211,326042,bc6c4055-043d-4987-b6bd-4d4298284dff,https://www.last.fm/music/Big+Mountain,0,"reggae, 80s, 90s"
Capital Inicial,8928650,325763,f168e033-2d59-401a-a9b1-2d704b24c17d,https://www.last.fm/music/Capital+Inicial,0,"rock, brazilian rock, pop rock"
Tensnake,3069846,325726,1310615d-0222-4e59-876d-e7d263f7e1ea,https://www.last.fm/music/Tensnake,0,"House, Disco, nu disco"
Acid Ghost,3945584,325450,,https://www.last.fm/music/Acid+Ghost,0,"dream pop, shoegaze, Lo-Fi"
Wisin,3501377,325188,6a6eea03-b435-446c-bab1-312b45580aee,https://www.last.fm/music/Wisin,0,"Reggaeton, black metal, Brutal Death Metal"
Citizen,13517393,325038,bd743cdc-74a1-4669-bcf9-3942594dc09a,https://www.last.fm/music/Citizen,0,"pop punk, emo, melodic hardcore"
Castlebeat,3920982,325020,,https://www.last.fm/music/Castlebeat,0,"dream pop, indie pop, Lo-Fi"
Pat Metheny Group,5258364,325018,66a7f1f8-0ad6-4e3a-9346-a643e2739a8c,https://www.last.fm/music/Pat+Metheny+Group,0,"jazz, jazz fusion, Fusion"
Flatbush ZOMBiES,11677669,324932,f59a5dac-939a-4f12-a35c-9a49676f6898,https://www.last.fm/music/Flatbush+ZOMBiES,0,"Hip-Hop, rap, underground hip-hop"
Esperanza Spalding,4944561,324886,5c12b265-5e59-44e0-b657-5cf4169f7316,https://www.last.fm/music/Esperanza+Spalding,0,"jazz, female vocalists, contemporary jazz"
Demon Hunter,12345499,324792,73fe4a37-6860-4bb5-b3ec-0d0c367900ea,https://www.last.fm/music/Demon+Hunter,0,"metalcore, metal, christian metal"
Tim Atlas,2618844,324733,e4b3a8b3-a476-4f61-a59e-2d8a9c71a4d7,https://www.last.fm/music/Tim+Atlas,0,"indie, indie pop, singer-songwriter"
Eli Young Band,3573850,324720,80737f69-60c5-4c0d-9562-88faf8d8f2f4,https://www.last.fm/music/Eli+Young+Band,0,"country, texas country, alternative country"
Highly Suspect,7584073,324573,,https://www.last.fm/music/Highly+Suspect,0,"alternative rock, rock, blues rock"
Rebecca Black,5191584,324552,312c7cc1-9b5c-4406-963b-9f73f50674c0,https://www.last.fm/music/Rebecca+Black,0,"pop, fun fun fun fun, Friday"
Clan of Xymox,8887221,324329,1fc54353-dcd0-47b1-bb59-7bd2974df829,https://www.last.fm/music/Clan+of+Xymox,0,"darkwave, Gothic, Gothic Rock"
Philip Bailey,2100652,324255,f4b25300-be93-49bc-9d44-15f9de480f50,https://www.last.fm/music/Philip+Bailey,0,"soul, funk, pop"
Pegboard Nerds,6219062,324247,c729681b-c5c1-4509-a6d1-f916c51aefd7,https://www.last.fm/music/Pegboard+Nerds,0,"dubstep, electronic, drumstep"
Joe Henderson,2344727,324138,bcab8301-c7e5-4689-a4ad-9ee947b4ce37,https://www.last.fm/music/Joe+Henderson,0,"jazz, saxophone, Hard Bop"
BJ The Chicago Kid,3093787,323931,112beffb-1adc-488b-8d61-7b2ab3475d52,https://www.last.fm/music/BJ+The+Chicago+Kid,0,"soul, rnb, Neo-Soul"
C. Tangana,18845499,323860,,https://www.last.fm/music/C.+Tangana,0,"seen live, Hip-Hop, spanish"
Nora En Pure,4200257,323524,f81ace47-638d-4729-a155-1be48dc2fa48,https://www.last.fm/music/Nora+En+Pure,0,"House, deep house, electronic"
Disasterpeace,7500452,323517,8a562589-9650-45f6-ab82-332625c0bf2d,https://www.last.fm/music/Disasterpeace,0,"chiptune, electronic, 8-bit"
Sixx:A.M.,8585284,323483,b6cca708-1083-4bbb-8ba1-237d832088e4,https://www.last.fm/music/Sixx:A.M.,0,"hard rock, rock, alternative rock"
No Spirit,3538178,323448,,https://www.last.fm/music/No+Spirit,0,"Lo-Fi, electronic, lofi"
Sister Nancy,2272849,322849,73ee98fc-7e8c-465d-b42c-8772ebc53de8,https://www.last.fm/music/Sister+Nancy,0,"reggae, dancehall, jamaica"
Roy Ayers Ubiquity,2465099,322701,d1501f92-f523-4e95-a787-432875c8d6dc,https://www.last.fm/music/Roy+Ayers+Ubiquity,0,"funk, jazz, soul"
The Blaze,6421185,322411,,https://www.last.fm/music/The+Blaze,0,"House, electronic, seen live"
DIR EN GREY,48122704,322306,ab309b83-904f-4e2c-8d11-a0223bba51f9,https://www.last.fm/music/DIR+EN+GREY,0,"J-rock, visual kei, japanese"
Orange Juice,4650501,322122,ebb3e568-9f8c-4ed5-93f6-37e5424c918b,https://www.last.fm/music/Orange+Juice,0,"post-punk, new wave, Scottish"
Zoé,15583986,322014,ced975cd-939c-4337-ad73-fd1c9d93d731,https://www.last.fm/music/Zo%C3%A9,0,"rock, indie, alternative rock"
Egypt Central,5649300,321625,e76b3a0a-e658-4478-b31e-5a5a24eb65d7,https://www.last.fm/music/Egypt+Central,0,"alternative rock, alternative metal, hard rock"
Fishmans,14542050,320881,d0f25f16-7782-42e8-8047-c16a1cb2b450,https://www.last.fm/music/Fishmans,0,"dub, japanese, dream pop"
Abra,5948253,320557,8361051c-6107-4901-9d75-72649346f2a2,https://www.last.fm/music/Abra,0,"rnb, synthpop, alternative rnb"
Kelsea Ballerini,7916507,320545,779d1126-e48c-43f2-8b51-005f3b116d7e,https://www.last.fm/music/Kelsea+Ballerini,0,"country, pop, female vocalists"
Nightmare,6469853,320502,f2c397d2-b074-4ab0-a621-b2957fcee329,https://www.last.fm/music/Nightmare,0,"J-rock, visual kei, japanese"
Dxrk ダーク,4463937,320499,,https://www.last.fm/music/Dxrk+%E3%83%80%E3%83%BC%E3%82%AF,0,"phonk, electronic, algerian"
The Frights,5878651,320245,68b0ec0a-f7a9-4678-a08e-e107967f4055,https://www.last.fm/music/The+Frights,0,"surf punk, seen live, indie"
Real McCoy,2064637,320128,7b0522f2-b808-4e48-82ce-fa9e32db06de,https://www.last.fm/music/Real+McCoy,0,"dance, eurodance, 90s"
Yusef Lateef,3119469,319965,2968722f-03d8-4e2f-88bc-f9975f147503,https://www.last.fm/music/Yusef+Lateef,0,"jazz, saxophone, flute"
jazzinuf,2912524,319893,,https://www.last.fm/music/jazzinuf,0,"Jazz Hop, instrumental, instrumental hip-hop"
Imanbek,2916409,319878,,https://www.last.fm/music/Imanbek,0,"House, electronic, kazakh"
Sido,11966314,319744,3caf69c1-fdd8-44bc-b0a5-8af3ad8a47cd,https://www.last.fm/music/Sido,0,"rap, Deutschrap, hip hop"
Julio Iglesias,4825245,319654,3be4099e-f180-4038-af84-ae18a09eab02,https://www.last.fm/music/Julio+Iglesias,0,"latin, spanish, julio iglesias"
Black Box,1913870,319565,d73596bb-a8f8-4aae-a323-d881f5245149,https://www.last.fm/music/Black+Box,0,"dance, House, 90s"
Animals as Leaders,19053184,319399,5c2d2520-950b-4c78-84fc-78a9328172a3,https://www.last.fm/music/Animals+as+Leaders,0,"Progressive metal, instrumental, math metal"
NoMBe,3581095,319326,,https://www.last.fm/music/NoMBe,0,"electronic, indie, pop"
Albert Hammond,2142362,319221,364f3cef-442b-4182-ae78-4e7e79683c24,https://www.last.fm/music/Albert+Hammond,0,"70s, oldies, soft rock"
Puma Blue,6051594,319141,,https://www.last.fm/music/Puma+Blue,0,"Lo-Fi, hypnagogic pop, bedroom pop"
The Pierces,6704277,319044,9f4452f2-0451-455a-80c4-c873dda66eca,https://www.last.fm/music/The+Pierces,0,"indie, female vocalists, folk-rock"
Pop Evil,4535404,319023,8e3ce660-79ed-4072-bd3d-e8db7a409946,https://www.last.fm/music/Pop+Evil,0,"post-grunge, alternative rock, hard rock"
Simon Curtis,3838824,318991,c7bc787f-5bc7-4b75-8644-c19f8a4d026a,https://www.last.fm/music/Simon+Curtis,0,"pop, electronic, male vocalists"
AnnenMayKantereit,9018523,318973,65daba7b-f387-46cc-a0c8-d0191b099586,https://www.last.fm/music/AnnenMayKantereit,0,"seen live, german, indie"
Eric Bellinger,3717973,318836,07a8922d-680a-4637-a55e-88d7d1969a95,https://www.last.fm/music/Eric+Bellinger,0,"rnb, soul, male vocalists"
Fairport Convention,5065718,318826,cc60d937-e80b-4c66-8aa2-e89cb57c8b08,https://www.last.fm/music/Fairport+Convention,0,"folk, folk rock, british folk"
The Wannadies,2638278,318812,9b70bb85-fdb1-442c-8667-0cb081a2aa44,https://www.last.fm/music/The+Wannadies,0,"swedish, indie, pop"
MOMOLAND,8272172,318771,,https://www.last.fm/music/MOMOLAND,0,"k-pop, pop, Korean"
Big Data,3254121,318728,f3ae28b3-4d08-4b99-bd25-71d600a13916,https://www.last.fm/music/Big+Data,0,"electronic, synthpop, american"
The Housemartins,3618670,318661,e7516564-6f1e-4adc-a245-e481d56c2d9b,https://www.last.fm/music/The+Housemartins,0,"80s, pop, british"
Meg & Dia,6540583,318558,dac77ea9-7975-497a-ad22-7833bee92eaa,https://www.last.fm/music/Meg+&+Dia,0,"female vocalists, indie, seen live"
Motorama,11183479,318548,c7bee23e-f9bb-4dee-b1e3-5d49f81cde11,https://www.last.fm/music/Motorama,0,"post-punk, new wave, indie"
Inhaler,11928607,318303,f93198b1-6f68-4c9a-aa09-cfeab88fb8cd,https://www.last.fm/music/Inhaler,0,"indie rock, seen live, indie"
Mint Condition,2419352,318283,a81f7041-7cd7-4080-ba88-9ce5fe50dc19,https://www.last.fm/music/Mint+Condition,0,"rnb, soul, Neo-Soul"
Ricardo Arjona,6356983,317850,40627299-0979-45ba-8924-2af5fdc36ea8,https://www.last.fm/music/Ricardo+Arjona,0,"latin, spanish, pop"
Elvin Bishop,1867930,317842,b1768592-294e-4e15-a892-eb8837dec3e4,https://www.last.fm/music/Elvin+Bishop,0,"blues, blues rock, classic rock"
Arcangelo Corelli,3304171,317741,a3546087-fe59-47d3-a3a8-42d58e2573c7,https://www.last.fm/music/Arcangelo+Corelli,0,"baroque, Classical, italian"
Yolanda Be Cool,1551495,317668,bd90e308-9904-48fb-9318-918d3f595d73,https://www.last.fm/music/Yolanda+Be+Cool,0,"House, electronic, dance"
Tyla Yaweh,4783792,316937,,https://www.last.fm/music/Tyla+Yaweh,0,"Hip-Hop, rap, rnb"
Low Roar,9906533,316858,2921ca1d-206e-411a-8d2e-e12494dcfa9a,https://www.last.fm/music/Low+Roar,0,"ambient, indie, folk"
Two Steps from Hell,29842867,316401,da02dddc-60fa-4ca4-88bb-8012598f1f86,https://www.last.fm/music/Two+Steps+from+Hell,0,"Soundtrack, instrumental, epic"
Gareth Emery,6355716,316091,73549455-66cb-4570-b0bf-caf3d8d631fe,https://www.last.fm/music/Gareth+Emery,0,"trance, progressive trance, melodic trance"
Peter Schilling,2496960,316084,bc6be178-3933-44ad-88a7-fde1a160bc29,https://www.last.fm/music/Peter+Schilling,0,"new wave, 80s, german"
Nile,18763802,316014,fb0bdbb0-ed79-4969-9f17-eb55b707e2d1,https://www.last.fm/music/Nile,0,"death metal, Technical Death Metal, Brutal Death Metal"
Rocco,4157290,315822,f7119846-1a80-439e-9272-d8b150e399d1,https://www.last.fm/music/Rocco,0,"trance, dance, techno"
Eliza Rose,2695133,315813,,https://www.last.fm/music/Eliza+Rose,0,"House, soul, dance"
GoodBooks,2446357,315724,edc26f67-c3a8-40f8-832b-15560bca413f,https://www.last.fm/music/GoodBooks,0,"indie, indie rock, british"
Panjabi MC,2088509,315554,fbab6da8-e1e4-4927-b669-502a6e37a8d6,https://www.last.fm/music/Panjabi+MC,0,"Bhangra, Indian, Hip-Hop"
Wild Child,3009411,315464,,https://www.last.fm/music/Wild+Child,0,"folk, indie, seen live"
Bert Jansch,4266512,315205,d7f95537-2b48-403d-9ac2-f1fc7aad0960,https://www.last.fm/music/Bert+Jansch,0,"folk, singer-songwriter, acoustic"
mothica,5781125,314894,,https://www.last.fm/music/mothica,0,"pop, indie, indie pop"
Jonathan Richman,4782947,314780,bae34b81-9abd-416e-a720-fedc359df775,https://www.last.fm/music/Jonathan+Richman,0,"singer-songwriter, indie, seen live"
The Aces,7194442,314652,cc8ee646-5015-4013-b53b-8334d14b60b9,https://www.last.fm/music/The+Aces,0,"pop, blues, mod"
Ida Corr,2081246,314403,83185ddf-b036-4255-bc1f-114f4746202a,https://www.last.fm/music/Ida+Corr,0,"House, dance, electronic"
Polo & Pan,6186144,314399,,https://www.last.fm/music/Polo+&+Pan,0,"electronic, french, indie pop"
Danny Ocean,5603989,314165,2a99c5ee-cd5c-44e3-afce-e667fa87ad24,https://www.last.fm/music/Danny+Ocean,0,"Reggaeton, electronic, latin"
Karen Dalton,3683376,314001,09e1f320-5f26-415a-ad19-003f6e9969e8,https://www.last.fm/music/Karen+Dalton,0,"folk, blues, singer-songwriter"
"Evelyn ""Champagne"" King",1930314,313935,f104e236-9655-4022-b794-d1567357e3b0,https://www.last.fm/music/Evelyn+%22Champagne%22+King,0,"Disco, soul, funk"
Marc E. Bassy,4178379,313916,,https://www.last.fm/music/Marc+E.+Bassy,0,"pop, rnb, Hip-Hop"
Tom Doolie,2052099,313885,,https://www.last.fm/music/Tom+Doolie,0,"chillhop, chill, Lo-Fi"
Trampled by Turtles,5323110,313879,c6a5a49b-9885-42e6-9fb5-ccaaec05f753,https://www.last.fm/music/Trampled+by+Turtles,0,"bluegrass, folk, seen live"
Emotional Oranges,5679246,313840,,https://www.last.fm/music/Emotional+Oranges,0,"soul, rnb, pop"
Harry James,2008367,313641,e6b3fe16-d0c5-4825-b33e-a83d8fb5de94,https://www.last.fm/music/Harry+James,0,"jazz, swing, Big Band"
Baden Powell,3915279,313635,ba617653-44e4-404f-91cd-f74adce5687d,https://www.last.fm/music/Baden+Powell,0,"Bossa Nova, brazilian, jazz"
Akira Kosemura,4544003,313617,a5f649af-a07e-4e9b-884e-0d4f05573eb5,https://www.last.fm/music/Akira+Kosemura,0,"ambient, japanese, electronic"
Shallou,3641394,313479,,https://www.last.fm/music/Shallou,0,"electronic, dance, indie"
Raimundos,14658812,313376,1c80f885-e832-4b84-864b-5deeda6a1248,https://www.last.fm/music/Raimundos,0,"hardcore, rock, punk rock"
Dreamers,4749014,313037,3a5a7a93-fdfd-437c-9861-d72ad730ed6c,https://www.last.fm/music/Dreamers,0,"indie, punk, seen live"
Fox Academy,4911789,312919,,https://www.last.fm/music/Fox+Academy,0,"Lo-Fi, indie, bedroom pop"
Jawbreaker,11870901,312859,ec88cdc3-0517-4951-b5ef-7323e7316db0,https://www.last.fm/music/Jawbreaker,0,"punk, emo, punk rock"
Meg Myers,5991150,312517,a4abe6ab-fcaa-4433-96b5-4cc1f3528d4b,https://www.last.fm/music/Meg+Myers,0,"indie rock, indie pop, female vocalists"
Sibylle Baier,5278145,312332,c7abb29e-6e5c-4e07-a45d-ff5028a81099,https://www.last.fm/music/Sibylle+Baier,0,"folk, singer-songwriter, female vocalists"
Nilüfer Yanya,6449567,312274,,https://www.last.fm/music/Nil%C3%BCfer+Yanya,0,"singer-songwriter, seen live, indie rock"
Rival Sons,7333361,312094,2aff9c10-2145-4851-a656-898aeb434ad5,https://www.last.fm/music/Rival+Sons,0,"blues rock, hard rock, seen live"
Greyson Chance,4693785,312083,5dd013b1-31fb-4ef1-b0b5-e697b4b546ba,https://www.last.fm/music/Greyson+Chance,0,"pop, piano, teen pop"
Sundara Karma,4484606,312048,,https://www.last.fm/music/Sundara+Karma,0,"indie rock, indie, seen live"
Samia,8532759,311890,,https://www.last.fm/music/Samia,0,"indie pop, singer-songwriter, Lo-Fi"
Cartoon,4028470,311683,8059f07c-ee93-4e9c-b4cc-0a10f43b55eb,https://www.last.fm/music/Cartoon,0,"Progressive rock, Avant-Prog, Avant-Garde"
Porches,5173256,311677,40a6d66b-8a96-45c8-838c-dd0c346c45ce,https://www.last.fm/music/Porches,0,"synthpop, seen live, indie"
Tigers Jaw,17412972,311602,3cdf1327-39eb-4ffe-9ce3-20599ac6a468,https://www.last.fm/music/Tigers+Jaw,0,"emo, indie rock, pop punk"
Rezz,6219208,311448,,https://www.last.fm/music/Rezz,0,"electronic, EDM, Canadian"
Moondog,5394418,311425,703879a0-d7ff-4b40-a3d2-8e58ad191c0a,https://www.last.fm/music/Moondog,0,"Avant-Garde, experimental, jazz"
Maxence Cyrin,3420714,311334,7947dab4-4274-46f4-bc11-135561c110b7,https://www.last.fm/music/Maxence+Cyrin,0,"piano, instrumental, ambient"
[bsd.u],3224220,311271,,https://www.last.fm/music/%5Bbsd.u%5D,0,"instrumental hip-hop, beats, Canadian"
Dick Dale & His Del-Tones,2176832,310606,,https://www.last.fm/music/Dick+Dale+&+His+Del-Tones,0,"surf rock, Surf, rock"
The Sword,9251350,310557,40dc452a-6b63-4b7e-a106-062739155866,https://www.last.fm/music/The+Sword,0,"doom metal, stoner metal, Stoner Rock"
PUP,17129737,310437,7c6a545e-7395-4bc5-81b3-199ca46ead04,https://www.last.fm/music/PUP,0,"punk rock, seen live, punk"
Claptone,3120725,310333,8c7692ea-6f9e-4f24-9b4f-b170df98afd7,https://www.last.fm/music/Claptone,0,"House, deep house, electronic"
Tchami,3776813,310276,374a63ed-2502-495a-8e31-139e3ed7507e,https://www.last.fm/music/Tchami,0,"House, electronic, deep house"
Fousheé,2867500,310261,,https://www.last.fm/music/Foushe%C3%A9,0,"soul, pop, pop punk"
The Flamingos,1991899,310170,467c7eeb-3741-48b4-9bfb-7d6d0b2b0f83,https://www.last.fm/music/The+Flamingos,0,"doo wop, soul, 50s"
Cherub,3116533,309455,abf42fca-8c2e-4d55-9fc8-6b1fc65a80f1,https://www.last.fm/music/Cherub,0,"electronic, indie, seen live"
Engenheiros Do Hawaii,20650181,309433,92de023e-6f08-4133-8063-c0740c855e3d,https://www.last.fm/music/Engenheiros+Do+Hawaii,0,"rock, brazilian rock, brazilian"
Epik High,19834908,309429,57f1cdd6-cf32-4004-a095-3ef043c91b61,https://www.last.fm/music/Epik+High,0,"Korean, Hip-Hop, k-pop"
Tom Grennan,4677862,309033,,https://www.last.fm/music/Tom+Grennan,0,"seen live, indie, indie pop"
The Ghost Inside,14636443,308767,6fbd58c3-e9b3-4419-a197-0a0f22baed94,https://www.last.fm/music/The+Ghost+Inside,0,"metalcore, hardcore, melodic hardcore"
The Rose,13979594,308375,99a6cd91-49f6-4c7c-97e7-c2bafcab34df,https://www.last.fm/music/The+Rose,0,"trance, rock, House"
Beartooth,14990995,308133,98a1e0ab-35fa-40dd-b62c-9fda46fdb061,https://www.last.fm/music/Beartooth,0,"post-hardcore, metalcore, hardcore"
TOKYO’S REVENGE,5622013,307894,,https://www.last.fm/music/TOKYO%E2%80%99S+REVENGE,0,"Hip-Hop, rap, pedo"
Sara Kays,4496312,307886,,https://www.last.fm/music/Sara+Kays,0,"indie pop, indie, pop"
The Mills Brothers,2223655,307697,fb1080d4-aaf7-430e-b588-6a6ce79e2eb3,https://www.last.fm/music/The+Mills+Brothers,0,"jazz, vocal jazz, 40s"
Spacehog,2325336,307694,e9022873-c482-46a0-bb78-33c15fc65b3b,https://www.last.fm/music/Spacehog,0,"alternative, rock, alternative rock"
Parra for Cuva,3314700,307582,0d10d859-50a4-4cb1-9412-31fb02795f9c,https://www.last.fm/music/Parra+for+Cuva,0,"downtempo, electronic, deep house"
Dustin Tebbutt,2468940,307400,96f724f0-33bc-494d-98db-3036aaf8f606,https://www.last.fm/music/Dustin+Tebbutt,0,"singer-songwriter, indie, australian"
Oliver Nelson,1733159,307347,4704f86b-33b0-458a-9460-8f9b52869d74,https://www.last.fm/music/Oliver+Nelson,0,"jazz, saxophone, bebop"
Daughters,11124942,307192,c9368a03-bf26-40b6-bdfa-9af8d10b568b,https://www.last.fm/music/Daughters,0,"mathcore, grindcore, noisecore"
El Michels Affair,4480160,307139,dbf0a5c5-3665-4495-b13b-99438a6a0900,https://www.last.fm/music/El+Michels+Affair,0,"funk, soul, jazz"
Lane 8,6835230,306972,bd052b81-353a-4bce-8cd8-72ba9d4ce414,https://www.last.fm/music/Lane+8,0,"House, electronic, chillwave"
Tevin Campbell,2179390,306952,f368568b-1f9f-4d29-99e7-89a2125d0cfe,https://www.last.fm/music/Tevin+Campbell,0,"rnb, 90s, soul"
Harriette,1830612,306909,,https://www.last.fm/music/Harriette,0,"pop, indie pop, indie rock"
Bootsy Collins,2296333,306552,b0ca0d85-24a8-4a00-860d-357ff688b69c,https://www.last.fm/music/Bootsy+Collins,0,"funk, p-funk, soul"
Santo & Johnny,2871503,306464,d7aa31ba-5739-427f-a9b5-8f0ce1c1e729,https://www.last.fm/music/Santo+&+Johnny,0,"oldies, instrumental, 50s"
Teedra Moses,2776948,306433,ddb56ce5-c44d-4658-91a5-fa896be79ce9,https://www.last.fm/music/Teedra+Moses,0,"rnb, soul, female vocalists"
Kid Abelha,7172413,306425,e3e90633-b6f1-4376-b15b-2492c94b4cf7,https://www.last.fm/music/Kid+Abelha,0,"mpb, brazilian, pop"
Frenship,2925461,306423,,https://www.last.fm/music/Frenship,0,"electronic, seen live, electropop"
Alice Coltrane,3991945,306389,d24fc285-7b2f-47da-8ac5-4070b08570b1,https://www.last.fm/music/Alice+Coltrane,0,"jazz, free jazz, Avant-Garde"
U.S. Girls,5985655,306329,036912f5-c717-498d-8958-6058de17bb70,https://www.last.fm/music/U.S.+Girls,0,"psychedelic, experimental, noise"
iamjakehill,14210536,306283,,https://www.last.fm/music/iamjakehill,0,"Hip-Hop, rap, underground rap"
leavv,2885731,306267,,https://www.last.fm/music/leavv,0,"beats, chillhop, electronic"
Kyle Dixon & Michael Stein,7470575,306221,,https://www.last.fm/music/Kyle+Dixon+&+Michael+Stein,0,"Soundtrack, synthwave, electronic"
Joy,5347105,306075,ea6a260d-3fca-4a4d-9608-125fc4f03b81,https://www.last.fm/music/Joy,0,"Disco, 80s, dance"
Municipal Waste,13210784,306049,b5a31e9b-1fa2-45f9-91f5-b3a25fb38038,https://www.last.fm/music/Municipal+Waste,0,"thrash metal, crossover, hardcore"
Liam Gallagher,8584241,306001,,https://www.last.fm/music/Liam+Gallagher,0,"britpop, rock, british"
Syko,4759767,305851,a810fbff-1628-4156-b24e-601a1ac40cd6,https://www.last.fm/music/Syko,0,"scenecore, hyperpop, bop"
Slaves,8429668,305802,f7a98893-ae1a-4ad0-94ce-c4355d0b8e6d,https://www.last.fm/music/Slaves,0,"post-hardcore, seen live, punk"
Naeleck,1548615,305764,,https://www.last.fm/music/Naeleck,0,"electro, french, electronic"
Balthazar,9213793,305713,91511517-ef93-4d71-a0f0-c858272af4a7,https://www.last.fm/music/Balthazar,0,"seen live, belgian, indie"
Luciano,10129618,305682,b298ab55-7633-4015-a05c-0d333a8540e3,https://www.last.fm/music/Luciano,0,"reggae, minimal, roots reggae"
Strawberry Switchblade,5084989,305390,36f406d9-9538-4856-9a7b-0b7be42bfab1,https://www.last.fm/music/Strawberry+Switchblade,0,"new wave, 80s, post-punk"
Cannons,5557986,305320,74b5dd4e-46df-47e5-8d08-f83e670a575c,https://www.last.fm/music/Cannons,0,"Oi, electronic, pop"
Chief.,2885279,305181,,https://www.last.fm/music/Chief.,0,"beats, instrumental, Lo-Fi"
The Beatnuts,2921671,305146,d833b812-02c3-45e7-997f-5058dca1801b,https://www.last.fm/music/The+Beatnuts,0,"Hip-Hop, rap, hip hop"
Aya Nakamura,6970393,305075,,https://www.last.fm/music/Aya+Nakamura,0,"rnb, pop, mali"
Beat Happening,6734094,304988,449e44cb-bcae-4c48-a1af-5d8df0f81456,https://www.last.fm/music/Beat+Happening,0,"Lo-Fi, indie, twee"
clipping.,14163592,304883,84ca8fa4-7cca-4948-a90a-cb44db29853d,https://www.last.fm/music/clipping.,0,"Hip-Hop, noise, experimental"
Whigfield,1693280,304880,b72bd66f-178f-4c86-b625-a077408140eb,https://www.last.fm/music/Whigfield,0,"dance, eurodance, pop"
The Amity Affliction,19079869,304871,0bfb9d2b-e732-4f28-b2fe-e1d3db9665f1,https://www.last.fm/music/The+Amity+Affliction,0,"post-hardcore, hardcore, australian"
Last Dinosaurs,8009959,304862,546b225b-162d-4b81-b649-032616736db7,https://www.last.fm/music/Last+Dinosaurs,0,"indie, indie rock, australian"
Oliver Koletzki,4000897,304751,f4cc6a8c-d762-436b-87b1-0579bbcfd2dd,https://www.last.fm/music/Oliver+Koletzki,0,"minimal, electronic, techno"
O Rappa,10181821,304545,00034ede-a1f1-4219-be39-02f36853373e,https://www.last.fm/music/O+Rappa,0,"rock, reggae, brazilian"
Melanie,2561206,304405,c8c3beb5-d213-40e6-9ef6-d4e1cad59e12,https://www.last.fm/music/Melanie,0,"folk, singer-songwriter, female vocalists"
Conway Twitty,2888747,304325,a3c60d26-90d6-4788-ba9b-a89693fc396d,https://www.last.fm/music/Conway+Twitty,0,"country, classic country, oldies"
Devin Townsend,19890842,304141,93e8c41e-8e4f-4d08-bbf5-bc1a903b2423,https://www.last.fm/music/Devin+Townsend,0,"Progressive metal, Progressive rock, metal"
Angèle,14464781,304115,f1a50113-12c6-4a5e-94ba-d73bd6ad47be,https://www.last.fm/music/Ang%C3%A8le,0,"Belgium, pop, indie pop"
Ringo Deathstarr,5977715,303894,921aeac9-1512-4566-b2f8-c8536e6ada9e,https://www.last.fm/music/Ringo+Deathstarr,0,"shoegaze, noise pop, indie"
Dalida,3990276,303853,731e2485-1665-4d13-a19f-d0b37d578015,https://www.last.fm/music/Dalida,0,"french, female vocalists, chanson francaise"
Durand Jones & The Indications,4229191,303715,,https://www.last.fm/music/Durand+Jones+&+The+Indications,0,"soul, Neo-Soul, seen live"
PLVTINUM,4196162,303266,,https://www.last.fm/music/PLVTINUM,0,"pop, electronic, rap"
Grits,2681436,303245,fa1f878d-0903-447b-a896-d0870a0ba1fe,https://www.last.fm/music/Grits,0,"Hip-Hop, rap, christian"
Naomi Scott,2539882,303055,65fc5739-3562-46a0-8b69-1d1f64941a8b,https://www.last.fm/music/Naomi+Scott,0,"pop, Disney, female vocalists"
Celtic Frost,9346921,303036,d91b3683-4622-4d72-8a03-80f1ff59e639,https://www.last.fm/music/Celtic+Frost,0,"black metal, thrash metal, doom metal"
Kaoma,1557135,302963,bc5e04ab-51fe-4364-ac78-54b657ea2848,https://www.last.fm/music/Kaoma,0,"latin, dance, 80s"
Chad Kroeger,1793337,302802,a59edb65-fae2-4344-b77a-5232516d4d7a,https://www.last.fm/music/Chad+Kroeger,0,"rock, alternative rock, Canadian"
Adolescents,5133998,302775,c43c7134-5d6f-4bfa-8275-b4012ae97c46,https://www.last.fm/music/Adolescents,0,"punk, hardcore punk, punk rock"
¿Téo?,3614941,302728,,https://www.last.fm/music/%C2%BFT%C3%A9o%3F,0,"rap, Hip-Hop, pop"
Blue Stahli,12102004,302487,100846a7-06f6-4129-97ce-4409b9a9a311,https://www.last.fm/music/Blue+Stahli,0,"industrial, electronic, alternative"
Emmit Fenn,2994564,302398,,https://www.last.fm/music/Emmit+Fenn,0,"electronic, chillout, ambient"
CLC,14614372,302312,,https://www.last.fm/music/CLC,0,"k-pop, Korean, girl group"
John Debney,2839349,302293,3df3a779-a7b1-4362-a8b4-9ae6c7eb623d,https://www.last.fm/music/John+Debney,0,"Soundtrack, instrumental, composer"
Cap'n Jazz,9714959,302041,04482c2e-88ab-4709-a412-85748b7ac825,https://www.last.fm/music/Cap%27n+Jazz,0,"emo, post-hardcore, indie"
Powerwolf,20843367,301740,3ef77bdc-b1ce-4e44-aa4b-acfa763c5284,https://www.last.fm/music/Powerwolf,0,"Power metal, heavy metal, german"
Philanthrope,4368464,301653,,https://www.last.fm/music/Philanthrope,0,"instrumental hip-hop, beats, chillhop"
Feint,7650692,301285,e6e29ff5-b0e4-4985-a63f-e99d12b21728,https://www.last.fm/music/Feint,0,"Drum and bass, liquid funk, dnb"
Agent Orange,4522482,301266,bc36e66c-b0e1-4285-8af6-0e2b87fed12a,https://www.last.fm/music/Agent+Orange,0,"punk, punk rock, surf punk"
Jesse & Joy,5949427,301195,64b85e52-08db-4995-a6e3-d2a6acc5a058,https://www.last.fm/music/Jesse+&+Joy,0,"pop, latin, mexican"
Guts,4669534,301094,a1f8f29c-4163-48d1-9469-35f74e61ee4e,https://www.last.fm/music/Guts,0,"downtempo, chillout, trip-hop"
Deicide,13477066,300907,0bd96fa4-9835-49b0-a1f2-7421e6a79dfa,https://www.last.fm/music/Deicide,0,"death metal, Brutal Death Metal, metal"
Jean-Philippe Rameau,2462933,300882,b29a3b55-785c-4072-9daf-0153cac864b6,https://www.last.fm/music/Jean-Philippe+Rameau,0,"baroque, Classical, french"
Slander,5163920,300708,7ca0ae4e-9421-4407-9f10-7e3793341279,https://www.last.fm/music/Slander,0,"heavy metal, NWOBHM, thrash metal"
Raury,2858149,300565,e6398ac3-f9b6-49c8-bd40-794888c7757a,https://www.last.fm/music/Raury,0,"Hip-Hop, soul, folk"
CJ,2709934,300539,61216148-60b7-4c9f-9710-1a001349643c,https://www.last.fm/music/CJ,0,"rap, Hip-Hop, new york"
Mac Ayres,7137454,300487,,https://www.last.fm/music/Mac+Ayres,0,"rnb, soul, Neo-Soul"
Queen Latifah,2126379,300369,7a305f29-539a-456e-93b7-61b0e2ba3ef2,https://www.last.fm/music/Queen+Latifah,0,"Hip-Hop, jazz, soul"
siouxxie sixxsta,3978495,300287,,https://www.last.fm/music/siouxxie+sixxsta,0,"hyperpop, trap, electronic"
Jai Wolf,3769856,300077,,https://www.last.fm/music/Jai+Wolf,0,"electronic, chillstep, trap"
Failure,7523491,299789,f0ed9f50-70b9-4406-9374-7d76ae21a04a,https://www.last.fm/music/Failure,0,"space rock, alternative rock, Grunge"
Cymande,2876244,299728,21c5fb53-6fbc-4080-989a-b26d4540f4fd,https://www.last.fm/music/Cymande,0,"funk, soul, afrobeat"
zack fox,6164511,299449,,https://www.last.fm/music/zack+fox,0,"trap, Hip-Hop, rap"
"nothing,nowhere.",13590145,299319,,"https://www.last.fm/music/nothing,nowhere.",0,"emo, cloud rap, emo rap"
Tyler Childers,14950184,299168,,https://www.last.fm/music/Tyler+Childers,0,"country, americana, folk"
Blxst,6170585,299156,,https://www.last.fm/music/Blxst,0,"rnb, rap, Hip-Hop"
Zeca Baleiro,6091450,298889,a774549d-0bc6-470f-a055-c4b12dfd0085,https://www.last.fm/music/Zeca+Baleiro,0,"mpb, brasil, brazilian"
Orville Peck,10008737,298661,,https://www.last.fm/music/Orville+Peck,0,"country, Alt-country, seen live"
SOB x RBE,4115945,298618,,https://www.last.fm/music/SOB+x+RBE,0,"hip hop, rap, american"
Oberhofer,2993979,298508,1c216af5-1ea9-4b7e-9046-a9ed1eb43476,https://www.last.fm/music/Oberhofer,0,"seen live, indie, electronic"
The Avener,3170713,298437,529c40b4-c57f-49e2-ad5a-201eb2fb4a5b,https://www.last.fm/music/The+Avener,0,"electronic, House, deep house"
Kate Bollinger,2750694,298243,,https://www.last.fm/music/Kate+Bollinger,0,"indie, indie pop, female vocalists"
Phony Ppl,3429661,298192,0daad2e7-9b0e-4aea-abc5-d1b21c3c12bd,https://www.last.fm/music/Phony+Ppl,0,"Hip-Hop, funk, jazz"
Joy Crookes,4494898,297800,,https://www.last.fm/music/Joy+Crookes,0,"soul, female vocalists, rnb"
Blue Wednesday,2710578,297617,,https://www.last.fm/music/Blue+Wednesday,0,"electronic, chill, Lo-Fi"
Sin Bandera,4081433,297610,34e1542c-ad28-42c1-9438-724b324f66a4,https://www.last.fm/music/Sin+Bandera,0,"Romantica, latin, latin pop"
Hnny,2785281,297433,1292fb51-2c42-4c3e-b726-7e8cf0d51715,https://www.last.fm/music/Hnny,0,"deep house, House, swedish"
Tiziano Ferro,6823700,297419,d12b05b0-a0af-4c2c-8c8c-ab8bcf49439e,https://www.last.fm/music/Tiziano+Ferro,0,"italian, pop, male vocalists"
Maxo Kream,7150818,297326,ffa12b9b-3842-443c-8da2-3e06dace2970,https://www.last.fm/music/Maxo+Kream,0,"trap, Hip-Hop, Houston"
Frances Forever,2399826,297309,,https://www.last.fm/music/Frances+Forever,0,"indie pop, indie, pop"
Starley,2120181,296969,,https://www.last.fm/music/Starley,0,"dance, australian, House"
Roberto Carlos,6298542,296896,e43f8c07-2d2e-47fd-8279-dc0e9880882c,https://www.last.fm/music/Roberto+Carlos,0,"Jovem Guarda, mpb, brazilian"
Crisaunt,3197001,296884,,https://www.last.fm/music/Crisaunt,0,"indie, hip hop, alternative"
carolesdaughter,3483458,296770,,https://www.last.fm/music/carolesdaughter,0,"alternative, indie, pop"
Jeanette,3439026,296742,c3e87563-c60f-4cc7-b4f5-7ea0eb90993f,https://www.last.fm/music/Jeanette,0,"pop, spanish, female vocalists"
Sylvain Chauveau,3888739,296741,e0443586-8830-4b7a-91c1-d6876c16d669,https://www.last.fm/music/Sylvain+Chauveau,0,"ambient, contemporary classical, piano"
Wipers,6670843,296693,65aac2dc-216c-4b1a-8501-45567c901c0e,https://www.last.fm/music/Wipers,0,"punk, post-punk, punk rock"
Dej Loaf,2740050,296627,7df31657-85eb-45cd-a651-f1cf94bc44b6,https://www.last.fm/music/Dej+Loaf,0,"Hip-Hop, rap, hip hop"
High School Musical Cast,4506122,296588,66ea0139-149f-4a0c-8fbf-5ea9ec4a6e49,https://www.last.fm/music/High+School+Musical+Cast,0,"pop, Soundtrack, Disney"
JME,5992849,296508,57879ca6-44aa-4b75-9a97-b801f57a1331,https://www.last.fm/music/JME,0,"Grime, dubstep, Hip-Hop"
Allman Brothers Band,3410248,296402,72359492-22be-4ed9-aaa0-efa434fb2b01,https://www.last.fm/music/Allman+Brothers+Band,0,"Southern Rock, classic rock, blues rock"
The Budos Band,4590645,296097,b6fa9b9b-41cf-45a6-adc0-0a4c9a8c0d3c,https://www.last.fm/music/The+Budos+Band,0,"funk, afrobeat, jazz"
George Fitzgerald,3193068,296091,ffa167fb-530d-4a46-8874-8511e39a9f57,https://www.last.fm/music/George+Fitzgerald,0,"dubstep, future garage, techno"
Billy Preston,1852699,296028,8a7cf497-dc5c-4523-932d-3fcbc9a69d38,https://www.last.fm/music/Billy+Preston,0,"soul, funk, 70s"
F.R. David,2011209,295483,2f9a4b9e-e36d-42a5-be45-0ba00a2c2409,https://www.last.fm/music/F.R.+David,0,"80s, pop, Disco"
Caroline Rose,4578873,295394,17862c0f-a9b1-46dd-b85d-7af965974afd,https://www.last.fm/music/Caroline+Rose,0,"seen live, indie, folk"
LIL GNAR,4029704,295236,,https://www.last.fm/music/LIL+GNAR,0,"Oakland, rap, trap"
G-Dragon,14413127,295227,b4f66d7f-3282-404e-a682-97374d63b5ab,https://www.last.fm/music/G-Dragon,0,"k-pop, Korean, Hip-Hop"
Isaac Dunbar,6641777,295221,,https://www.last.fm/music/Isaac+Dunbar,0,"indie pop, pop, alternative"
DaniLeigh,3120163,295181,,https://www.last.fm/music/DaniLeigh,0,"rnb, Hip-Hop, pop"
Lô Borges,5306248,295180,5bddb0fa-66f7-47c8-bf00-afecab627d59,https://www.last.fm/music/L%C3%B4+Borges,0,"mpb, brasil, brazilian"
Weathers,4840223,295089,,https://www.last.fm/music/Weathers,0,"Sludge, stoner, seen live"
Jo Stafford,3496394,294945,1761dd90-8afd-4e77-8fd8-3f6028f02cf8,https://www.last.fm/music/Jo+Stafford,0,"jazz, female vocalists, oldies"
The Buttertones,4355671,294788,,https://www.last.fm/music/The+Buttertones,0,"surf rock, rock, indie rock"
Unwound,14150741,294676,9434776a-bdd7-4f58-b719-b5d95b9d2a11,https://www.last.fm/music/Unwound,0,"post-hardcore, noise rock, math rock"
I See Stars,12893697,294659,e571db0f-fcbc-4ede-b5da-57b093b263e6,https://www.last.fm/music/I+See+Stars,0,"post-hardcore, electronic, electronicore"
Adventure Club,3820722,294653,b9696d80-70c9-4c3d-be9d-8a525b125d23,https://www.last.fm/music/Adventure+Club,0,"dubstep, electronic, dance"
Jordan Rakei,4494749,294574,,https://www.last.fm/music/Jordan+Rakei,0,"soul, rnb, Neo-Soul"
Black Pumas,4851582,294509,,https://www.last.fm/music/Black+Pumas,0,"soul, rnb, seen live"
Kamasi Washington,5210824,294166,,https://www.last.fm/music/Kamasi+Washington,0,"jazz, Fusion, free jazz"
Speechless,1943651,294140,,https://www.last.fm/music/Speechless,0,"Lo-Fi, metal, electronic"
Obituary,12045452,294120,2e8ac3ed-2a89-4377-ba80-790106aba554,https://www.last.fm/music/Obituary,0,"death metal, old school death metal, seen live"
Le Youth,2676473,294016,60584cf9-69a4-48e8-929a-935e7f8d74b3,https://www.last.fm/music/Le+Youth,0,"electronic, House, nu-disco"
Aimer,16018450,293882,9388cee2-7d57-4598-905f-106019b267d3,https://www.last.fm/music/Aimer,0,"j-pop, japanese, female vocalists"
Hyper,2906385,293700,9e8718fa-514c-4814-a504-dac6875552d9,https://www.last.fm/music/Hyper,0,"breakbeat, electronic, breaks"
Dorian Electra,14294067,293608,,https://www.last.fm/music/Dorian+Electra,0,"hyperpop, pop, bubblegum bass"
WWE,8171268,293588,,https://www.last.fm/music/WWE,0,"wrestling, wwe, rock"
Amaranthe,20458108,293376,eb380962-99bb-46c0-af40-1c7790a7822a,https://www.last.fm/music/Amaranthe,0,"Melodic Death Metal, Power metal, modern metal"
Sarah Cothran,3248254,293344,,https://www.last.fm/music/Sarah+Cothran,0,"pop, USA, american"
Tiago Iorc,8932369,293283,eb105211-4d96-4128-9029-7e0a007965cd,https://www.last.fm/music/Tiago+Iorc,0,"acoustic, alternative, singer-songwriter"
ElyOtto,3508703,293165,,https://www.last.fm/music/ElyOtto,0,"hyperpop, electronic, pop"
FloFilz,2537831,293076,8f38496b-1b22-4633-a61a-cfdfdd1c9892,https://www.last.fm/music/FloFilz,0,"jazz, instrumental hip-hop, beats"
RealestK,4406889,293065,,https://www.last.fm/music/RealestK,0,"canada, Canadian"
Elza Soares,4923253,292954,a619471e-ee2f-430f-b57b-262f94457559,https://www.last.fm/music/Elza+Soares,0,"samba, brazilian, Bossa Nova"
Audien,3459086,292906,350eaa17-ff34-49f1-b29b-07eb399c5c29,https://www.last.fm/music/Audien,0,"trance, progressive trance, uplifting trance"
Niccolò Paganini,2635728,292903,d581b2f2-f945-4566-a249-2d0171466993,https://www.last.fm/music/Niccol%C3%B2+Paganini,0,"Classical, violin, italian"
K Camp,2806690,292801,6256d2b2-7515-4986-b27c-af533758a156,https://www.last.fm/music/K+Camp,0,"Hip-Hop, rap, atlanta"
Azymuth,2426214,292774,5f86a079-be87-4eb3-8709-afe2498afa37,https://www.last.fm/music/Azymuth,0,"jazz, acid jazz, brazilian"
Baltimora,1578677,292760,15b4aace-6126-402a-96f8-131a943ce20e,https://www.last.fm/music/Baltimora,0,"80s, new wave, Disco"
Bill Conti,2905677,292716,631e2d6a-16ac-4c49-89ac-987dc81e60e9,https://www.last.fm/music/Bill+Conti,0,"Soundtrack, composer, instrumental"
The Band CAMINO,10655169,292623,,https://www.last.fm/music/The+Band+CAMINO,0,"alternative, indie rock, indie"
hoogway,4639125,292558,,https://www.last.fm/music/hoogway,0,"electronic, Lo-Fi, chill"
Anonymous,3111616,292502,f731ccc4-e22a-43af-a747-64213329e088,https://www.last.fm/music/Anonymous,0,"early music, Classical, medieval"
Conway the Machine,9716731,292475,,https://www.last.fm/music/Conway+the+Machine,0,"rap, hip hop, Hip-Hop"
Vera Lynn,3822335,292440,7d32fa5a-7ccb-483b-87ea-5370b4be4d64,https://www.last.fm/music/Vera+Lynn,0,"oldies, jazz, 40s"
Damu The Fudgemunk,3549105,292260,c0170663-daf4-4445-8ee8-64e0415d38a8,https://www.last.fm/music/Damu+The+Fudgemunk,0,"instrumental hip-hop, Hip-Hop, underground hip-hop"
Stellar,5269853,292128,fbb6a63a-2033-491e-9edc-26d4e0b74103,https://www.last.fm/music/Stellar,0,"k-pop, pop, Korean"
Ryan Beatty,7143870,291990,81277a03-d1e0-49cd-971b-8582a5653d4e,https://www.last.fm/music/Ryan+Beatty,0,"pop, indie pop, LITTLE STAR"
Hilltop Hoods,10881710,291962,16e1fb95-6d1c-45a3-aad8-d3bcd7e06aac,https://www.last.fm/music/Hilltop+Hoods,0,"Hip-Hop, australian, Aussie Hip-Hop"
X-Ray Spex,3666337,291900,f4c967a4-7591-4bba-8237-82e171a2fa7f,https://www.last.fm/music/X-Ray+Spex,0,"punk, punk rock, female vocalists"
Susanne Sundfør,9382285,291831,f3f9e76a-0685-4a9a-97d1-6fa2b50f9fba,https://www.last.fm/music/Susanne+Sundf%C3%B8r,0,"norwegian, singer-songwriter, seen live"
Christian Löffler,5643499,291788,a0d91c38-f5dc-487b-9b30-b67de1e7489e,https://www.last.fm/music/Christian+L%C3%B6ffler,0,"minimal techno, techno, minimal"
A L E X,4726947,291769,,https://www.last.fm/music/A+L+E+X,0,"Lo-Fi, Hip-Hop, chill"
Rival Consoles,6375023,291525,803f2853-7e3e-4dff-96a7-9f77b5f56de5,https://www.last.fm/music/Rival+Consoles,0,"idm, electronic, ambient"
Lil Ugly Mane,20787452,291393,5f1adfe1-4d07-4141-b181-79e5d379d539,https://www.last.fm/music/Lil+Ugly+Mane,0,"Hip-Hop, memphis rap, Lo-Fi"
Eddie Murphy,1509690,291384,98744f0b-20fc-4bb2-9ac4-e2041058911f,https://www.last.fm/music/Eddie+Murphy,0,"comedy, 80s, pop"
Octavian,4494389,291206,8fa5abaa-db1f-4192-a5b8-340068398842,https://www.last.fm/music/Octavian,0,"Grime, Hip-Hop, hip hop"
Noize MC,26963368,291110,a0c5737e-da6d-468f-a78e-19146494f1db,https://www.last.fm/music/Noize+MC,0,"Hip-Hop, rapcore, rap"
paulie leparik,2283266,291068,,https://www.last.fm/music/paulie+leparik,0,"electronic, indie"
Ryn Weaver,3546509,290955,46a811a4-a58b-4514-8db6-b6ecf63431fd,https://www.last.fm/music/Ryn+Weaver,0,"pop, indie pop, electropop"
Electrelane,6672603,290800,7756e3dc-f44c-4678-a7bc-d1b31204a963,https://www.last.fm/music/Electrelane,0,"indie, seen live, indie rock"
Nathaniel Rateliff & the Night Sweats,4110323,290402,,https://www.last.fm/music/Nathaniel+Rateliff+&+the+Night+Sweats,0,"seen live, soul, blues rock"
Silk,1686047,290366,c41716b4-0c28-42f0-bc8d-9209473d057a,https://www.last.fm/music/Silk,0,"rnb, soul, silk"
TK from Ling tosite sigure,4942607,290354,,https://www.last.fm/music/TK+from+Ling+tosite+sigure,0,"japanese, J-rock, alternative"
CURTIS WATERS,2431160,290222,,https://www.last.fm/music/CURTIS+WATERS,0,"Hip-Hop, pop, rap"
S3RL,8477835,290131,81345215-6ac2-4ed6-9a21-a560bd97db3f,https://www.last.fm/music/S3RL,0,"happy hardcore, uk Hardcore, electronic"
"Bobby ""Blue"" Bland",2044642,290050,66ebc271-6a26-4fe7-848b-f217da119d92,https://www.last.fm/music/Bobby+%22Blue%22+Bland,0,"blues, soul, rhythm and blues"
Mina,4348315,289962,f0a5e020-0c8e-484a-b183-4f90c3826cae,https://www.last.fm/music/Mina,0,"italian, female vocalists, pop"
Grace VanderWaal,3610569,289821,,https://www.last.fm/music/Grace+VanderWaal,0,"pop, singer-songwriter, indie"
Luan Santana,14598494,289709,70598780-d9bf-47f3-9c7e-292f8608c103,https://www.last.fm/music/Luan+Santana,0,"sertanejo, brazilian, Sertanejo Universitario"
Кино,18712768,289703,064db6e8-fdfb-4acb-a327-fc2de75b37de,https://www.last.fm/music/%D0%9A%D0%B8%D0%BD%D0%BE,0,"russian rock, rock, post-punk"
Justin Townes Earle,4774965,289602,6e0d1400-a880-4b2c-8305-e9b985a4549c,https://www.last.fm/music/Justin+Townes+Earle,0,"Alt-country, americana, indie"
Tonight Alive,10184863,289510,712dbd18-d8fd-4bd0-a5b5-edb9577c493f,https://www.last.fm/music/Tonight+Alive,0,"pop punk, female vocalists, pop rock"
Wrabel,3006503,289306,f2cf9f22-52b9-4376-a131-5baf9aeab92b,https://www.last.fm/music/Wrabel,0,"indie pop, electronic, queer"
Swae Lee,2620799,289286,,https://www.last.fm/music/Swae+Lee,0,"rap, rnb, Hip-Hop"
Lulu Santos,5177282,289214,dc06730e-7330-40a8-9c84-4fe3b10c9250,https://www.last.fm/music/Lulu+Santos,0,"pop, mpb, brasil"
David Bisbal,3686793,289122,95c8b6b7-1e24-4987-804c-024f6b05cd91,https://www.last.fm/music/David+Bisbal,0,"spanish, latin, pop"
Nothing,8634145,289115,f4cd6526-6c4b-495e-92e2-747200eae056,https://www.last.fm/music/Nothing,0,"shoegaze, dark ambient, seen live"
Syd Matters,5242439,288983,20e70b5b-42b8-44da-960b-3040a01223a3,https://www.last.fm/music/Syd+Matters,0,"singer-songwriter, indie, french"
Nina Sky,1306370,288948,d06d5f9c-b047-4035-80b4-d4fbd79c93ed,https://www.last.fm/music/Nina+Sky,0,"rnb, pop, dance"
Lake Street Dive,5203264,288786,584758b2-306b-4aea-8694-3876943c9968,https://www.last.fm/music/Lake+Street+Dive,0,"soul, jazz, swing"
Seatbelts,6057860,288683,b5fb0f1a-2cd4-4759-9d80-648643f70c43,https://www.last.fm/music/Seatbelts,0,"jazz, blues, Soundtrack"
Vince Guaraldi,3855272,288645,744b52c8-509b-4451-abfd-a17d18d4bd1d,https://www.last.fm/music/Vince+Guaraldi,0,"jazz, piano, instrumental"
Living Room,2635253,288451,00569ebc-ee86-4bca-915f-79f75f8ff8d4,https://www.last.fm/music/Living+Room,0,"lounge, chillout, seen live"
Made in M,2123321,288303,,https://www.last.fm/music/Made+in+M,0,"beats, instrumental hip-hop, Hip-Hop"
Cherry Glazerr,5049547,288243,64a0c404-58af-4083-8fc6-a6725ef02ecb,https://www.last.fm/music/Cherry+Glazerr,0,"indie, indie rock, seen live"
2PM,15595673,288238,f4e29958-1206-4bcf-ad46-09719ee6956b,https://www.last.fm/music/2PM,0,"k-pop, Korean, dance"
The Irrepressibles,4186472,288129,9777d39d-c6a7-4226-bf95-4dfa21316d64,https://www.last.fm/music/The+Irrepressibles,0,"chamber pop, cabaret, british"
Jhove,4192402,287962,,https://www.last.fm/music/Jhove,0,"Lo-Fi, electronic, chill"
Johnny Hates Jazz,1983718,287873,1cf1db8f-06bc-4c02-a608-4fc7980bbfcc,https://www.last.fm/music/Johnny+Hates+Jazz,0,"80s, pop, new wave"
Bomba Estéreo,4676029,287774,aea8576d-7ad5-4430-bf2e-63725d80f05c,https://www.last.fm/music/Bomba+Est%C3%A9reo,0,"Colombia, cumbia, latin"
Bruno Coulais,5428574,287715,c5a0743b-de76-4311-9a11-c49c8733aed1,https://www.last.fm/music/Bruno+Coulais,0,"Soundtrack, french, instrumental"
3LAU,3641952,287581,6461d3e3-2886-4ad4-90c9-a43e3202ebaf,https://www.last.fm/music/3LAU,0,"electronic, House, mashup"
Sech,5522143,287568,,https://www.last.fm/music/Sech,0,"Reggaeton, rap, latin"
Franz Gordon,2027212,287524,,https://www.last.fm/music/Franz+Gordon,0,"piano, jazz, Sweden"
Scarlett Johansson,3803093,287430,0cc5ed91-eba3-4a5d-8a69-7638e0bf6495,https://www.last.fm/music/Scarlett+Johansson,0,"female vocalists, dream pop, folk"
Rich Homie Quan,3166030,287421,d9547d08-4c2e-47fc-9451-b8e3f889716e,https://www.last.fm/music/Rich+Homie+Quan,0,"Hip-Hop, rap, Dirty South"
Love And Rockets,3594151,287359,8cb3aa4a-3b4c-48b8-be0a-e57010fc1430,https://www.last.fm/music/Love+And+Rockets,0,"post-punk, new wave, 80s"
Abel Korzeniowski,5557891,287351,9c258098-28e4-4dfb-92b7-44ce7d37c167,https://www.last.fm/music/Abel+Korzeniowski,0,"Soundtrack, contemporary classical, instrumental"
mehro,3476555,286916,,https://www.last.fm/music/mehro,0,"rnb, indie, pop"
Mercyful Fate,9075761,286822,9b137ab6-5987-4606-989b-183cdb2d3e50,https://www.last.fm/music/Mercyful+Fate,0,"heavy metal, black metal, metal"
Alexis Ffrench,2423108,286684,cd39bada-c6b4-402f-a829-d5b0cf2189fd,https://www.last.fm/music/Alexis+Ffrench,0,"piano, contemporary classical, modern classical"
Vybz Kartel,4396284,286591,7cc385f3-333c-48de-b341-3d728de74973,https://www.last.fm/music/Vybz+Kartel,0,"dancehall, reggae, ragga"
John Fahey,6306838,286495,95bb27d2-43c7-4a92-85ee-f95a245f0ee4,https://www.last.fm/music/John+Fahey,0,"folk, guitar, blues"
Casino Versus Japan,4724913,286458,1245270b-3c9c-4c60-ae90-954a771c6bd4,https://www.last.fm/music/Casino+Versus+Japan,0,"idm, ambient, electronic"
The Rah Band,3052967,286343,138f1987-bbb8-48b9-8d77-bf02576b0905,https://www.last.fm/music/The+Rah+Band,0,"electronic, Disco, british"
Younha,10399038,286163,5e3bc4c7-adbe-40e0-b56e-57d755908d52,https://www.last.fm/music/Younha,0,"j-pop, Korean, k-pop"
PlayaPhonk,4093496,286147,,https://www.last.fm/music/PlayaPhonk,0,"phonk, electronic, House"
Ross Lynch,3133165,286095,f52fa002-e926-4e45-b229-b048b91f2c1d,https://www.last.fm/music/Ross+Lynch,0,"pop, rock, Disney"
Vicente Fernández,5152591,286034,3b829056-d975-4ae7-be3c-20661ce980e8,https://www.last.fm/music/Vicente+Fern%C3%A1ndez,0,"ranchera, mariachi, mexico"
Toshifumi Hinata,3403768,285988,,https://www.last.fm/music/Toshifumi+Hinata,0,"ambient, Classical, japanese"
Mansionair,2917793,285896,,https://www.last.fm/music/Mansionair,0,"seen live, australian, ambient"
Jodi Benson,1623000,285876,62d54f86-3b76-4934-9ed1-7d34c3a381de,https://www.last.fm/music/Jodi+Benson,0,"Disney, Soundtrack, female vocalists"
Channel Tres,3519501,285783,,https://www.last.fm/music/Channel+Tres,0,"seen live, House, electronic"
Ana Carolina,7295126,285775,f34f0700-1ae5-4b80-b506-252aeff31c71,https://www.last.fm/music/Ana+Carolina,0,"mpb, female vocalists, brasil"
Peter McPoland,4395776,285620,,https://www.last.fm/music/Peter+McPoland,0,"indie, folk, indie pop"
Feder,2627338,285525,,https://www.last.fm/music/Feder,0,"House, deep house, dance"
Moe Shop,6387026,285520,,https://www.last.fm/music/Moe+Shop,0,"future funk, electronic, funk"
Bloodbath,15036069,285420,bc27c60a-a967-41c9-9633-c682ca0d77d5,https://www.last.fm/music/Bloodbath,0,"death metal, Brutal Death Metal, swedish"
Brenton Wood,2354008,285153,bc86d48c-5393-4436-bb5d-2c214d07a676,https://www.last.fm/music/Brenton+Wood,0,"soul, 60s, oldies"
"Now, Now",7532285,285114,e3c24e1c-1e43-403b-8407-90c8c4107098,"https://www.last.fm/music/Now,+Now",0,"indie, indie rock, female vocalists"
Aldous Harding,5057297,284896,1d779dfd-d292-48b5-b232-a09687b9881a,https://www.last.fm/music/Aldous+Harding,0,"folk, seen live, singer-songwriter"
starry cat,5471181,284770,,https://www.last.fm/music/starry+cat,0,"Lo-Fi, indie, acoustic"
Babe Rainbow,3978231,284589,41f85de6-c550-4b35-875a-a0049e577e58,https://www.last.fm/music/Babe+Rainbow,0,"electronic, psychedelic, DOOMSTEP"
Hensonn,4992019,284505,,https://www.last.fm/music/Hensonn,0,"phonk, electronic, Ukrainian"
Caifanes,8753696,284480,77814bfb-f1b0-47fd-8492-65d6f72c246d,https://www.last.fm/music/Caifanes,0,"Rock en Espanol, rock, rock mexicano"
YOUNG M.A,3138146,283944,,https://www.last.fm/music/YOUNG+M.A,0,"Hip-Hop, rap, Brooklyn"
The Gun Club,5185144,283871,e78cc47f-9b89-4ef7-86f8-8f9df4f9dac9,https://www.last.fm/music/The+Gun+Club,0,"post-punk, psychobilly, punk"
Apashe,5388191,283639,ce0724ab-2d63-415b-bbb1-839f97bb771a,https://www.last.fm/music/Apashe,0,"trap, dubstep, electronic"
Cookin Soul,3519216,283618,,https://www.last.fm/music/Cookin+Soul,0,"Hip-Hop, hip hop, rap"
Crywank,15795080,283525,758ccf6f-559c-4136-800f-b0944f8f48f9,https://www.last.fm/music/Crywank,0,"folk punk, sadcore, anti-folk"
Lilac,2727049,283524,1967c6ce-95a4-48f0-8ac7-abe637524aee,https://www.last.fm/music/Lilac,0,"seen live, hardcore, punk"
Haley Reinhart,2773878,283508,d774c8ff-2b2b-423d-94ba-a827b3554785,https://www.last.fm/music/Haley+Reinhart,0,"soul, jazz, female vocalists"
Joshua Bassett,11084281,283508,,https://www.last.fm/music/Joshua+Bassett,0,"pop, Disney, Soundtrack"
Bacilos,2864469,283464,f69d655c-ffd6-4bee-8c2a-3086b2be2fc6,https://www.last.fm/music/Bacilos,0,"latin, latin pop, spanish"
Girlpool,5040060,283415,f15d2f13-6de2-434f-a6dc-ac1ce45d9636,https://www.last.fm/music/Girlpool,0,"indie pop, Lo-Fi, indie"
Laffey,5622468,283227,,https://www.last.fm/music/Laffey,0,"Lo-Fi, electronic, chill"
George Clanton,8483764,283141,,https://www.last.fm/music/George+Clanton,0,"chillwave, synthpop, electronic"
Willie Colón,3459071,283008,f1edfbed-9315-4550-859c-599cc3fdee57,https://www.last.fm/music/Willie+Col%C3%B3n,0,"salsa, latin, fania"
Kshmr,4630014,282869,,https://www.last.fm/music/Kshmr,0,"big room, big room house, electronic"
William Bell,1547971,282800,d9c9cfb7-f751-4fb0-97c0-b3ddd768bc78,https://www.last.fm/music/William+Bell,0,"soul, stax, rhythm and blues"
PandRezz,2412631,282624,,https://www.last.fm/music/PandRezz,0,"electronic, instrumental hip-hop, Lo-Fi"
Mondo Loops,3341253,282513,,https://www.last.fm/music/Mondo+Loops,0,"Lo-Fi, electronic, chill"
Electric Youth,3233377,282383,a0b2868c-22c7-49eb-b227-3c4251a6c88f,https://www.last.fm/music/Electric+Youth,0,"synthpop, electronic, dreamwave"
Alex & Sierra,2868988,282196,c8355d66-4fba-4e2b-8236-11eb8767126f,https://www.last.fm/music/Alex+&+Sierra,0,"acoustic, pop, The X Factor"
Horse Jumper of Love,5965136,282164,,https://www.last.fm/music/Horse+Jumper+of+Love,0,"slowcore, shoegaze, indie rock"
Klaas,3650522,282137,3323f0ca-dd99-45a8-9696-971c4c27806a,https://www.last.fm/music/Klaas,0,"House, electro house, electronic"
Tora,2624957,282057,51ef15e8-7ca3-4ce6-a302-240e11b82c24,https://www.last.fm/music/Tora,0,"new wave, experimental, eurobeat"
Steven Wilson,19670991,281790,3a51b862-0144-40f6-aa17-6aaeefea29d9,https://www.last.fm/music/Steven+Wilson,0,"Progressive rock, experimental, singer-songwriter"
Cosmo Sheldrake,5026261,281626,,https://www.last.fm/music/Cosmo+Sheldrake,0,"electronic, folktronica, experimental"
Land of Talk,4718746,281591,336dfcad-2587-4f5d-9338-3a445282364f,https://www.last.fm/music/Land+of+Talk,0,"seen live, indie rock, Canadian"
Khaled,2684452,281583,b4a479aa-4384-4acf-88b0-dee9188faeb5,https://www.last.fm/music/Khaled,0,"arabic, rai, algerian"
Darren Korb,13530048,281309,a7e3c900-1c91-444c-9fce-77d230e5791b,https://www.last.fm/music/Darren+Korb,0,"Soundtrack, trip-hop, instrumental"
Tom Zé,6044145,281293,9f284484-c949-4199-8741-aba416a497a8,https://www.last.fm/music/Tom+Z%C3%A9,0,"tropicalia, mpb, brazilian"
French 79,3188341,281260,b4bf3785-04d5-4cd3-94d9-86f3b43e2904,https://www.last.fm/music/French+79,0,"electronic, french, synthpop"
Miguel Bosé,4517262,281221,98ad7a28-1949-4786-b1f6-4fa05b9b440c,https://www.last.fm/music/Miguel+Bos%C3%A9,0,"spanish, pop, latin pop"
Colony House,3025666,281159,5f3987e9-20f7-4f45-8187-7ef2102e712a,https://www.last.fm/music/Colony+House,0,"indie rock, indie, seen live"
Nathan Evans,2715372,281080,,https://www.last.fm/music/Nathan+Evans,0,"Scottish, folk, sea shanty"
BAYNK,3473040,280732,,https://www.last.fm/music/BAYNK,0,"electronic, pop, Disco"
Big Pun,2710271,280690,609e7afd-3552-4102-9501-7611858ea320,https://www.last.fm/music/Big+Pun,0,"Hip-Hop, rap, east coast rap"
Entombed,11336357,280688,61b99cc4-06cd-4ad5-9bac-950b2daef9cc,https://www.last.fm/music/Entombed,0,"death metal, death n roll, seen live"
KSLV Noh,5670144,280647,,https://www.last.fm/music/KSLV+Noh,0,"phonk, Lo-Fi, electronic"
Lunchmoney Lewis,1743123,280551,,https://www.last.fm/music/Lunchmoney+Lewis,0,"Hip-Hop, pop, soul"
Phlocalyst,1980317,280516,,https://www.last.fm/music/Phlocalyst,0,"Lo-Fi, electronic, beats"
Emicida,14220031,280456,7b874216-914f-4f77-b5c4-70f6ff8052ad,https://www.last.fm/music/Emicida,0,"rap, hip hop, brazilian"
Alceu Valença,6444152,280395,7a08d4fb-e5c1-4c39-a99b-1908ca2e83b4,https://www.last.fm/music/Alceu+Valen%C3%A7a,0,"mpb, brazilian, brasil"
Mommy,2429695,280375,b97e4a80-a2fa-47c0-b063-5be064f94f2a,https://www.last.fm/music/Mommy,0,"Lo-Fi, beats, Hip-Hop"
O.T. Genasis,1726589,280113,f3c48d53-8dfe-435f-84e6-1756754c4687,https://www.last.fm/music/O.T.+Genasis,0,"Hip-Hop, rap, trap"
Jorge & Mateus,16421393,280021,311e7141-051a-40bc-bce5-7998b6c869ee,https://www.last.fm/music/Jorge+&+Mateus,0,"sertanejo, Sertanejo Universitario, brazilian"
Max Frost,2546942,279964,743ff4c0-64fa-4974-aae3-ab33e586e941,https://www.last.fm/music/Max+Frost,0,"electronic, trip-hop, indie"
The Tragically Hip,9291572,279935,e86ab653-bec8-46f3-b4b6-a1a866919ef6,https://www.last.fm/music/The+Tragically+Hip,0,"Canadian, rock, seen live"
Noisestorm,3152280,279595,93c6c515-e575-4114-80e5-46bf6aa408bc,https://www.last.fm/music/Noisestorm,0,"dubstep, Drum and bass, electronic"
The Dead Milkmen,5232780,279543,cdd2e0f0-703d-454d-b5c7-cc3bb6dd5552,https://www.last.fm/music/The+Dead+Milkmen,0,"punk, punk rock, indie"
Babasónicos,14125424,279409,e6e1e76f-afee-4990-aad0-056199d94918,https://www.last.fm/music/Babas%C3%B3nicos,0,"Rock Argentino, rock, argentina"
Broncho,3055527,279358,8e4a41a5-6ec6-4042-b064-acd1cb51cf1b,https://www.last.fm/music/Broncho,0,"Garage Rock, seen live, rock"
Popcaan,3023024,279324,d7641934-7dfb-49ea-b948-da0b12816b12,https://www.last.fm/music/Popcaan,0,"dancehall, reggae, dancehall reggae"
Viagra Boys,9734546,279000,,https://www.last.fm/music/Viagra+Boys,0,"post-punk, Crank wave, egg punk"
Psychedelic Porn Crumpets,6932410,278936,,https://www.last.fm/music/Psychedelic+Porn+Crumpets,0,"Psychedelic Rock, Garage Rock, psychedelic"
Nathan Dawe,3007403,278875,,https://www.last.fm/music/Nathan+Dawe,0,"House, electronic, dance"
Adam Levine,2664462,278819,a1421d73-1a21-484b-97ad-77c9a5676daf,https://www.last.fm/music/Adam+Levine,0,"pop, male vocalists, maroon 5"
Claud,2989859,278798,,https://www.last.fm/music/Claud,0,"indie pop, bedroom pop, seen live"
surrenderdorothy,5827270,278786,7ff71aca-2ff2-4bfa-a33b-be94777cabee,https://www.last.fm/music/surrenderdorothy,0,"sesh, contemporary folk, blackened blues"
Buddy,2849450,278688,ba122363-b404-4a8f-b518-7563a62eb963,https://www.last.fm/music/Buddy,0,"Hip-Hop, rap, german"
Francis Lai,2393551,278580,ddec1c79-0653-4d7a-a92a-ceaabc60748f,https://www.last.fm/music/Francis+Lai,0,"Soundtrack, french, instrumental"
Sylvester,1624806,278522,4d3b710b-a5f0-4772-97db-f09e47fbc6d8,https://www.last.fm/music/Sylvester,0,"Disco, 70s, funk"
Kenny Beats,5381190,278362,,https://www.last.fm/music/Kenny+Beats,0,"seen live, beats, The Police"
Dissection,13124728,278320,92d48f3d-a9cb-4011-a002-2e9ac3a6843d,https://www.last.fm/music/Dissection,0,"black metal, melodic black metal, Melodic Death Metal"
Women,5305170,278309,ea78d0cf-1c99-443f-a4dc-4db90f3e1c47,https://www.last.fm/music/Women,0,"Lo-Fi, shoegaze, noise pop"
Jessica Pratt,5464788,278119,1a331805-47cc-4f30-a123-94d820dbca31,https://www.last.fm/music/Jessica+Pratt,0,"folk, singer-songwriter, female vocalists"
Spirit of the Beehive,4565263,277746,,https://www.last.fm/music/Spirit+of+the+Beehive,0,"shoegaze, indie rock, noise pop"
Sam Tinnesz,3190850,277396,,https://www.last.fm/music/Sam+Tinnesz,0,"alternative, electropop, electronic"
Kiasmos,5608812,277347,3252542b-98a7-48ba-9861-7a612b16c227,https://www.last.fm/music/Kiasmos,0,"electronic, minimal, techno"
Gavin Luke,2362172,277077,,https://www.last.fm/music/Gavin+Luke,0,"instrumental, piano, contemporary classical"
Chaka Demus & Pliers,1427667,277076,af53fe4c-c4e9-4ce4-9a15-4e3bbbc821cb,https://www.last.fm/music/Chaka+Demus+&+Pliers,0,"reggae, dancehall, ragga"
Judy Kuhn,1747283,276950,1bac9c04-11ac-4728-ac2b-87e4e357941f,https://www.last.fm/music/Judy+Kuhn,0,"Disney, Soundtrack, female vocalists"
Divinyls,1859115,276928,01d8f486-874f-4914-a455-48446b7de51d,https://www.last.fm/music/Divinyls,0,"new wave, australian, 80s"
Shy FX,2783093,276494,ee459bd7-9768-4cc2-9452-a09700c4aeaa,https://www.last.fm/music/Shy+FX,0,"Drum and bass, jungle, dnb"
A Winged Victory for the Sullen,5611906,276291,67c179d3-f358-43bf-8ecc-d9c560878b65,https://www.last.fm/music/A+Winged+Victory+for+the+Sullen,0,"ambient, modern classical, neoclassical"
The Dear Hunter,16962303,276175,75f30e15-549a-440d-b9b9-3d08daadef9d,https://www.last.fm/music/The+Dear+Hunter,0,"Progressive rock, experimental, indie"
Kensuke Ushio,9554527,276100,3f5999c4-6647-45a1-90d6-857c667ca80b,https://www.last.fm/music/Kensuke+Ushio,0,"Soundtrack, japanese, anime"
Candlemass,10397391,275968,7dba6614-d0bd-4950-8b7b-841b31c413c2,https://www.last.fm/music/Candlemass,0,"doom metal, Traditional Doom Metal, heavy metal"
James Gang,2069485,275786,4167b497-1ae5-4502-a8e6-e1546ffbe514,https://www.last.fm/music/James+Gang,0,"classic rock, hard rock, rock"
StaySolidRocky,2460708,275740,,https://www.last.fm/music/StaySolidRocky,0,"Hip-Hop, rap, electronic"
Chapterhouse,3729224,275644,c95d5fb3-03d4-4b5e-93da-a57bd7e26db0,https://www.last.fm/music/Chapterhouse,0,"shoegaze, dream pop, indie"
SEGA Sound Team,16530788,275634,3e63722f-f463-451f-9f77-bf1aa957fabf,https://www.last.fm/music/SEGA+Sound+Team,0,"video game music, Soundtrack, game"
Joey Pecoraro,3256831,275513,,https://www.last.fm/music/Joey+Pecoraro,0,"chillhop, Hip-Hop, instrumental"
Griz,5339296,275473,c62327d3-df81-46ce-bd94-5bd3040f8699,https://www.last.fm/music/Griz,0,"dubstep, electronic, instrumental"
Daniel Lanois,3349048,275460,ca0489a4-3a7b-4def-b66e-e00b2f579ae0,https://www.last.fm/music/Daniel+Lanois,0,"singer-songwriter, folk, Canadian"
The Arcs,3480376,275398,a24d745c-6002-445c-bb4c-db1c9b3fdce6,https://www.last.fm/music/The+Arcs,0,"blues rock, indie rock, rock"
Cranes,5550221,275378,f6dfc44d-5da4-4ed1-949b-32715630dff4,https://www.last.fm/music/Cranes,0,"shoegaze, dream pop, ethereal"
Sorority Noise,8905460,275317,51de86a9-b03b-45df-933f-1d284bf2599f,https://www.last.fm/music/Sorority+Noise,0,"emo, indie rock, punk"
Mr Twin Sister,3284165,275206,,https://www.last.fm/music/Mr+Twin+Sister,0,"dream pop, indie pop, indie"
Francis and the Lights,3183369,275047,d1073d49-539c-46b9-9b79-597b232a9a3c,https://www.last.fm/music/Francis+and+the+Lights,0,"funk, electronic, seen live"
9th Wonder,3760778,274873,48513f24-37d5-423f-b9b7-2b712af7f50d,https://www.last.fm/music/9th+Wonder,0,"Hip-Hop, producer, hip hop"
Astro,11326484,274757,fa465468-8bf0-4b99-b955-0f41ecb87f80,https://www.last.fm/music/Astro,0,"noise, experimental, electronic"
Skinshape,4280893,274727,848e0d89-4696-4c7b-a74c-a8e45292df6c,https://www.last.fm/music/Skinshape,0,"trip-hop, downtempo, chillout"
Laurel,2987787,274599,560875e5-1a56-431e-8803-010ae9e4871c,https://www.last.fm/music/Laurel,0,"Southern Rock, indie, metalcore"
The Happy Fits,6815978,274561,,https://www.last.fm/music/The+Happy+Fits,0,"indie rock, indie, rock"
Tarkan,5447291,274553,4ec2451d-ed0c-4273-b683-4c1312df25fd,https://www.last.fm/music/Tarkan,0,"turkish, pop, Turkish Pop"
Mort Garson,6046774,274445,c47028fa-0086-426d-a7b8-ed20eba3ed61,https://www.last.fm/music/Mort+Garson,0,"electronic, experimental, psychedelic"
Eric Nam,9003689,274380,,https://www.last.fm/music/Eric+Nam,0,"k-pop, rnb, pop"
berhana,3109484,274371,,https://www.last.fm/music/berhana,0,"rnb, soul, pop"
Drop Nineteens,4406235,274232,266f5184-d8ab-40c3-9af2-b0c615b37b53,https://www.last.fm/music/Drop+Nineteens,0,"shoegaze, dream pop, indie rock"
LTJ Bukem,3613775,274167,28c1b7b7-355a-48b1-b2c4-75b8eb8080ef,https://www.last.fm/music/LTJ+Bukem,0,"Drum and bass, electronic, chillout"
Aztec Camera,3003640,274042,53578264-7436-437b-87a0-3b034a3661f0,https://www.last.fm/music/Aztec+Camera,0,"new wave, 80s, Scottish"
Lauren Daigle,3794473,274019,920c7a88-f8f3-482f-96ef-810c6442fc3e,https://www.last.fm/music/Lauren+Daigle,0,"pop, soul, christian"
ZelooperZ,5085521,273920,47135429-ed7c-4b08-a30c-f0e66777ec47,https://www.last.fm/music/ZelooperZ,0,"hip hop, experimental hip hop, Hip-Hop"
BOL4,7186127,273892,,https://www.last.fm/music/BOL4,0,"indie, Korean, k-indie"
Piri,3559738,273784,31349250-1036-44b8-9032-cfa13a6448b5,https://www.last.fm/music/Piri,0,"brazilian, Hip-Hop, british"
Syd,3524263,273545,9a612dbc-7354-43f6-b172-461e1fa9903e,https://www.last.fm/music/Syd,0,"rnb, seen live, singer-songwriter"
Kenny Dorham,1713253,273522,4476453a-d37e-4c52-b60d-07c90b6fa661,https://www.last.fm/music/Kenny+Dorham,0,"jazz, trumpet, bebop"
Sheff G,12548565,273480,,https://www.last.fm/music/Sheff+G,0,"rap, trap, east coast rap"
Cate le Bon,4426189,273396,f2393e49-b791-46da-a6d7-1e9e60743405,https://www.last.fm/music/Cate+le+Bon,0,"female vocalists, folk, folktronica"
Sturgill Simpson,8321044,273381,f6e61750-a6b7-4d88-979b-052345cd0e4a,https://www.last.fm/music/Sturgill+Simpson,0,"country, singer-songwriter, outlaw country"
Coma Cinema,6023589,273200,cd03ee03-deb6-4f9c-be24-970f34602de2,https://www.last.fm/music/Coma+Cinema,0,"indie pop, Lo-Fi, indie"
Sid,6097390,273164,ec93e078-ef9c-4f0b-aab0-6eec009443dc,https://www.last.fm/music/Sid,0,"J-rock, visual kei, japanese"
Royal & the Serpent,3880519,272949,,https://www.last.fm/music/Royal+&+the+Serpent,0,"pop, electronic, pop rock"
Joy Orbison,2610352,272904,8542f9a4-bd91-4066-91cf-359d2d9950db,https://www.last.fm/music/Joy+Orbison,0,"dubstep, electronic, House"
JiSoo,22801274,272845,,https://www.last.fm/music/JiSoo,0,"k-pop, blackpink, Korean"
Tujamo,2521807,272777,b54f0842-5a48-4b6d-a8f5-8fa2cb23f9d2,https://www.last.fm/music/Tujamo,0,"House, tech house, electronic"
Ark Patrol,2775671,272762,,https://www.last.fm/music/Ark+Patrol,0,"electronic, beats, trap"
Myd,2356967,272680,c61f03df-e3e4-4466-ba08-508383696b83,https://www.last.fm/music/Myd,0,"electronic, french, House"
Elisa,5880092,272652,d93c4ccb-d490-4908-995f-be3b6ff5e87c,https://www.last.fm/music/Elisa,0,"italian, female vocalists, pop"
Vanilla,3374898,272540,db22b691-1110-4080-b8fe-53eea378210e,https://www.last.fm/music/Vanilla,0,"screamo, instrumental hip-hop, emo"
Yebba,3641952,272530,,https://www.last.fm/music/Yebba,0,"soul, rnb, seen live"
quinnie,3871833,272487,,https://www.last.fm/music/quinnie,0,"indie pop, USA, seen live"
Engelwood,2616611,272462,,https://www.last.fm/music/Engelwood,0,"Hip-Hop, instrumental hip-hop, beats"
Alvaro Soler,4359152,272423,,https://www.last.fm/music/Alvaro+Soler,0,"pop, latin, spain"
Alma,3317774,272279,d19fec97-a8c5-403a-a0a5-18785fa8c15c,https://www.last.fm/music/Alma,0,"pop, seen live, french"
FrankJavCee,2874690,272212,,https://www.last.fm/music/FrankJavCee,0,"vaporwave, electronic, comedy"
Sure Sure,3132039,272058,,https://www.last.fm/music/Sure+Sure,0,"indie pop, indie, indie rock"
Spiller,1442017,271920,6463c4d1-87c0-47ae-8748-9690f0a4988c,https://www.last.fm/music/Spiller,0,"House, dance, electronic"
Ovlov,4531118,271855,e6ffec04-77a2-47c9-a6df-7f7e4372090f,https://www.last.fm/music/Ovlov,0,"shoegaze, indie rock, punk"
Christophe Beck,6581209,271827,0df890e1-f4f2-4b21-a413-cd8af1af32d8,https://www.last.fm/music/Christophe+Beck,0,"Soundtrack, instrumental, score"
tINI,11391539,271802,57da1b6b-808d-4f87-9528-dc5e2023eab6,https://www.last.fm/music/tINI,0,"deep house, argentina, pop"
kainbeats,3502237,271797,,https://www.last.fm/music/kainbeats,0,"Lo-Fi, lofi, chillhop"
Josh Gad,2314420,271719,fde548d0-4dc4-4331-8f1c-ca342911e5ea,https://www.last.fm/music/Josh+Gad,0,"Soundtrack, musical, american"
Lolo Zouaï,5977112,271564,,https://www.last.fm/music/Lolo+Zoua%C3%AF,0,"algerian, pop, rnb"
BlasterJaxx,3046333,271527,5bd254e6-9288-4a5e-ba65-c6e06fa69ac9,https://www.last.fm/music/BlasterJaxx,0,"House, electro house, electronic"
Zeca Pagodinho,4791597,271429,7d3d9d52-a44f-4ba1-a080-cf64698912c0,https://www.last.fm/music/Zeca+Pagodinho,0,"samba, Pagode, brasil"
Kelsey Lu,3836622,271427,,https://www.last.fm/music/Kelsey+Lu,0,"art pop, experimental, rnb"
Barão Vermelho,5778702,271304,84ac395b-482b-48cb-b381-b9bc420b2dd3,https://www.last.fm/music/Bar%C3%A3o+Vermelho,0,"rock, brazilian rock, 80s"
Plastic Bertrand,1828202,271127,39cf1c51-8e6a-4d7a-a1f5-9ea212e66699,https://www.last.fm/music/Plastic+Bertrand,0,"new wave, punk, french"
Rini,6512517,271100,ec1515e5-b9d1-4329-b5db-bbbe748a1137,https://www.last.fm/music/Rini,0,"rnb, soul, australian"
While She Sleeps,14159884,270994,24e58672-0956-4e3b-87a4-aaf3d52094aa,https://www.last.fm/music/While+She+Sleeps,0,"metalcore, melodic hardcore, hardcore"
Laurie Anderson,4095868,270763,86809b51-cbe2-45f1-804a-e66eed635dea,https://www.last.fm/music/Laurie+Anderson,0,"experimental, Avant-Garde, electronic"
Crown the Empire,9764973,270540,5cf3bae7-166f-44c2-b48f-63ddea9d4fb2,https://www.last.fm/music/Crown+the+Empire,0,"post-hardcore, electronic, metalcore"
Glimlip,1615554,270342,,https://www.last.fm/music/Glimlip,0,"Lo-Fi, instrumental, beats"
Hiroyuki Sawano,13853295,270297,60d2ea34-1912-425f-bf9c-fc544e4448cd,https://www.last.fm/music/Hiroyuki+Sawano,0,"Soundtrack, japanese, instrumental"
Limahl,1404327,270136,ba147912-dc39-416f-9e4b-09765d671674,https://www.last.fm/music/Limahl,0,"80s, pop, new wave"
Tanukichan,3768460,270125,,https://www.last.fm/music/Tanukichan,0,"shoegaze, dream pop, indie"
The Electric Prunes,2215677,270118,8cb8b329-e152-4394-80d0-6aab033ec16c,https://www.last.fm/music/The+Electric+Prunes,0,"Psychedelic Rock, psychedelic, Garage Rock"
Leah Kate,3604584,270104,,https://www.last.fm/music/Leah+Kate,0,"pop, dance, pop rock"
Keala Settle,2284915,270080,ad4653bc-ad04-4a41-a6cc-477ebe5cd96c,https://www.last.fm/music/Keala+Settle,0,"musical, Soundtrack, american"
Juan Gabriel,4716497,269964,bc9b7500-0afc-41ba-a056-b0bc81669702,https://www.last.fm/music/Juan+Gabriel,0,"juan gabriel, mexico, latin"
Periphery,24250645,269750,a0cef17a-4574-44f4-9f97-fd068615dac6,https://www.last.fm/music/Periphery,0,"Progressive metal, DJENT, math metal"
Bree Runway,7301285,269712,,https://www.last.fm/music/Bree+Runway,0,"pop, Hip-Hop, british"
j^p^n,3610339,269707,,https://www.last.fm/music/j%5Ep%5En,0,"Hip-Hop, Lo-Fi, electronic"
Sevyn Streeter,2597068,269653,ec3e1298-23c5-4c39-bb2b-ae6a588afdeb,https://www.last.fm/music/Sevyn+Streeter,0,"rnb, pop, soul"
The Academic,3754174,269652,,https://www.last.fm/music/The+Academic,0,"seen live, rock, alternative"
Fenne Lily,3354426,269476,,https://www.last.fm/music/Fenne+Lily,0,"folk, singer-songwriter, female vocalists"
Headhunterz,5880990,269416,79dbc936-adf2-4a29-8e01-c1fbe5613b0a,https://www.last.fm/music/Headhunterz,0,"hardstyle, Hardbass, melodic hardstyle"
Yasumu,3584358,269360,,https://www.last.fm/music/Yasumu,0,"german, chillhop, chillout"
Earth,8216310,269304,e7220fad-efdc-46af-a95b-338b46a901c9,https://www.last.fm/music/Earth,0,"drone, doom metal, drone doom"
Booker T. & The M.G.'s,1732461,269180,,https://www.last.fm/music/Booker+T.+&+The+M.G.%27s,0,"soul, funk, rhythm and blues"
Donna Lewis,1924173,269180,ba7c4a1c-aa4e-488a-92dc-be92cb6bca6b,https://www.last.fm/music/Donna+Lewis,0,"pop, female vocalists, singer-songwriter"
Mc Fioti,1732771,269042,,https://www.last.fm/music/Mc+Fioti,0,"Funk Carioca, pop, funk"
Mupp,4319516,268897,,https://www.last.fm/music/Mupp,0,"phonk, electronic, rap"
Pale Waves,7822050,268854,,https://www.last.fm/music/Pale+Waves,0,"seen live, indie pop, pop"
Thuy,4791818,268847,,https://www.last.fm/music/Thuy,0,"rnb, soul, pop"
Social House,2665002,268656,,https://www.last.fm/music/Social+House,0,"seen live, Hip-Hop, pop"
Hum,6238868,268597,6d5f6fbc-43fc-4f82-bd63-e495d4394dbe,https://www.last.fm/music/Hum,0,"space rock, alternative rock, alternative"
Cal Tjader,2238285,268504,1015b5e3-8e3d-4d78-806a-c530cf742e66,https://www.last.fm/music/Cal+Tjader,0,"jazz, latin jazz, latin"
Lucy Pearl,1726158,268485,35e3200c-a82c-4357-910e-76b1a9cbaf05,https://www.last.fm/music/Lucy+Pearl,0,"soul, rnb, Neo-Soul"
Imany,3630978,268439,478fe3cd-c42a-4f0f-86a1-9168041fbf14,https://www.last.fm/music/Imany,0,"soul, jazz, folk"
Herb Alpert & The Tijuana Brass,2524577,268351,,https://www.last.fm/music/Herb+Alpert+&+The+Tijuana+Brass,0,"jazz, easy listening, instrumental"
Joesef,3243872,268304,,https://www.last.fm/music/Joesef,0,"pop, soul, Scottish"
Murray Head,1814038,268272,071ab0f1-ac3f-48f6-9ee6-11b72eb73e57,https://www.last.fm/music/Murray+Head,0,"80s, pop, new wave"
Jamal,8055557,268170,b23b490c-aded-442c-a0e1-b821cd2ee4c9,https://www.last.fm/music/Jamal,0,"reggae, ragga, dancehall"
Francis Poulenc,1901512,268088,5e1ef22b-310a-46ad-885b-4897b8c9c85a,https://www.last.fm/music/Francis+Poulenc,0,"Classical, contemporary classical, french"
Attila,9331794,267935,f0b1619b-6b76-4633-9a83-85b11a17ad98,https://www.last.fm/music/Attila,0,"deathcore, metalcore, experimental"
The Midnight,13361176,267848,,https://www.last.fm/music/The+Midnight,0,"synthwave, synthpop, retrowave"
GZA,4791539,267840,550cb78b-4995-4873-baea-76ef265531f5,https://www.last.fm/music/GZA,0,"Hip-Hop, rap, wu-tang"
Giggs,3828380,267769,c2beec92-0560-4fdd-b2c0-0bb5923803dc,https://www.last.fm/music/Giggs,0,"Grime, rap, UK hip hop"
Clarice Falcão,12377617,267635,76858c01-acf4-4630-84f3-1b5208c390db,https://www.last.fm/music/Clarice+Falc%C3%A3o,0,"brazilian, folk, mpb"
wifisfuneral,6338784,267607,,https://www.last.fm/music/wifisfuneral,0,"Hip-Hop, rap, cloud rap"
mt. fujitive,2476516,267345,,https://www.last.fm/music/mt.+fujitive,0,"beats, instrumental, hip hop"
Smokey Robinson & The Miracles,2051998,267284,c19ff12b-058f-44a8-b245-b0efb4752925,https://www.last.fm/music/Smokey+Robinson+&+The+Miracles,0,"soul, motown, 60s"
Dwayne Johnson,1907656,267038,5f3411dd-4723-430a-a82b-c5580abd5bb0,https://www.last.fm/music/Dwayne+Johnson,0,"Disney, Soundtrack, male vocal"
A. G. Cook,7733298,266958,b12ef43e-72ad-43d0-b216-a8cd32f78852,https://www.last.fm/music/A.+G.+Cook,0,"bubblegum bass, electronic, pc music"
Yellow Magic Orchestra,8440967,266914,ac5af671-1df0-4312-8b7b-e61992ecc883,https://www.last.fm/music/Yellow+Magic+Orchestra,0,"electronic, japanese, synthpop"
Nio Garcia,3802702,266901,,https://www.last.fm/music/Nio+Garcia,0,"latin, Reggaeton, puerto rico"
"QUICKLY, QUICKLY",2374911,266873,,"https://www.last.fm/music/QUICKLY,+QUICKLY",0,"Lo-Fi, portland, electronic"
Sudan Archives,5046390,266746,,https://www.last.fm/music/Sudan+Archives,0,"rnb, seen live, soul"
The Sound,5269962,266742,b2c36d47-e5e3-4ac8-a967-10e0265d3fff,https://www.last.fm/music/The+Sound,0,"post-punk, new wave, 80s"
Tristam,5092020,266682,1849970f-0c71-4f80-89d3-0704797df50e,https://www.last.fm/music/Tristam,0,"dubstep, electronic, electro"
Jota Quest,4116993,266666,2759ea9d-07c9-4901-b764-5215a7c813d1,https://www.last.fm/music/Jota+Quest,0,"pop rock, brazilian, rock"
Nick Hakim,2982666,266648,21e8f8ef-00d2-4748-be00-451f1f5dfcaa,https://www.last.fm/music/Nick+Hakim,0,"soul, rnb, indie"
Gabry Ponte,2877673,266586,5a578188-781d-46a3-ac29-1974060702ad,https://www.last.fm/music/Gabry+Ponte,0,"dance, Italodance, electronic"
LOOΠΔ / ODD EYE CIRCLE,14735554,266473,,https://www.last.fm/music/LOO%CE%A0%CE%94+%2F+ODD+EYE+CIRCLE,0,"k-pop, pop, Kpop"
brillion.,3694093,266437,,https://www.last.fm/music/brillion.,0,"electronic, Lo-Fi, lofi"
Tinlicker,3436913,266355,2d098124-cb9d-4e80-992f-47e47c405452,https://www.last.fm/music/Tinlicker,0,"electronic, House, Progressive House"
Freya Ridings,3076216,266295,,https://www.last.fm/music/Freya+Ridings,0,"indie pop, pop, indie"
Black Marble,6245727,266245,fd7d4ed7-1a14-4b5b-b8f2-074888187ebc,https://www.last.fm/music/Black+Marble,0,"coldwave, post-punk, electronic"
City Girl,6043692,266223,,https://www.last.fm/music/City+Girl,0,"electronic, Lo-Fi, Hip-Hop"
DNA,2029110,265821,fc44478e-b43b-45bf-9d70-92865897a3ff,https://www.last.fm/music/DNA,0,"no wave, post-punk, experimental"
Lil Keed,6961459,265598,,https://www.last.fm/music/Lil+Keed,0,"Hip-Hop, rap, trap"
Touché Amoré,22658708,265591,ea367e3c-4c74-460b-8a99-bbbb9b1ad5cf,https://www.last.fm/music/Touch%C3%A9+Amor%C3%A9,0,"screamo, hardcore, post-hardcore"
Atlas,3953763,265535,f4bfcafb-dd6b-4a49-abb8-8fb45e32ee39,https://www.last.fm/music/Atlas,0,"Progressive rock, melodic hardcore, swedish"
Daphni,3473807,265510,8ceab977-804a-4ff6-968a-2c0437abb15d,https://www.last.fm/music/Daphni,0,"House, experimental, electronic"
StarBoi3,2048174,265463,,https://www.last.fm/music/StarBoi3,0,"rap, Hip-Hop, trap"
NGHTMRE,3318415,265442,,https://www.last.fm/music/NGHTMRE,0,"trap, seen live, electronic"
Johannes Bornlöf,2299590,265237,,https://www.last.fm/music/Johannes+Bornl%C3%B6f,0,"piano, swedish, ambient"
Rachel Chinouriri,2597113,265228,,https://www.last.fm/music/Rachel+Chinouriri,0,"seen live, pop, indie pop"
Chord Overstreet,2669519,265108,,https://www.last.fm/music/Chord+Overstreet,0,"glee, pop, Glee Cast"
Corey Taylor,2303104,265077,15e02679-7a5f-4dd2-850c-5aa6e49d0878,https://www.last.fm/music/Corey+Taylor,0,"rock, alternative rock, metal"
Better Oblivion Community Center,7461262,265046,,https://www.last.fm/music/Better+Oblivion+Community+Center,0,"folk, indie, indie rock"
MED,2716445,264946,ed6e3cb8-8ff6-4b1f-ad0a-844816f3f97c,https://www.last.fm/music/MED,0,"Hip-Hop, Stones throw, underground hip-hop"
The Wrens,4369736,264824,cade73ee-f0ae-4a94-980e-8978982ed4d2,https://www.last.fm/music/The+Wrens,0,"indie, indie rock, seen live"
Fresno,26874667,264733,583aec45-62fc-4972-8da2-f09aacc70fc5,https://www.last.fm/music/Fresno,0,"rock, emo, brazilian"
Part Time,4545379,264645,3ab3f4d5-0282-460d-85b6-cf68a471af09,https://www.last.fm/music/Part+Time,0,"Lo-Fi, psychedelic, pop"
Death in June,17807140,264542,463f056c-56bf-429d-b3a3-f8fe467c427d,https://www.last.fm/music/Death+in+June,0,"neofolk, apocalyptic folk, dark folk"
Lawrence,3686665,264493,e1a0bbf2-ab13-4edf-8a56-c7ca76338375,https://www.last.fm/music/Lawrence,0,"minimal, electronic, techno"
SahBabii,8523724,264276,,https://www.last.fm/music/SahBabii,0,"trap, rap, hip hop"
Billy Lemos,2336130,264272,,https://www.last.fm/music/Billy+Lemos,0,"indie, Lo-Fi, USA"
Marcelo D2,6617598,264211,8c1f7395-61b6-43bf-bb62-55d2c669f0e0,https://www.last.fm/music/Marcelo+D2,0,"Hip-Hop, rap, samba"
Mako,2923584,264152,d7f31219-5dc6-4790-8227-7229505b8566,https://www.last.fm/music/Mako,0,"eurobeat, japanese, j-pop"
jelani aryeh,2543100,264095,,https://www.last.fm/music/jelani+aryeh,0,"indie, Hip-Hop, alternative"
Sharon Jones & The Dap-Kings,2228580,263982,8d50cd20-34f2-4abe-ba16-0759ee0fb9f5,https://www.last.fm/music/Sharon+Jones+&+The+Dap-Kings,0,"soul, funk, seen live"
jxdn,7313923,263846,,https://www.last.fm/music/jxdn,0,"seen live, rock, pop punk"
Nicholas Hooper,7097467,263789,b1ea49d6-e25b-4675-9104-8329442c3e9e,https://www.last.fm/music/Nicholas+Hooper,0,"Soundtrack, instrumental, Classical"
The Magician,1938831,263513,075b86e3-6045-4a49-a1c8-a0b81c1a9dc0,https://www.last.fm/music/The+Magician,0,"House, electronic, Disco"
Exaltasamba,6285178,263460,0b9d0a89-bb03-44ef-b6f8-ccd47f4f5962,https://www.last.fm/music/Exaltasamba,0,"Pagode, samba, Exaltasamba"
Elefante,2835325,263433,f40484a2-ff44-4034-b3f4-7cee40d0a12b,https://www.last.fm/music/Elefante,0,"Rock en Espanol, latin, spanish"
Hope Tala,2920999,263426,,https://www.last.fm/music/Hope+Tala,0,"rnb, soul, Bossa Nova"
GRLwood,3651562,263366,,https://www.last.fm/music/GRLwood,0,"queercore, punk, riot grrrl"
Born of Osiris,13317509,263323,132ca1ea-0891-420f-b129-50247bb144b5,https://www.last.fm/music/Born+of+Osiris,0,"deathcore, Progressive deathcore, metalcore"
Mc Kevinho,3664435,263229,,https://www.last.fm/music/Mc+Kevinho,0,"chernobyl, merda, lixo atomico"
Bankrol Hayden,5217880,263202,,https://www.last.fm/music/Bankrol+Hayden,0,"rap, Hip-Hop, pop"
Yoko Takahashi,3130789,263161,7004bc31-23ee-4216-8d74-0d230e88079f,https://www.last.fm/music/Yoko+Takahashi,0,"j-pop, japanese, anime"
Statik Selektah,3467431,263054,b0bc78bc-6f67-487b-a571-bdf4a24da486,https://www.last.fm/music/Statik+Selektah,0,"Hip-Hop, underground hip-hop, rap"
The Orion Experience,4979358,263042,1b80634e-1cb7-43ee-a5a8-f7ccbabf02b1,https://www.last.fm/music/The+Orion+Experience,0,"indie, pop, power pop"
The Greeting Committee,3790884,262717,,https://www.last.fm/music/The+Greeting+Committee,0,"indie rock, alternative, Kansas City"
KMD,3344151,262542,543edda0-d61e-4698-97fa-1f34a1322d20,https://www.last.fm/music/KMD,0,"Hip-Hop, underground hip-hop, hip hop"
Moow,3005610,262532,,https://www.last.fm/music/Moow,0,"hip hop, lo fi, trip-hop"
Jay & The Americans,1550031,262403,4d3279bc-b3de-45da-aa2c-2274ef08c6dd,https://www.last.fm/music/Jay+&+The+Americans,0,"oldies, 60s, classic rock"
Cosmo's Midnight,2785456,262123,6862b120-13b4-40e4-9136-b78aa23af0cb,https://www.last.fm/music/Cosmo%27s+Midnight,0,"chillwave, synthpop, chillout"
Mamonas Assassinas,5756309,262095,3abca171-d700-4a1f-aa0f-d683c37ef74d,https://www.last.fm/music/Mamonas+Assassinas,0,"rock, brazilian, comedy"
Max Cooper,4323737,262039,2d68f237-4e00-424a-a03e-d16993d1da15,https://www.last.fm/music/Max+Cooper,0,"minimal, minimal techno, techno"
Jackson C. Frank,4190798,262023,ffa665e1-79c0-44fc-b963-6740619b91f5,https://www.last.fm/music/Jackson+C.+Frank,0,"folk, singer-songwriter, acoustic"
Estopa,6019186,261949,49fc7e46-5441-4b7e-996a-12dddf22a632,https://www.last.fm/music/Estopa,0,"spanish, Flamenco, rock"
Junior M.A.F.I.A.,1213240,261857,caeb2680-8d6c-4b7e-b70e-809b2c12e0bd,https://www.last.fm/music/Junior+M.A.F.I.A.,0,"Hip-Hop, rap, Gangsta Rap"
Army of Lovers,3157399,261845,868eb0cb-c33f-4484-bc5c-48ad1147e9da,https://www.last.fm/music/Army+of+Lovers,0,"pop, dance, Disco"
Choker,4652438,261733,,https://www.last.fm/music/Choker,0,"Hip-Hop, rock, Grunge"
Veronica Maggio,15971100,261658,a04e7da2-998b-4e36-abaa-014c00b93622,https://www.last.fm/music/Veronica+Maggio,0,"swedish, pop, seen live"
Graham Nash,2208823,261609,2ed8ecda-5bb9-4d9f-8c99-0bf9b85b3624,https://www.last.fm/music/Graham+Nash,0,"singer-songwriter, classic rock, folk rock"
sped up nightcore,2175251,261604,,https://www.last.fm/music/sped+up+nightcore,0,"UK, capitalism, Nightcore"
Sarah Kinsley,3572404,261460,,https://www.last.fm/music/Sarah+Kinsley,0,"indie pop, seen live, pop"
Serebro,4575432,261326,765dc449-9ab0-4a8e-aaba-463f992d2a13,https://www.last.fm/music/Serebro,0,"pop, russian, female vocalists"
Pretty Sick,4668587,261086,,https://www.last.fm/music/Pretty+Sick,0,"indie rock, indie, alternative rock"
Sam Gellaitry,3995024,261050,d5f6180d-4ea6-46b1-bf21-f8d8c92c73c5,https://www.last.fm/music/Sam+Gellaitry,0,"future bass, trap, electronic"
Mägo de Oz,11594714,261045,fa3b825f-7c85-4377-b393-d28a2016e293,https://www.last.fm/music/M%C3%A4go+de+Oz,0,"folk metal, Power metal, spanish"
SISTAR,10248215,261016,f5bff650-07d0-4f8c-bf48-45497f465b79,https://www.last.fm/music/SISTAR,0,"k-pop, Korean, female vocalists"
Mae Stephens,1601327,260702,,https://www.last.fm/music/Mae+Stephens,0,"pop, dance, electronic"
Alison Wonderland,4623756,260170,,https://www.last.fm/music/Alison+Wonderland,0,"trap, electronic, pop"
Babytron,26658837,260132,,https://www.last.fm/music/Babytron,0,"detroit, scam rap, detroit trap"
HRVY,2597809,260097,,https://www.last.fm/music/HRVY,0,"pop, rnb, british"
Dreamgirl,2742449,260036,,https://www.last.fm/music/Dreamgirl,0,"Soundtrack, musical, USA"
Boy Harsher,7218878,259804,,https://www.last.fm/music/Boy+Harsher,0,"darkwave, synthpop, minimal synth"
Soft Machine,5017262,259617,5193ce6b-a315-4c50-ae49-54e69ffbc988,https://www.last.fm/music/Soft+Machine,0,"Progressive rock, psychedelic, jazz"
RVSSIAN,2679129,259577,,https://www.last.fm/music/RVSSIAN,0,"Reggaeton, trap, dancehall"
The Chords,1595491,259322,c37b0a84-3eaf-4495-99f0-5a8158698864,https://www.last.fm/music/The+Chords,0,"mod revival, mod, doo wop"
EnRa,2215449,259007,,https://www.last.fm/music/EnRa,0,"Lo-Fi, electronic, chill"
Jorge Drexler,9127817,259000,abb91078-f7db-41f2-8f07-7f37bb739143,https://www.last.fm/music/Jorge+Drexler,0,"cantautor, latin, singer-songwriter"
VAllEY,6378187,258906,fde59888-03dd-4e79-9b70-789249fc9530,https://www.last.fm/music/VAllEY,0,"melodic hardcore, indie pop, pop"
VANO 3000,1764229,258850,,https://www.last.fm/music/VANO+3000,0,"Hip-Hop, indie, Lo-Fi"
itssvd,2752479,258743,,https://www.last.fm/music/itssvd,0,USA
Scott BradLee's Postmodern Jukebox,6427757,258641,,https://www.last.fm/music/Scott+BradLee%27s+Postmodern+Jukebox,0,"swing, jazz, covers"
42 Dugg,7447342,258598,,https://www.last.fm/music/42+Dugg,0,"rap, Hip-Hop, detroit"
Enslaved,13667716,258470,aa486a81-b927-4aa9-83c4-7fbc91c3a8fa,https://www.last.fm/music/Enslaved,0,"black metal, viking metal, progressive black metal"
Thomas Bergersen,9250670,258187,152f56df-321c-45d9-8fe0-6076c9b45b08,https://www.last.fm/music/Thomas+Bergersen,0,"Soundtrack, epic, Trailer Music"
Dorothy Ashby,2748367,258028,c0b33447-18d5-4d50-93c1-a9aa7463bd48,https://www.last.fm/music/Dorothy+Ashby,0,"jazz, harp, soul"
Vintage Culture,4447713,258002,,https://www.last.fm/music/Vintage+Culture,0,"House, deep house, brazil"
Curtis Harding,2915881,258000,3381882a-9e5a-44f9-b383-89759edf1dbd,https://www.last.fm/music/Curtis+Harding,0,"soul, seen live, indie"
London After Midnight,6039907,257879,8688124b-dcff-4a39-9f30-4825d445014f,https://www.last.fm/music/London+After+Midnight,0,"Gothic Rock, darkwave, Gothic"
Stephan Moccio,1971409,257738,dd03ca01-e54a-4960-b1d0-5e7d7f0181e4,https://www.last.fm/music/Stephan+Moccio,0,"piano, Classical, new age"
Tropkillaz,3480636,257700,b2152f2d-c2c6-46fa-b3cf-44055c2c86af,https://www.last.fm/music/Tropkillaz,0,"trap, brazilian, Tropical Bass"
Louie Zong,4765297,257696,,https://www.last.fm/music/Louie+Zong,0,"electronic, acoustic, chill"
Marlon Craft,2772673,257632,,https://www.last.fm/music/Marlon+Craft,0,"Hip-Hop, rap, Jazz Hop"
Vaundy,7054103,257630,,https://www.last.fm/music/Vaundy,0,"japanese, j-pop, japan"
happysad,28921967,257593,a800acf3-ca6c-4617-92cd-138df973404f,https://www.last.fm/music/happysad,0,"rock, polish, alternative"
Rayland Baxter,2569208,257457,9dd9a2fb-891e-44d8-97ef-ca1d69aa2d7a,https://www.last.fm/music/Rayland+Baxter,0,"Alt-country, indie, americana"
ORANGE RANGE,6306889,257420,fee8e811-a2dc-4c09-8484-3c2aca38c3f9,https://www.last.fm/music/ORANGE+RANGE,0,"J-rock, japanese, j-pop"
Tennessee Ernie Ford,1842727,257394,947163f5-f306-4d78-a316-8c3fb317ae50,https://www.last.fm/music/Tennessee+Ernie+Ford,0,"country, classic country, 50s"
Cookiee Kawaii,2125039,257325,,https://www.last.fm/music/Cookiee+Kawaii,0,"jersey club, Hip-Hop, electronic"
Hiko,2482038,257152,854655fb-6623-4596-b21b-8ef1b4faaceb,https://www.last.fm/music/Hiko,0,"chillout, Korean, k-pop"
Secos & Molhados,5766298,257120,6840dcbe-3aca-4057-8d16-4799c3730e3a,https://www.last.fm/music/Secos+&+Molhados,0,"mpb, psychedelic, brazilian"
NX Zero,11450954,257104,cacb7214-2881-44f3-9dfc-053e22449acb,https://www.last.fm/music/NX+Zero,0,"rock, emo, brazilian"
DLJ,1890359,257009,,https://www.last.fm/music/DLJ,0,"salsa, latin, spanish"
Lofi Fruits Music,16400191,256958,,https://www.last.fm/music/Lofi+Fruits+Music,0,"Lo-Fi, electronic, pop"
Romare,3190724,256890,b014d579-b549-4b21-b90d-5264e0433988,https://www.last.fm/music/Romare,0,"electronic, experimental, House"
Rodríguez,3690204,256840,,https://www.last.fm/music/Rodr%C3%ADguez,0,"folk, psychedelic, singer-songwriter"
Nikolai Rimsky-Korsakov,1522340,256822,4cfe7051-f649-4d07-83b3-7a732abe7249,https://www.last.fm/music/Nikolai+Rimsky-Korsakov,0,"Classical, russian, romantic"
Elvis Depressedly,5769654,256638,531f2c87-9442-4c89-843c-56313dc58ed7,https://www.last.fm/music/Elvis+Depressedly,0,"Lo-Fi, experimental, shoegaze"
Maria Rita,6145952,256274,3c12ecf2-91da-4d4a-8462-e4d5d9e273e7,https://www.last.fm/music/Maria+Rita,0,"mpb, female vocalists, Bossa Nova"
Ricky Eat Acid,4852132,256224,c1dbfec7-c0ef-4f3a-95d3-066c228d2f3e,https://www.last.fm/music/Ricky+Eat+Acid,0,"ambient, experimental, chillwave"
DJ Premier,2785728,256125,084e06f5-3c82-4b71-bd94-dd69e7bd515e,https://www.last.fm/music/DJ+Premier,0,"Hip-Hop, turntablism, producer"
Natti Natasha,3700085,256048,,https://www.last.fm/music/Natti+Natasha,0,"Reggaeton, latin pop, pop"
ESG,2751833,255941,b3465cab-9628-447c-9897-2d18abab89d3,https://www.last.fm/music/ESG,0,"post-punk, funk, no wave"
Susan Egan,1775350,255746,ba16bbec-6966-4781-ac99-805fc48f5ace,https://www.last.fm/music/Susan+Egan,0,"Soundtrack, Broadway, showtunes"
Wintersun,10540256,255733,c054ea6b-c585-41eb-ae7e-4b0ca43308ff,https://www.last.fm/music/Wintersun,0,"Melodic Death Metal, folk metal, viking metal"
Chad Lawson,1866076,255662,1541678f-3ad3-48a7-9475-8ca43dacadcc,https://www.last.fm/music/Chad+Lawson,0,"piano, modern classical, contemporary classical"
Heatmiser,4400574,255573,99a18561-8a7d-4c30-8d3b-31bdf8c4b8ed,https://www.last.fm/music/Heatmiser,0,"indie rock, indie, alternative"
Charles & Eddie,1595198,255497,07eaca09-98e9-421a-ac3e-cc007550b2f5,https://www.last.fm/music/Charles+&+Eddie,0,"soul, pop, 90s"
Q Lazzarus,2293809,255254,,https://www.last.fm/music/Q+Lazzarus,0,"new wave, synthpop, 80s"
Call Me Karizma,5308869,254988,,https://www.last.fm/music/Call+Me+Karizma,0,"Hip-Hop, rap, alternative"
Flor,4653565,254874,70ac7e65-fe55-49af-8f4c-aab263d4a61e,https://www.last.fm/music/Flor,0,"indie, seen live, indie pop"
tricot,9179742,254797,8849da42-cbf6-452b-9220-95c7c691014b,https://www.last.fm/music/tricot,0,"math rock, japanese, indie"
Brodka,12025885,254708,2d427e9b-7ad3-49cb-8769-8fcc990cf1af,https://www.last.fm/music/Brodka,0,"polish, pop, female vocalists"
Wafia,2110522,254633,,https://www.last.fm/music/Wafia,0,"pop, australian, soul"
Em Beihold,3534442,254620,,https://www.last.fm/music/Em+Beihold,0,"indie pop, USA, american"
André Rieu,2744913,254539,0eaa4a38-6bc3-46aa-91be-563f1fa86e16,https://www.last.fm/music/Andr%C3%A9+Rieu,0,"Classical, instrumental, andre rieu"
Ambrosia,1987588,254339,bd27566e-1eaf-471f-832d-948486931f5a,https://www.last.fm/music/Ambrosia,0,"soft rock, classic rock, Progressive rock"
Michael Schulte,2835071,254280,5ea48d60-26c9-406c-aed3-a450bb5d8e86,https://www.last.fm/music/Michael+Schulte,0,"german, singer-songwriter, acoustic"
Marianas Trench,10718960,254223,e358276d-4377-4b9b-88dd-db0d17b0e3c6,https://www.last.fm/music/Marianas+Trench,0,"pop punk, Canadian, rock"
xander.,2503426,254070,,https://www.last.fm/music/xander.,0,"electronic, Lo-Fi, USA"
Catching Flies,2668376,253972,56072b4f-f0e2-486a-b90c-7670ef24068d,https://www.last.fm/music/Catching+Flies,0,"ambient, trip-hop, dream pop"
M|O|O|N,4688661,253810,162c7a95-9b96-4b7a-bac2-6f2c2e2357e7,https://www.last.fm/music/M%7CO%7CO%7CN,0,"electronic, House, acid house"
The Vaselines,3587026,253685,a70b63fd-cae7-4a5f-b338-b18343f3ee2f,https://www.last.fm/music/The+Vaselines,0,"indie, indie pop, Scottish"
kennyhoopla,3973910,253647,,https://www.last.fm/music/kennyhoopla,0,"indie, pop punk, punk"
Yehezkel Raz,1712874,253597,,https://www.last.fm/music/Yehezkel+Raz,0,"ambient, minimal, instrumental"
Vendredi sur Mer,3801389,253558,,https://www.last.fm/music/Vendredi+sur+Mer,0,"electronic, french, swiss"
Equilibrium,14117315,253460,e77a126e-7005-47c0-996d-6245372f1a51,https://www.last.fm/music/Equilibrium,0,"folk metal, viking metal, pagan metal"
¥$,1834849,253350,,https://www.last.fm/music/%C2%A5$,0,"rap, Hip-Hop, hip hop"
loote,3889710,253241,,https://www.last.fm/music/loote,0,"pop, electronic, seen live"
Boyscott,2202886,253181,,https://www.last.fm/music/Boyscott,0,"indie, surf rock, rock"
SCARLXRD,12917589,253159,,https://www.last.fm/music/SCARLXRD,0,"Trap Metal, Hip-Hop, trap"
Indochine,7200644,252998,076caf66-1bb1-4486-8f46-910c83441eab,https://www.last.fm/music/Indochine,0,"french, new wave, rock"
Fireboy Dml,3078723,252978,,https://www.last.fm/music/Fireboy+Dml,0,"nigeria, afrobeats, rap"
Camilo,4614631,252869,66287707-f62f-44f1-bc81-63489c8a4e3a,https://www.last.fm/music/Camilo,0,"pop, latin pop, treble"
The Soft Moon,5945032,252802,93eba14e-f85c-4d39-8412-5e4018c89d75,https://www.last.fm/music/The+Soft+Moon,0,"post-punk, shoegaze, coldwave"
St. Paul & The Broken Bones,3349965,252760,4486702e-7b26-43fd-babc-c0df7be0e1d9,https://www.last.fm/music/St.+Paul+&+The+Broken+Bones,0,"soul, seen live, blues"
ericdoa,21471786,252746,,https://www.last.fm/music/ericdoa,0,"digicore, hyperpop, electronic"
bad gyal,11772135,252362,,https://www.last.fm/music/bad+gyal,0,"dancehall, Reggaeton, seen live"
Tommy Genesis,4667060,252268,,https://www.last.fm/music/Tommy+Genesis,0,"rap, Hip-Hop, cloud rap"
Mk.gee,3038838,252264,,https://www.last.fm/music/Mk.gee,0,"electronic, indie, indie pop"
The Blackbyrds,1558790,252219,9e5aee7c-2dc8-48ab-b6f9-b050dc51e6fc,https://www.last.fm/music/The+Blackbyrds,0,"funk, soul, jazz-funk"
Key,11366837,252218,b9862d9e-c39a-4b6d-b039-a94b7669abda,https://www.last.fm/music/Key,0,"anime, japanese, neofolk"
Edith Whiskers,2420206,251859,,https://www.last.fm/music/Edith+Whiskers,0,"indie, UK, cover"
O.C.,2141871,251806,f804d8c0-bf16-4e15-92db-e3642d629f95,https://www.last.fm/music/O.C.,0,"Hip-Hop, rap, new york"
Smiley,2349781,251502,d591dfb9-cb02-4b71-9fd4-f9ac42b1bb46,https://www.last.fm/music/Smiley,0,"Romanian, In The Groove, dance"
The Pastels,3203459,251449,9d6108ad-dbc2-4bf1-a746-edc1044d2749,https://www.last.fm/music/The+Pastels,0,"indie pop, twee, indie"
Bktherula,6240606,251281,,https://www.last.fm/music/Bktherula,0,"rap, trap, Hip-Hop"
Leon Vynehall,3569815,251148,b98202d3-4fb4-4e32-9ff3-b9e1987d02cf,https://www.last.fm/music/Leon+Vynehall,0,"House, deep house, electronic"
Ghostface Playa,4754131,251144,,https://www.last.fm/music/Ghostface+Playa,0,"phonk, rap, russian"
Bobby Hebb,1283853,251111,d21d85ff-c0d5-4c50-a1be-93438e5d7c60,https://www.last.fm/music/Bobby+Hebb,0,"soul, 60s, oldies"
bCalm,2674717,251018,,https://www.last.fm/music/bCalm,0,"Lo-Fi, electronic, chill"
WEEDMANE,2437515,250755,,https://www.last.fm/music/WEEDMANE,0,"phonk, Hip-Hop, electronic"
Lea Michele,6609179,250640,6bb57027-e15a-40fe-974e-fa788711cb75,https://www.last.fm/music/Lea+Michele,0,"glee, pop, female vocalists"
The Revivalists,3146899,250615,ed4a08e1-2a79-4538-b519-87bb2ee0fd9d,https://www.last.fm/music/The+Revivalists,0,"rock, soul, funk"
Yves V,2386610,250500,c441b5cf-876e-4d41-b90c-04300e72691d,https://www.last.fm/music/Yves+V,0,"House, electronic, dance"
Lontalius,3748112,250480,,https://www.last.fm/music/Lontalius,0,"New Zealand, indie, too young to be this good"
Lewis Del Mar,3083580,250414,,https://www.last.fm/music/Lewis+Del+Mar,0,"pop, experimental, indie"
XYLØ,3631254,250402,,https://www.last.fm/music/XYL%C3%98,0,"pop, electronic, indie"
Paulo Londra,9213103,250309,,https://www.last.fm/music/Paulo+Londra,0,"argentina, trap, Hip-Hop"
Jack Wall,6683423,250286,a173a2b0-a6c0-403b-911a-1d01c82918a6,https://www.last.fm/music/Jack+Wall,0,"Soundtrack, video game music, ambient"
Lilly Wood and The Prick,1685351,250279,,https://www.last.fm/music/Lilly+Wood+and+The+Prick,0,"french, indie, indie pop"
roy blair,4051702,249760,,https://www.last.fm/music/roy+blair,0,"indie pop, indie, american"
brakence,22857936,249743,,https://www.last.fm/music/brakence,0,"emo rap, pop, indie"
Dagny,3554756,249710,,https://www.last.fm/music/Dagny,0,"pop, electronic, female vocalists"
AJ Mitchell,3071441,249681,,https://www.last.fm/music/AJ+Mitchell,0,"teen pop, best new artist, 2019"
Roy Hargrove,1781447,249592,8cdf780e-b909-4d25-9060-e552e95b3414,https://www.last.fm/music/Roy+Hargrove,0,"jazz, trumpet, contemporary jazz"
POORSTACY,6590593,249396,,https://www.last.fm/music/POORSTACY,0,"emo rap, alternative rock, rap"
Mimi Webb,4044718,249332,,https://www.last.fm/music/Mimi+Webb,0,"pop, british, seen live"
Billy Cobham,2184638,249223,255497f8-26fb-4044-b97e-d4787d5974f6,https://www.last.fm/music/Billy+Cobham,0,"jazz, Fusion, jazz fusion"
Drama,2729665,249202,ca7176f8-cb2d-455d-8742-9afd950a5bfa,https://www.last.fm/music/Drama,0,"black metal, russian, Symphonic Black Metal"
Tibeauthetraveler,3091230,249116,,https://www.last.fm/music/Tibeauthetraveler,0,"Lo-Fi, electronic, chill"
Pokémon,3406636,249060,,https://www.last.fm/music/Pok%C3%A9mon,0,"anime, Soundtrack, japanese"
Count Bass D,2653298,249053,18c9e1ac-840d-4d30-86a0-16b2f608b20f,https://www.last.fm/music/Count+Bass+D,0,"Hip-Hop, hip hop, underground hip-hop"
Charlie Cunningham,3045589,249001,,https://www.last.fm/music/Charlie+Cunningham,0,"seen live, british, folk"
Lauren Jauregui,11054057,248975,,https://www.last.fm/music/Lauren+Jauregui,0,"pop, rnb, female vocalists"
Trinidad Cardona,2370262,248861,,https://www.last.fm/music/Trinidad+Cardona,0,"rnb, Hip-Hop, hip hop"
VaultBoy,2968625,248859,,https://www.last.fm/music/VaultBoy,0,"electronic, pop, indie pop"
salami rose joe louis,2835919,248579,,https://www.last.fm/music/salami+rose+joe+louis,0,"Neo-Psychedelia, dream pop, chillout"
Aitch,5326449,248568,,https://www.last.fm/music/Aitch,0,"indie, indie pop, seen live"
Blackway,2434538,248542,743cad8e-1e9b-4776-b517-5da008344803,https://www.last.fm/music/Blackway,0,"Italo Disco, 80s, rap"
Shame,6674188,248432,d287787d-1772-4402-92fd-102e481a3557,https://www.last.fm/music/Shame,0,"post-punk, Crank wave, seen live"
Tokischa,3505417,248274,,https://www.last.fm/music/Tokischa,0,"rap, Reggaeton, Dominican"
Enjoy,6821358,248239,cd220d6e-c656-4861-8281-949b92dd5905,https://www.last.fm/music/Enjoy,0,"experimental, indie, post-punk"
Josh A,15681226,248051,,https://www.last.fm/music/Josh+A,0,"rap, hip hop, emo rap"
Ben Rector,3593688,247861,9f478f13-554c-49fc-b5f6-fcf110010c39,https://www.last.fm/music/Ben+Rector,0,"singer-songwriter, piano rock, piano"
Letters to Cleo,2493338,247834,bdffa540-6840-4d3c-9f49-dadf6c6f087d,https://www.last.fm/music/Letters+to+Cleo,0,"alternative, rock, female vocalists"
Tommy Lefroy,2307290,247792,,https://www.last.fm/music/Tommy+Lefroy,0,"indie pop, folk, indie rock"
Libianca,2078500,247788,,https://www.last.fm/music/Libianca,0,"rnb, pop, afrobeat"
Boris Brejcha,5335432,247395,ae0d1794-c9d3-4436-94fc-ceff6130da2c,https://www.last.fm/music/Boris+Brejcha,0,"minimal, minimal techno, techno"
G.R.L.,2313043,247326,cb3fa2f4-70aa-428a-b84d-61c35e6fed14,https://www.last.fm/music/G.R.L.,0,"pop, dance, female vocalists"
80purppp,3747402,247264,,https://www.last.fm/music/80purppp,0,"Hip-Hop, rap, indie"
Pharmacist,3253658,247209,,https://www.last.fm/music/Pharmacist,0,"seen live, indie, indie rock"
Kult,28641900,247134,eb346003-b7bb-40b8-b1c8-e27f3a857fe0,https://www.last.fm/music/Kult,0,"rock, polish, alternative"
John Summit,3008899,247111,,https://www.last.fm/music/John+Summit,0,"House, chicago, electronic"
Block B,10530262,247053,977e9297-a7e4-449c-94f0-2c500245d07e,https://www.last.fm/music/Block+B,0,"k-pop, Korean, Kpop"
Goat,4436736,247026,87bec401-ccec-44be-adec-52668df89aa7,https://www.last.fm/music/Goat,0,"Psychedelic Rock, seen live, psychedelic"
João Donato,2251706,246823,9006dc24-d048-496b-8a82-e52c291db66c,https://www.last.fm/music/Jo%C3%A3o+Donato,0,"Bossa Nova, jazz, brazilian"
Towerz,2763470,246732,,https://www.last.fm/music/Towerz,0,"Lo-Fi, chill, electronic"
slushii,2992221,246534,,https://www.last.fm/music/slushii,0,"EDM, electronic, dubstep"
Magic City Hippies,2895097,246518,,https://www.last.fm/music/Magic+City+Hippies,0,"funk, indie, indie pop"
Cheryl,4888074,246388,85df56ab-e125-4169-8ac8-e6666128d526,https://www.last.fm/music/Cheryl,0,"pop, british, female vocalists"
Dorothy,3345637,246340,d60b3cac-e434-469d-8965-ead164d82a3e,https://www.last.fm/music/Dorothy,0,"rock, hard rock, blues rock"
Pharoah Sanders,2579828,246276,b3a0912a-a62a-4388-9368-7cb21ed5caf9,https://www.last.fm/music/Pharoah+Sanders,0,"jazz, free jazz, Avant-Garde Jazz"
Insomnium,22931570,246229,c1f8e226-75ea-4fe6-83ce-59c122bcbca4,https://www.last.fm/music/Insomnium,0,"Melodic Death Metal, death metal, finnish"
The Black Skirts,4133359,246110,,https://www.last.fm/music/The+Black+Skirts,0,"Korean, indie, korean indie"
Hella,5249390,246109,5063e5f6-8bf3-4539-b24f-7f821bed27f2,https://www.last.fm/music/Hella,0,"math rock, experimental, noise rock"
Cerrone,2015954,246019,9ec90f51-2c4a-495b-b478-2dfc9c07f8bc,https://www.last.fm/music/Cerrone,0,"Disco, House, 70s"
Winner,9901094,246002,acb2191f-0f55-4ec6-b7ff-ce73dea50f3e,https://www.last.fm/music/Winner,0,"k-pop, Korean, best of 2017"
Decapitated,10019771,245929,bfef61c6-53c0-4a12-9a42-1411111e7402,https://www.last.fm/music/Decapitated,0,"death metal, Technical Death Metal, Brutal Death Metal"
Snot,3254712,245891,ede553ac-e7ee-443a-9d63-765e7e31e424,https://www.last.fm/music/Snot,0,"Nu Metal, hardcore, metal"
The Orwells,3170390,245863,11375302-8f1d-421c-ad0d-172c9d815631,https://www.last.fm/music/The+Orwells,0,"Garage Rock, indie rock, indie"
Jerry Reed,2341717,245855,44419ff2-0251-49ba-933b-b09733ff9adb,https://www.last.fm/music/Jerry+Reed,0,"country, classic country, singer-songwriter"
Alcione,4176083,245838,51bde19b-feed-4e6c-99e7-84327defabe2,https://www.last.fm/music/Alcione,0,"samba, mpb, brazilian"
Fiji Blue,3998279,245774,,https://www.last.fm/music/Fiji+Blue,0,"electronic, indie pop, House"
NEFFEX,10950017,245749,,https://www.last.fm/music/NEFFEX,0,"electronic, Hip-Hop, alternative"
EF,3719113,245722,61bec393-9331-442e-b40b-dd2b7f909c79,https://www.last.fm/music/EF,0,"post-rock, instrumental, swedish"
Kataklysm,10324115,245685,91d51bc3-bfcc-49f2-b6c4-d6d205d6291b,https://www.last.fm/music/Kataklysm,0,"death metal, Melodic Death Metal, Brutal Death Metal"
Bad Wolves,4038586,245616,,https://www.last.fm/music/Bad+Wolves,0,"groove metal, alternative metal, seen live"
EXO-K,14180874,245499,254658f7-f4eb-4c62-bafb-28f57707517b,https://www.last.fm/music/EXO-K,0,"k-pop, Korean, exo-k"
The Chicks,4655431,245170,cdcd2b97-49e6-4305-be94-ae358bf00ab9,https://www.last.fm/music/The+Chicks,0,"country, folk, bluegrass"
Marcin Przybyłowicz,8134598,244984,9ce4f0c8-8ce4-461a-ba1e-10460d2399a2,https://www.last.fm/music/Marcin+Przyby%C5%82owicz,0,"Soundtrack, instrumental, electronic"
Mychael Danna,3384046,244954,45926800-aa45-4bfc-a1f1-b25416d75215,https://www.last.fm/music/Mychael+Danna,0,"Soundtrack, composer, ambient"
Dying Fetus,10702529,244817,f76167bb-c117-4022-8b6b-54c796edf5c9,https://www.last.fm/music/Dying+Fetus,0,"death metal, Brutal Death Metal, Technical Death Metal"
Sebastian Kamae,1373121,244812,,https://www.last.fm/music/Sebastian+Kamae,0,"Lo-Fi, electronic, chill"
Jacob Banks,2653566,244588,ca4d7350-e835-4af6-9cbd-1e012e597de4,https://www.last.fm/music/Jacob+Banks,0,"soul, seen live, indie"
Adam Melchor,3397274,244537,,https://www.last.fm/music/Adam+Melchor,0,"folk, indie pop, singer-songwriter"
Trevor Morris,6457985,244495,b8634d0b-e1f8-4671-9ed9-21e9a03973ed,https://www.last.fm/music/Trevor+Morris,0,"Soundtrack, instrumental, Classical"
Colin Stetson,4008485,244480,22b2f6dc-fcc2-490d-a462-f972a692ce12,https://www.last.fm/music/Colin+Stetson,0,"experimental, jazz, Avant-Garde"
Carissa's Wierd,10821122,244472,4bd31567-70a8-4007-9ac6-3c68c7fc3d45,https://www.last.fm/music/Carissa%27s+Wierd,0,"slowcore, indie, shoegaze"
Maxo,2430944,244395,11edf29b-9a18-432e-ae4f-218f609152c7,https://www.last.fm/music/Maxo,0,"chiptune, rap, Hip-Hop"
Mokita,2893066,244338,8a055cb0-d793-428b-b86d-e65e7bb78c50,https://www.last.fm/music/Mokita,0,"electronic, indie pop, post-hardcore"
Melendi,4926490,244324,86d61837-890c-4d04-aeec-30d70ad77298,https://www.last.fm/music/Melendi,0,"spanish, Flamenco, pop"
Loco,4234602,244238,a63f928a-bea6-4aba-a76d-9043270fe770,https://www.last.fm/music/Loco,0,"thrash metal, metal, Korean"
Omega,2548381,244226,fcb79530-4d92-4722-93e6-5408cee06b69,https://www.last.fm/music/Omega,0,"Progressive rock, classic rock, hungarian"
Lime Cordiale,5254313,244219,,https://www.last.fm/music/Lime+Cordiale,0,"indie, australian, indie pop"
Field Medic,4756606,244183,,https://www.last.fm/music/Field+Medic,0,"indie folk, Lo-Fi, indie"
Tony Dize,2086628,244036,0653c86d-903d-4fad-bc3c-a9db1f945809,https://www.last.fm/music/Tony+Dize,0,"Reggaeton, latin, tony dize"
JELEEL!,4421916,243930,,https://www.last.fm/music/JELEEL%21,0,"rage, Hip-Hop, rap"
Cities Aviv,6530248,243641,12416eaf-f1b6-4f20-9d00-a6e4376e765b,https://www.last.fm/music/Cities+Aviv,0,"Hip-Hop, experimental, cloud rap"
Hovvdy,3357416,243550,,https://www.last.fm/music/Hovvdy,0,"shoegaze, Lo-Fi, indie"
Getter,3120264,243427,8a05c7bb-7413-4ae0-a30e-b75e17c9e6da,https://www.last.fm/music/Getter,0,"dubstep, electronic, Brostep"
CPM 22,9006169,243271,a305918f-ce88-4834-a134-3381e34ad4e8,https://www.last.fm/music/CPM+22,0,"hardcore, rock, brazilian"
Jidenna,2188567,243194,,https://www.last.fm/music/Jidenna,0,"rnb, Hip-Hop, rap"
Nebu Kiniza,2258699,242999,,https://www.last.fm/music/Nebu+Kiniza,0,"Hip-Hop, rap, USA"
Hot Flash Heat Wave,2856287,242937,,https://www.last.fm/music/Hot+Flash+Heat+Wave,0,"indie pop, indie rock, surf rock"
Yung Bans,5713515,242937,,https://www.last.fm/music/Yung+Bans,0,"rap, Hip-Hop, trap"
Aphrodite's Child,3336845,242831,51625f3d-adfa-4096-a7b9-113f5225cc58,https://www.last.fm/music/Aphrodite%27s+Child,0,"Progressive rock, Psychedelic Rock, psychedelic"
Linearwave,1878229,242820,,https://www.last.fm/music/Linearwave,0,"Bossa Nova, ambient, Lo-Fi"
Original Broadway Cast of Hamilton,5342756,242594,,https://www.last.fm/music/Original+Broadway+Cast+of+Hamilton,0,"Broadway, musical, Soundtrack"
Monsune,2657162,242574,,https://www.last.fm/music/Monsune,0,"indie pop, bedroom pop, Neo-Soul"
L'Orchestra Cinematique,1940356,242491,407ed2bc-c978-44d3-b0ec-96ddf6c013e4,https://www.last.fm/music/L%27Orchestra+Cinematique,0,"Soundtrack, orchestral, tv and movies"
Coda,3536819,242331,f869a424-4c1e-4b7d-aae7-6e184f9e9651,https://www.last.fm/music/Coda,0,"post-hardcore, Progressive rock, hard rock"
Audrey Nuna,3546409,242108,,https://www.last.fm/music/Audrey+Nuna,0,"Hip-Hop, rap, trap"
SOJA,6547592,242017,c97c748f-d375-41a6-875d-25843f73ba6f,https://www.last.fm/music/SOJA,0,"reggae, trip-hop, dub"
Henry Jackman,5180866,241955,e596591b-3031-4d50-ae40-020d0e7ebcef,https://www.last.fm/music/Henry+Jackman,0,"Soundtrack, instrumental, composer"
Charly García,11479645,241705,f1cd52dc-49d1-4df6-93ea-3587d8fba30b,https://www.last.fm/music/Charly+Garc%C3%ADa,0,"Rock Argentino, rock, argentina"
Alaskan Tapes,1946201,241630,,https://www.last.fm/music/Alaskan+Tapes,0,"ambient, piano, downtempo"
LIL TRACY,9150825,241598,,https://www.last.fm/music/LIL+TRACY,0,"emo rap, cloud rap, Hip-Hop"
iamalex,1515091,241503,,https://www.last.fm/music/iamalex,0,"electronic, Lo-Fi, chillout"
Aluna,2422415,241358,f07b993e-fc7b-4c8f-a5d5-ff42844ac955,https://www.last.fm/music/Aluna,0,"trance, chillout, world fusion"
Jeezy,3323166,241268,dcad99e7-3c3e-4c78-bf8a-68203e17da48,https://www.last.fm/music/Jeezy,0,"rap, Hip-Hop, Dirty South"
Samuel Kim,5144574,241220,,https://www.last.fm/music/Samuel+Kim,0,"Soundtrack, cover, canada"
AsTN,3260031,241205,,https://www.last.fm/music/AsTN,0,"soul, indie, pop"
The World Is a Beautiful Place & I Am No Longer Afraid to Die,9580080,241182,f650539c-890f-4f05-b2c8-258ec098e338,https://www.last.fm/music/The+World+Is+a+Beautiful+Place+&+I+Am+No+Longer+Afraid+to+Die,0,"emo, post-rock, indie"
90sFlav,2387977,241092,,https://www.last.fm/music/90sFlav,0,"beats, Lo-Fi, Hip-Hop"
Ottorino Respighi,1523947,241045,788c380d-247b-42f0-b7a9-64881e1f0fd9,https://www.last.fm/music/Ottorino+Respighi,0,"Classical, italian, 20th Century Classical"
GLARE,3977872,240937,,https://www.last.fm/music/GLARE,0,"shoegaze, post-punk, indie rock"
Paulinho Da Viola,3499457,240795,087fc778-c1ed-4f32-bff7-19f8eeba9e57,https://www.last.fm/music/Paulinho+Da+Viola,0,"samba, mpb, brasil"
miss A,9188399,240791,5676c373-0569-4e64-9ac7-1ece03891334,https://www.last.fm/music/miss+A,0,"k-pop, Korean, female vocalists"
Anthony Gonzalez,1727165,240776,,https://www.last.fm/music/Anthony+Gonzalez,0,"electronic, shoegaze, ambient"
THE ORAL CIGARETTES,6967750,240618,,https://www.last.fm/music/THE+ORAL+CIGARETTES,0,"alternative, japanese, J-rock"
Chastity Belt,3634006,240472,944267d5-c0f0-4f4e-b3f2-7987d25d0441,https://www.last.fm/music/Chastity+Belt,0,"indie rock, post-punk, indie"
Mike Dimes,4954419,240427,,https://www.last.fm/music/Mike+Dimes,0,"rap, texas, Hip-Hop"
Blouse,3268480,240204,eff57984-2ccd-4c8e-a25d-55051ab16dd7,https://www.last.fm/music/Blouse,0,"dream pop, shoegaze, indie"
WHOKILLEDXIX,4156598,240051,,https://www.last.fm/music/WHOKILLEDXIX,0,"glitchcore, hyperpop, rap"
Lostboycrow,2180785,239932,,https://www.last.fm/music/Lostboycrow,0,"pop, soul, indie"
The Wrecks,6144686,239895,c227ed71-06c2-409e-a407-04023bc12c08,https://www.last.fm/music/The+Wrecks,0,"rock, indie rock, alternative"
Stephen,3314414,239763,e6675e9d-3f1e-4c27-a929-f00a10f55743,https://www.last.fm/music/Stephen,0,"indie, indie rock, rock"
Only The Family,5159273,239703,,https://www.last.fm/music/Only+The+Family,0,"rap, Hip-Hop, american"
Liam Lynch,1479214,239666,6e987552-beba-4cc2-900d-ac01c7b4c964,https://www.last.fm/music/Liam+Lynch,0,"comedy, rock, punk"
Sofia Carson,3392827,239641,,https://www.last.fm/music/Sofia+Carson,0,"pop, female vocalists, Disney"
Shiloh Dynasty,3251680,239557,,https://www.last.fm/music/Shiloh+Dynasty,0,"Lo-Fi, indie, chill"
Mike.,4537986,239446,,https://www.last.fm/music/Mike.,0,"Hip-Hop, rap, hip hop"
SUPERFRUIT,3229410,239383,,https://www.last.fm/music/SUPERFRUIT,0,"pop, american, youtube"
Aidan Bissett,2377459,239349,,https://www.last.fm/music/Aidan+Bissett,0,"seen live, pop, singer-songwriter"
Cosmo Pyke,3433020,239328,,https://www.last.fm/music/Cosmo+Pyke,0,"Lo-Fi, jazz, singer-songwriter"
Tommee Profitt,3344249,239249,,https://www.last.fm/music/Tommee+Profitt,0,"Soundtrack, pop, piano"
Feng Suave,3030926,239228,,https://www.last.fm/music/Feng+Suave,0,"indie, psychedelic, soul"
Seekae,3062251,239179,d4ce1ba3-e00b-4878-9585-4ef6dd77086b,https://www.last.fm/music/Seekae,0,"ambient, glitch, chillout"
Blue Hawaii,3472209,239056,1a151a4b-b482-4358-b19c-30653e7b9dc4,https://www.last.fm/music/Blue+Hawaii,0,"dream pop, chillwave, Lo-Fi"
Reflection Eternal,2473007,239036,abb70fe7-25a6-4f69-970f-e6acd1e3f7cb,https://www.last.fm/music/Reflection+Eternal,0,"Hip-Hop, rap, underground hip-hop"
Kream,2440388,238931,,https://www.last.fm/music/Kream,0,"House, norwegian, dance"
SoMo,2522894,238894,bd83292c-242b-45cd-bd8d-6bd362c60e6e,https://www.last.fm/music/SoMo,0,"pop, rnb, r&b"
Grizfolk,2333678,238885,b87e7d38-aadb-47ba-822c-6fe3e71a34a7,https://www.last.fm/music/Grizfolk,0,"indie, seen live, indie pop"
STEEZY PRIME,1964957,238800,,https://www.last.fm/music/STEEZY+PRIME,0,"Lo-Fi, electronic, chill"
The Barden Bellas,3317907,238729,8b605782-3a16-4ab9-ba28-e0c30ccbc89e,https://www.last.fm/music/The+Barden+Bellas,0,"Soundtrack, pop, a cappella"
Breakup Shoes,2654642,238641,,https://www.last.fm/music/Breakup+Shoes,0,"indie pop, indie rock, rock"
Nightcrawlers,1290177,238632,d7fd2afe-4bd4-4a01-86e8-765edac045ba,https://www.last.fm/music/Nightcrawlers,0,"House, dance, 90s"
Mazie,2612715,238628,,https://www.last.fm/music/Mazie,0,"indie pop, electronic, pop"
Binki,3021875,238503,,https://www.last.fm/music/Binki,0,"experimental, indie pop, bedroom pop"
Barrie,2007014,238435,,https://www.last.fm/music/Barrie,0,"dream pop, indie pop, indie"
Ellise,3893788,238317,,https://www.last.fm/music/Ellise,0,"indie pop, electronic, pop"
YOnaka,4316054,238277,,https://www.last.fm/music/YOnaka,0,"rock, indie rock, alternative rock"
WJSN,23254184,238239,,https://www.last.fm/music/WJSN,0,"k-pop, Korean, girl group"
Delegation,1520418,238236,0a4c7d0c-ffca-45a0-bfac-b328c4f0d219,https://www.last.fm/music/Delegation,0,"funk, Disco, soul"
Jason Isbell and The 400 Unit,5082600,238139,4c501a41-5f23-41c9-a36a-5b86e894e08d,https://www.last.fm/music/Jason+Isbell+and+The+400+Unit,0,"Alt-country, americana, Southern Rock"
They.,3381585,238134,,https://www.last.fm/music/They.,0,"rnb, Hip-Hop, rap"
Carla Morrison,5164564,238026,50ee3204-13fb-4ae3-b152-82e3fc845110,https://www.last.fm/music/Carla+Morrison,0,"indie pop, female vocalists, mexico"
Christian Kuria,3439911,237917,,https://www.last.fm/music/Christian+Kuria,0,"soul, rnb, electronic"
Loren Allred,2404901,237741,ffb45b37-1bab-4fe1-9e31-5509acb3fd94,https://www.last.fm/music/Loren+Allred,0,"Soundtrack, the voice, pop"
iLoveMakonnen,2055214,237738,047c7563-6c32-4619-a0b6-1dcf218b3e1b,https://www.last.fm/music/iLoveMakonnen,0,"Hip-Hop, rap, seen live"
Vinícius de Moraes,2242154,237736,1c01cf84-07c7-408a-b5a8-7dae0b1312fc,https://www.last.fm/music/Vin%C3%ADcius+de+Moraes,0,"Bossa Nova, mpb, brazilian"
Tirzah,3966810,237657,f697bed6-3b4e-4352-b6fb-70550afd8dcb,https://www.last.fm/music/Tirzah,0,"rnb, alternative rnb, electronic"
Arcade Player,4024701,237500,,https://www.last.fm/music/Arcade+Player,0,"chiptune, 8-bit, video game music"
Edward Elgar,1634054,237491,4e60a56a-514a-4a19-a3cc-49927c96b3cb,https://www.last.fm/music/Edward+Elgar,0,"Classical, romantic, british"
Veil of Maya,12140315,237379,32e740e5-95ea-42e3-b5e2-29f6630488e4,https://www.last.fm/music/Veil+of+Maya,0,"deathcore, Progressive deathcore, metalcore"
Kara,12137120,237339,b1146ed6-d34f-4d8b-a3f4-b9696b76c82a,https://www.last.fm/music/Kara,0,"k-pop, Korean, female vocalists"
August Alsina,3303046,237325,7c24178a-8658-4e7f-889f-82013f8fd3f6,https://www.last.fm/music/August+Alsina,0,"Hip-Hop, rnb, r&b"
Sunflower Bean,2636932,237302,,https://www.last.fm/music/Sunflower+Bean,0,"indie rock, Psychedelic Rock, psychedelic"
Cold Cave,5357670,237221,f7f32d93-0801-45cb-9f5a-e68f640649f4,https://www.last.fm/music/Cold+Cave,0,"electronic, darkwave, synthpop"
Sueco,10181457,237073,,https://www.last.fm/music/Sueco,0,"rap, Hip-Hop, hip hop"
Andy Stott,7411240,237051,ecf5ab37-019f-4cc1-9fdc-218de6a41b65,https://www.last.fm/music/Andy+Stott,0,"dub techno, techno, minimal techno"
Mykey,2428630,237047,,https://www.last.fm/music/Mykey,0,"rock, indie, alternative"
Toosii,4597112,236833,,https://www.last.fm/music/Toosii,0,"rap, Hip-Hop, hip hop"
Shrimp,4204597,236822,ed904422-d30f-443f-bc11-2ae375f79a31,https://www.last.fm/music/Shrimp,0,"mathcore, experimental, punk"
Ezra Furman,4401395,236787,45fc1a1c-6b33-4a2b-b517-d8bca372b7b0,https://www.last.fm/music/Ezra+Furman,0,"seen live, folk, indie rock"
DJ Zinc,1646868,236688,174d9bdb-4e9c-4c42-8e6a-a29db39bdda5,https://www.last.fm/music/DJ+Zinc,0,"Drum and bass, jungle, dnb"
Adoniran Barbosa,3665262,236661,b3cf1138-7300-4c6a-9f5d-79457848499b,https://www.last.fm/music/Adoniran+Barbosa,0,"samba, mpb, brasil"
Vize,3306877,236553,,https://www.last.fm/music/Vize,0,"House, german, electronic"
Turma do Pagode,5839062,236454,f8c99355-d4b3-433d-bef5-b584f915f509,https://www.last.fm/music/Turma+do+Pagode,0,"Pagode, turma do pagode, samba"
Crim3s,4323796,236355,a79f19c4-e7eb-4b02-ac79-d4f3db6988d0,https://www.last.fm/music/Crim3s,0,"witch house, electronic, shoegaze"
You'll Never Get to Heaven,3924976,236133,,https://www.last.fm/music/You%27ll+Never+Get+to+Heaven,0,"dream pop, Lo-Fi, ambient"
Daveed Diggs,2256720,235922,,https://www.last.fm/music/Daveed+Diggs,0,"Hip-Hop, rap, underground hip-hop"
Mario Judah,2684653,235907,,https://www.last.fm/music/Mario+Judah,0,"nsbm, black metal, queercore"
The Dead Texan,3043155,235786,18c2f08b-bdac-4877-9865-e5461317c1a6,https://www.last.fm/music/The+Dead+Texan,0,"ambient, post-rock, drone"
Heavenly,4390679,235596,d1a0301e-1167-42e8-bf89-c7835e0d3485,https://www.last.fm/music/Heavenly,0,"Power metal, twee, indie pop"
Strike,3809786,235558,f7299e65-7d63-4745-9ab9-9be622ea691a,https://www.last.fm/music/Strike,0,"rock, brazilian, pop punk"
Lang Lang,1831645,235496,43e1570a-1a0d-479f-9c95-fba971aec91a,https://www.last.fm/music/Lang+Lang,0,"piano, Classical, classical piano"
Spill Tab,2647755,235371,,https://www.last.fm/music/Spill+Tab,0,"indie pop, Lo-Fi, french"
Jazmin Bean,6348259,235346,,https://www.last.fm/music/Jazmin+Bean,0,"experimental, alternative, pop"
Colter Wall,6896615,235339,,https://www.last.fm/music/Colter+Wall,0,"country, americana, canada"
Kailee Morgue,3237152,235326,,https://www.last.fm/music/Kailee+Morgue,0,"indie, pop, indie pop"
Andra Day,1581940,235231,,https://www.last.fm/music/Andra+Day,0,"soul, rnb, jazz"
Patrick Hernandez,1094685,235132,77cc643d-8e35-45e0-ae52-a8cf1e38f87a,https://www.last.fm/music/Patrick+Hernandez,0,"Disco, 70s, dance"
Marduk,15190861,235118,b7dc7c76-53f1-49ac-8dc2-d469ed7f8e65,https://www.last.fm/music/Marduk,0,"black metal, metal, swedish"
MC ORSEN,3255490,234896,,https://www.last.fm/music/MC+ORSEN,0,"phonk, russian, electronic"
S N U G,2719033,234817,,https://www.last.fm/music/S+N+U+G,0,"Lo-Fi, electronic, lofi"
flower face,4505668,234815,,https://www.last.fm/music/flower+face,0,"dream pop, folk, female vocalists"
Laurel Halo,4342770,234787,cb5704af-3ef1-485f-bb7f-e43cf40170a7,https://www.last.fm/music/Laurel+Halo,0,"experimental, electronic, witch house"
Todrick Hall,4365748,234684,839a52ca-7c45-4b4c-8ba8-fee75d7627ef,https://www.last.fm/music/Todrick+Hall,0,"American Idol, pop, rap"
Brittany Howard,2214701,234582,,https://www.last.fm/music/Brittany+Howard,0,"soul, blues, blues rock"
Eloy,3419164,234445,e6324233-770e-4105-9dd8-34d70fe73d40,https://www.last.fm/music/Eloy,0,"Progressive rock, space rock, krautrock"
Ney Matogrosso,3797683,234375,67e97898-3bb5-412a-a51e-95a7b59a1bef,https://www.last.fm/music/Ney+Matogrosso,0,"mpb, brasil, brazilian"
Capsule,13864347,234242,dc879b7e-7560-4b72-975e-0799476c68cc,https://www.last.fm/music/Capsule,0,"electronic, japanese, shibuya-kei"
Emily King,2453917,234139,1b7de629-8e8a-4748-b402-bd58de30e5f1,https://www.last.fm/music/Emily+King,0,"soul, Neo-Soul, rnb"
This Is the Kit,2702603,233946,c7a4dcf7-61f8-4126-bec8-3bfa3b18284a,https://www.last.fm/music/This+Is+the+Kit,0,"seen live, folk, singer-songwriter"
Aleks Syntek,2356292,233941,2fae3969-96cb-4dea-91c8-9108848de808,https://www.last.fm/music/Aleks+Syntek,0,"pop, latin, spanish"
The Irish Rovers,2594994,233899,500d2b10-b0fb-4615-a1a6-fa226a620d32,https://www.last.fm/music/The+Irish+Rovers,0,"irish, folk, celtic"
Rameses B,4968069,233842,bbd9a0a9-3605-4c3f-b9d0-48eb928a5275,https://www.last.fm/music/Rameses+B,0,"Drum and bass, dubstep, chillstep"
Tom Morello,1824894,233725,42a636a0-dbe4-4d0c-abe2-1590fad9531b,https://www.last.fm/music/Tom+Morello,0,"rock, great guitarists, alternative"
Gatlin,2566824,233540,,https://www.last.fm/music/Gatlin,0,"indie pop, indie, rock"
Carl Maria von Weber,1226873,233353,c2d17829-1424-435b-9386-c77d3a920abe,https://www.last.fm/music/Carl+Maria+von+Weber,0,"Classical, romantic, opera"
Pablo Alborán,5153149,233200,c62936e1-7f2a-4c99-b09b-a5bc85d6c1f3,https://www.last.fm/music/Pablo+Albor%C3%A1n,0,"spanish, pop, latin"
The Hunna,4181394,233109,,https://www.last.fm/music/The+Hunna,0,"indie rock, rock, indie"
Maya Hawke,4982949,233062,,https://www.last.fm/music/Maya+Hawke,0,"folk, indie, singer-songwriter"
Ikimonogakari,3352250,232912,,https://www.last.fm/music/Ikimonogakari,0,"j-pop, japanese, female vocalists"
Marteria,7327855,232878,58cc01f7-673c-4960-b913-4bc68118642a,https://www.last.fm/music/Marteria,0,"seen live, Deutschrap, rap"
Lincoln,3878994,232816,87e6218e-2fde-44c6-aab8-16f4f47934ad,https://www.last.fm/music/Lincoln,0,"emo, hardcore, post-hardcore"
Phum Viphurit,3334402,232232,,https://www.last.fm/music/Phum+Viphurit,0,"indie pop, thai, indie"
Tim Hardin,1823869,232217,8f4be405-84d5-4cac-bdf9-bf02d9e04962,https://www.last.fm/music/Tim+Hardin,0,"folk, singer-songwriter, 60s"
Tamaryn,3810627,232144,ec0b5da9-c023-45b7-b5ac-f53657a42938,https://www.last.fm/music/Tamaryn,0,"shoegaze, dream pop, experimental"
the GazettE,39293289,232135,8d4c13de-6e61-4a8e-ac4d-d0e1996bcef8,https://www.last.fm/music/the+GazettE,0,"J-rock, visual kei, japanese"
Mark Knight,1553918,232098,e507d880-398e-40fe-bda9-aa93920c7d2b,https://www.last.fm/music/Mark+Knight,0,"House, electronic, dance"
Radiator Hospital,5384962,232044,98f42ac3-7892-475e-ab47-0a55a3478b18,https://www.last.fm/music/Radiator+Hospital,0,"Lo-Fi, pop punk, indie"
Mod Sun,4270755,231796,,https://www.last.fm/music/Mod+Sun,0,"pop punk, Hip-Hop, seen live"
Jenevieve,3332726,231795,,https://www.last.fm/music/Jenevieve,0,"rnb, soul, USA"
All Them Witches,5851384,231736,b574bfea-2359-4e9d-93f6-71c3c9a2a4f0,https://www.last.fm/music/All+Them+Witches,0,"Stoner Rock, Psychedelic Rock, blues rock"
C4C,1643398,231670,,https://www.last.fm/music/C4C,0,"Lo-Fi, chill, chillout"
Hobo Johnson,5875347,231605,,https://www.last.fm/music/Hobo+Johnson,0,"Hip-Hop, hip hop, rap"
Casey Veggies,2049094,231523,67c6a1f0-7910-4c52-a651-2b7ec819e647,https://www.last.fm/music/Casey+Veggies,0,"Hip-Hop, ofwgkta, hip hop"
Will Joseph Cook,2298616,231504,,https://www.last.fm/music/Will+Joseph+Cook,0,"indie pop, seen live, indie"
Taeyong,7217633,231503,,https://www.last.fm/music/Taeyong,0,"NCT, Korean, k-pop"
Luude,2744812,231487,,https://www.last.fm/music/Luude,0,"Drum and bass, electronic, dnb"
Framed,2435888,231366,b4cc9e0b-57d0-4694-bb8a-9a69fe1e0793,https://www.last.fm/music/Framed,0,"alternative rock, modern rock, heavy metal"
Punkinloveee,3839657,231361,,https://www.last.fm/music/Punkinloveee,0,"scenecore, hyperpop, glitchcore"
Blitz,3135554,231356,d1c161c0-f4ae-497c-a7eb-7ef6bd09d7a0,https://www.last.fm/music/Blitz,0,"Oi, punk, street punk"
GIRLi,3742889,231354,,https://www.last.fm/music/GIRLi,0,"pop, electronic, bubblegum pop"
Kute,3488524,231183,,https://www.last.fm/music/Kute,0,"phonk, punk, cute"
Maria Gadú,5309341,230936,0ce85418-ebcc-4dea-96f0-6ab43e661cb2,https://www.last.fm/music/Maria+Gad%C3%BA,0,"mpb, female vocalists, singer-songwriter"
Giles Corey,6288953,230914,d9225474-b3c0-439a-bb3a-cbb34977bc7b,https://www.last.fm/music/Giles+Corey,0,"folk, ambient, shoegaze"
Underscores,10127946,230795,,https://www.last.fm/music/Underscores,0,"hyperpop, electronic, indie pop"
Chet Atkins,2383797,230757,5810667a-9db6-4fd0-abac-667cdac5d415,https://www.last.fm/music/Chet+Atkins,0,"country, guitar, instrumental"
Cousin Stizz,2200946,230754,,https://www.last.fm/music/Cousin+Stizz,0,"rap, Hip-Hop, trap"
Los Ángeles Azules,4141069,230739,dcb5e5c6-5f21-4266-b5b6-556f54a6b6b5,https://www.last.fm/music/Los+%C3%81ngeles+Azules,0,"cumbia, mexico, spanish"
Bolt Thrower,13808507,230667,68bd8072-0412-44b1-81dd-807aa6c1918c,https://www.last.fm/music/Bolt+Thrower,0,"death metal, old school death metal, metal"
Little Big,6882698,230516,cbe51088-e4d8-463e-9f4e-e83fa64d3f5e,https://www.last.fm/music/Little+Big,0,"electronic, Rave, russian"
Mid-Air Thief,5373456,230509,,https://www.last.fm/music/Mid-Air+Thief,0,"folktronica, psychedelic folk, Neo-Psychedelia"
Belchior,8321559,230503,d51c2d7f-921e-4f24-9fe7-92efc5189708,https://www.last.fm/music/Belchior,0,"mpb, brazilian, brasil"
Ruby Haunt,2955390,230449,,https://www.last.fm/music/Ruby+Haunt,0,"dream pop, slowcore, indie rock"
Muni Long,2770583,230369,,https://www.last.fm/music/Muni+Long,0,"rnb, soul, rap"
Brave Girls,8024364,230294,b197e6b9-3dd6-4bf2-80db-7c556f065399,https://www.last.fm/music/Brave+Girls,0,"k-pop, Korean, pop"
The West Coast Pop Art Experimental Band,2259796,230264,b57bb478-ff2c-46e6-ae67-653f9e873325,https://www.last.fm/music/The+West+Coast+Pop+Art+Experimental+Band,0,"Psychedelic Rock, psychedelic, 60s"
Mc Don Juan,3739064,230143,,https://www.last.fm/music/Mc+Don+Juan,0,"funk, brazilian, baile funk"
jaeden camstra,1939965,230126,,https://www.last.fm/music/jaeden+camstra,0,"hip hop, instrumental hip-hop, beats"
6 dogs,6442795,230063,,https://www.last.fm/music/6+dogs,0,"cloud rap, Hip-Hop, rap"
Piso 21,3692012,230007,,https://www.last.fm/music/Piso+21,0,"Reggaeton, latin, pop"
Mini Mansions,2793107,229929,5ff254a2-e2cd-428c-9a2b-d18881f028f6,https://www.last.fm/music/Mini+Mansions,0,"seen live, psychedelic, indie"
Mariah the Scientist,6662837,229798,,https://www.last.fm/music/Mariah+the+Scientist,0,"rnb, soul, pop"
Tamino,6677990,229767,,https://www.last.fm/music/Tamino,0,"seen live, folk, singer-songwriter"
Killstation,8199608,229767,,https://www.last.fm/music/Killstation,0,"cloud rap, Hip-Hop, rap"
Scandal,8614608,229722,d4c7c69d-a1f9-4717-a409-0346fd90d517,https://www.last.fm/music/Scandal,0,"J-rock, japanese, j-pop"
Spencer.,1804576,229707,,https://www.last.fm/music/Spencer.,0,"Lo-Fi, Hip-Hop, hip hop"
Psychic TV,4862314,229690,14c5a3a3-f5ed-4978-99af-486010e3a007,https://www.last.fm/music/Psychic+TV,0,"industrial, experimental, psychedelic"
Kevin Macleod,3211498,229635,8292bf44-2dd1-4bad-8019-276ec38f28e7,https://www.last.fm/music/Kevin+Macleod,0,"instrumental, ambient, jazz"
Miranda!,9225035,229503,226ab2f2-592b-4323-94f9-5b3f0ef86158,https://www.last.fm/music/Miranda%21,0,"pop, electropop, argentina"
Swmrs,3572198,229455,,https://www.last.fm/music/Swmrs,0,"pop punk, seen live, punk rock"
April,5744485,229444,ffa7e594-d6ec-47e3-9e9c-2cf7f6572bf3,https://www.last.fm/music/April,0,"hardcore, hardcore punk, Straight Edge"
Lord Finesse,1728564,229386,bcd09d6f-ee04-4418-a39d-4ecb57747116,https://www.last.fm/music/Lord+Finesse,0,"Hip-Hop, rap, underground hip-hop"
Cub Sport,2909692,229366,,https://www.last.fm/music/Cub+Sport,0,"australian, pop, indie pop"
T.S.O.L.,3289503,229308,e3207b63-ab05-42bc-924e-b1299b89c406,https://www.last.fm/music/T.S.O.L.,0,"punk, punk rock, hardcore punk"
Soul for Real,1392624,229294,23c598be-b0ba-4067-8566-348e272a663f,https://www.last.fm/music/Soul+for+Real,0,"rnb, 90s, soul"
Burak Yeter,2005493,229248,,https://www.last.fm/music/Burak+Yeter,0,"House, turkish, electronic"
Daniel Avery,4163410,229177,3e7aa4a4-5b7e-46a3-a7ff-c57044fa1b64,https://www.last.fm/music/Daniel+Avery,0,"techno, electronic, House"
Greentea Peng,3310921,229093,,https://www.last.fm/music/Greentea+Peng,0,"rnb, soul, female vocalists"
lunar vacation,2853414,229082,,https://www.last.fm/music/lunar+vacation,0,"dream pop, indie pop, indie"
Protomartyr,8888671,228996,9efaf639-6332-44b8-94ae-c25896320ca7,https://www.last.fm/music/Protomartyr,0,"post-punk, seen live, Crank wave"
kyary pamyu pamyu,5768136,228865,10e2d18c-7a8c-4d26-bb4a-450bb6851cb2,https://www.last.fm/music/kyary+pamyu+pamyu,0,"j-pop, japanese, pop"
timmies,3090105,228788,,https://www.last.fm/music/timmies,0,"Lo-Fi, beats, chill"
ivri,1198944,228637,,https://www.last.fm/music/ivri,0,"electronic, shoegaze, pop"
La La Land Cast,2146761,228601,,https://www.last.fm/music/La+La+Land+Cast,0,"jazz, Soundtrack, swing"
PINKFONG,3771654,228490,,https://www.last.fm/music/PINKFONG,0,"grindcore, kids, Educational"
Bass Santana,2765670,228313,,https://www.last.fm/music/Bass+Santana,0,"Members only, Hip-Hop, rap"
Yung Bleu,2695112,228292,,https://www.last.fm/music/Yung+Bleu,0,"rap, Hip-Hop, rnb"
Finding hope,2269427,228225,,https://www.last.fm/music/Finding+hope,0,"electronic, ambient, chillout"
Juice Newton,1521220,228182,80f71f44-b3cd-4386-9768-b3398180f708,https://www.last.fm/music/Juice+Newton,0,"country, female vocalists, 80s"
Weval,4701745,228102,cda72260-9583-4fc5-95a2-ce5de94d7c99,https://www.last.fm/music/Weval,0,"seen live, techno, downtempo"
SAGUN,1973615,228037,,https://www.last.fm/music/SAGUN,0,"chill, Lo-Fi, nepal"
Brooke Candy,6189412,227908,4298f9c0-4311-4411-9153-da73775b0b0c,https://www.last.fm/music/Brooke+Candy,0,"Hip-Hop, rap, female vocalists"
Shinsei Kamattechan,4577778,227885,,https://www.last.fm/music/Shinsei+Kamattechan,0,"japanese, J-rock, rock"
Red Garland,1642940,227880,d9399921-2d82-437e-825e-16daff591a0c,https://www.last.fm/music/Red+Garland,0,"jazz, jazz piano, piano"
Balance and Composure,10475928,227839,0d20c42d-133c-429d-8f76-3c2458aee3e8,https://www.last.fm/music/Balance+and+Composure,0,"post-hardcore, emo, indie"
Mormor,2176833,227624,,https://www.last.fm/music/Mormor,0,"indie pop, indie, pop"
Nymano,2100556,227615,,https://www.last.fm/music/Nymano,0,"instrumental, beats, french"
Silver,1772656,227498,fa5b7341-0fea-4df0-ba74-425bbfd4918f,https://www.last.fm/music/Silver,0,"seen live, rock, norwegian"
June,2876738,227497,a39697c5-ec30-4628-97bd-056fb5faa0f7,https://www.last.fm/music/June,0,"seen live, emo, pop punk"
VEDO,2378476,227482,d8b0d6bd-91a8-4b8f-b943-9a791eed288b,https://www.last.fm/music/VEDO,0,"rnb, pop, soul"
mellow fellow,2323144,227477,,https://www.last.fm/music/mellow+fellow,0,"indie pop, indie, hypnagogic pop"
Rain,2959512,227441,fce0cf02-b15d-45cb-98eb-64811e435531,https://www.last.fm/music/Rain,0,"k-pop, Korean, emo"
Midge Ure,1925204,227336,24cac374-29bd-499f-a0f8-72165d2f2f43,https://www.last.fm/music/Midge+Ure,0,"new wave, 80s, pop"
Zapp,1467344,227325,e89e79d4-04c1-4bc3-9be1-a15899c93d8f,https://www.last.fm/music/Zapp,0,"funk, soul, 80s"
Dance With The Dead,10423419,227188,f7ab8acf-e859-468d-b335-d2dcc7671cb1,https://www.last.fm/music/Dance+With+The+Dead,0,"synthwave, electronic, synthpop"
Kanisan,2074315,227136,,https://www.last.fm/music/Kanisan,0,"Lo-Fi, electronic, chill"
Hazel English,2558671,227081,,https://www.last.fm/music/Hazel+English,0,"dream pop, indie pop, female vocalists"
Flamingosis,3099491,227064,,https://www.last.fm/music/Flamingosis,0,"Hip-Hop, beats, instrumental hip-hop"
Shaun,3152082,227062,b9c8f785-0ef8-4f88-922c-64e9e71a58de,https://www.last.fm/music/Shaun,0,"k-pop, Korean, electronic"
Sidney Gish,6573148,227044,,https://www.last.fm/music/Sidney+Gish,0,"indie pop, singer-songwriter, twee pop"
Hojean,5490680,226914,,https://www.last.fm/music/Hojean,0,"indie, pop, soul"
Ana Gabriel,2376987,226900,3c6a29ce-5056-4d07-9be5-81393956dd4e,https://www.last.fm/music/Ana+Gabriel,0,"latin, mexico, Ana Gabriel"
Moose Blood,5933792,226872,c649f061-c881-4cdb-9812-736b4f04b4b8,https://www.last.fm/music/Moose+Blood,0,"emo, seen live, indie"
Northlane,14712500,226871,f4e44995-1890-42a0-a6c1-9185b71655fa,https://www.last.fm/music/Northlane,0,"metalcore, Progressive Metalcore, australian"
Nothing More,6055141,226865,6def3fa9-836f-4b50-8815-b96cc92e63b8,https://www.last.fm/music/Nothing+More,0,"Progressive rock, alternative rock, alternative metal"
John K,2516797,226836,,https://www.last.fm/music/John+K,0,"indie pop, Lo-Fi, pop"
Fox Stevenson,7316937,226828,0328349c-0d97-406b-9182-2be9025f7504,https://www.last.fm/music/Fox+Stevenson,0,"dubstep, Drum and bass, liquid funk"
Angelo De Augustine,2645429,226735,,https://www.last.fm/music/Angelo+De+Augustine,0,"folk, singer-songwriter, Lo-Fi"
Moondeity,4450122,226575,,https://www.last.fm/music/Moondeity,0,"phonk, Ukrainian, ukrainian phonk"
HEVI,2366433,226541,2b374ca0-aad8-42ba-bb06-99a8fd770b36,https://www.last.fm/music/HEVI,0,"Lo-Fi, electronic, chill"
Genesis Owusu,5624292,226477,,https://www.last.fm/music/Genesis+Owusu,0,"funk, Neo-Soul, Hip-Hop"
Walter Wanderley,1899040,226438,9e031ad0-8f7f-44ab-905e-6ed093eca2e3,https://www.last.fm/music/Walter+Wanderley,0,"Bossa Nova, jazz, lounge"
Hyolyn,5130711,226436,75aff57c-d397-4e6c-b5fc-1f32d7761512,https://www.last.fm/music/Hyolyn,0,"k-pop, Korean, pop"
Lauren Spencer Smith,3029938,226202,,https://www.last.fm/music/Lauren+Spencer+Smith,0,"pop, british, Canadian"
Flovry,2004591,226193,,https://www.last.fm/music/Flovry,0,"Lo-Fi, chill, electronic"
Harrison Storm,1852016,226141,,https://www.last.fm/music/Harrison+Storm,0,"indie, australian, singer-songwriter"
The Beths,7154084,226022,,https://www.last.fm/music/The+Beths,0,"seen live, indie rock, New Zealand"
Jubël,1941370,225970,,https://www.last.fm/music/Jub%C3%ABl,0,"pop, electronic, dance"
Spacey Jane,7214430,225925,,https://www.last.fm/music/Spacey+Jane,0,"indie rock, seen live, indie"
Quadeca,15429820,225868,,https://www.last.fm/music/Quadeca,0,"folktronica, emo rap, trap"
Sonny Fodera,1965488,225816,bd804804-588f-423f-9f62-66ba93b4a5a4,https://www.last.fm/music/Sonny+Fodera,0,"House, deep house, electronic"
"Woe, Is Me",6242374,225782,,"https://www.last.fm/music/Woe,+Is+Me",0,"post-hardcore, electronic, screamo"
Bury Tomorrow,11639240,225658,95c4e9ef-291b-4f94-8bc9-2b00e76eacb0,https://www.last.fm/music/Bury+Tomorrow,0,"metalcore, melodic metalcore, hardcore"
Ren,4836249,225644,dd43c3fc-8079-4815-b240-a2aa75feaeff,https://www.last.fm/music/Ren,0,"rap, rnb, british"
demxntia,3889077,225570,,https://www.last.fm/music/demxntia,0,"alternative rnb, Hip-Hop, pop"
Pearly Drops,2829577,225445,,https://www.last.fm/music/Pearly+Drops,0,"electronic, indie pop, dream pop"
Los Amigos Invisibles,4102293,225413,c694bf65-83e9-47d5-aeb3-bb68f78ef981,https://www.last.fm/music/Los+Amigos+Invisibles,0,"funk, latin, acid jazz"
Ricchi e poveri,2021258,225328,706fe5d6-96df-4c64-ad42-894db061e3da,https://www.last.fm/music/Ricchi+e+poveri,0,"italian, pop, 80s"
johnny goth,3792988,225286,,https://www.last.fm/music/johnny+goth,0,"dream pop, Lo-Fi, indie"
Zion,1700316,225246,f3116d70-a23c-4dae-963c-a6332ad7a26f,https://www.last.fm/music/Zion,0,"Reggaeton, latin, electronic"
Armandinho,5560097,225200,81ae3a8c-269d-41b2-9c4f-51a211787a9a,https://www.last.fm/music/Armandinho,0,"reggae, brazilian, brasil"
LF SYSTEM,2045322,225176,,https://www.last.fm/music/LF+SYSTEM,0,"electronic, dance, funk"
Old Sea Brigade,1805186,225130,,https://www.last.fm/music/Old+Sea+Brigade,0,"folk, singer-songwriter, indie folk"
Sorry,3883294,224980,cc2b8b34-ea73-421c-b1c2-3a96cd445b26,https://www.last.fm/music/Sorry,0,"post-punk, indie rock, Crank wave"
Lorne Balfe,5466381,224962,0529a9e0-befb-4d9f-b6f9-1ccd7c83053e,https://www.last.fm/music/Lorne+Balfe,0,"Soundtrack, instrumental, video game music"
Zacari,1802000,224916,,https://www.last.fm/music/Zacari,0,"rnb, soul, rap"
TesseracT,15755283,224872,f1ec4765-e5da-4591-8b50-a8ff9627dda8,https://www.last.fm/music/TesseracT,0,"Progressive metal, DJENT, math metal"
Silva,10619289,224862,fbbde98e-b62d-4a58-ac11-7b4457f03962,https://www.last.fm/music/Silva,0,"brazilian, mpb, indie"
Dschinghis Khan,1923044,224803,5898a370-5c9e-4924-97b1-c72b7e0452ca,https://www.last.fm/music/Dschinghis+Khan,0,"Disco, german, pop"
Rat boy,3264367,224715,5f6554f6-2d20-4676-8fb0-57e8f694a532,https://www.last.fm/music/Rat+boy,0,"seen live, punk, england"
Labyrinth Ear,2270256,224668,7f81aa90-dd1e-401c-af73-690affb997d6,https://www.last.fm/music/Labyrinth+Ear,0,"synthpop, electronic, Lo-Fi"
Reason,2970360,224547,f0a8b483-7022-4ad8-b2b5-52f9ad41ff6a,https://www.last.fm/music/Reason,0,"Hip-Hop, hardcore, rap"
DJ Harrison,1967844,224379,,https://www.last.fm/music/DJ+Harrison,0,"instrumental, beats, jazz"
Roger Eno,2311245,224341,796dea98-57f0-4c92-8dce-990bdbc4510a,https://www.last.fm/music/Roger+Eno,0,"ambient, new age, atmospheric"
6arelyhuman,6624024,224222,,https://www.last.fm/music/6arelyhuman,0,"scenecore, Scene, electronic"
Saiko,3032659,224213,baddb166-c828-4a70-b155-d09334508ce4,https://www.last.fm/music/Saiko,0,"rock chileno, chile, female vocalists"
Shakka,1875190,224206,03f67ecf-b6b5-4e45-91ff-44fcaebc1bf0,https://www.last.fm/music/Shakka,0,"Hip-Hop, soul, r&b"
Lecrae,5187161,224076,ffe54de6-5cee-4c0f-8329-f5946f9bc3ff,https://www.last.fm/music/Lecrae,0,"Christian Rap, Hip-Hop, christian"
Calboy,2985245,223911,,https://www.last.fm/music/Calboy,0,"Hip-Hop, rap, american"
Silvio Rodríguez,6801051,223762,42e1a761-429e-403c-971a-e85c2f748cfa,https://www.last.fm/music/Silvio+Rodr%C3%ADguez,0,"trova, cantautor, cuba"
King,2169013,223634,e6b770d2-4fb6-4416-8722-471717fdd41d,https://www.last.fm/music/King,0,"80s, new wave, pop"
Miya Folick,2229504,223618,,https://www.last.fm/music/Miya+Folick,0,"indie pop, singer-songwriter, indie"
The Menzingers,14336699,223584,3071d829-b9ca-4499-b4f5-74d6d8531aed,https://www.last.fm/music/The+Menzingers,0,"punk rock, punk, seen live"
DROELOE,5438221,223503,,https://www.last.fm/music/DROELOE,0,"electronic, dutch, trap"
Capcom Sound Team,10886868,223457,765d384a-099b-4085-9500-e81d4c8daa94,https://www.last.fm/music/Capcom+Sound+Team,0,"video game music, Soundtrack, japanese"
AyokAy,2507676,223246,,https://www.last.fm/music/AyokAy,0,"electronic, pop, Electro Pop"
Yu-Peng Chen,18058269,223106,,https://www.last.fm/music/Yu-Peng+Chen,0,"Soundtrack, video game music, composer"
Official HIGE DANdism,6021408,223104,,https://www.last.fm/music/Official+HIGE+DANdism,0,"japanese, j-pop, pop rock"
The Acacia Strain,9987844,223082,08bebce9-33fa-4ae9-9992-4e5d137d655b,https://www.last.fm/music/The+Acacia+Strain,0,"metalcore, deathcore, hardcore"
Macross 82-99,4084061,222990,,https://www.last.fm/music/Macross+82-99,0,"vaporwave, future funk, electronic"
Makoto Matsushita,2303672,222922,82192925-95b0-4a7e-9230-c026edace59d,https://www.last.fm/music/Makoto+Matsushita,0,"city pop, jazz, funk"
Elohim,2691742,222855,d8dc4a82-9bdb-491d-96c4-129a53639a99,https://www.last.fm/music/Elohim,0,"electronic, electropop, pop"
Lucas & Steve,2707187,222849,,https://www.last.fm/music/Lucas+&+Steve,0,"House, dutch, dance"
RŮDE,2286038,222844,,https://www.last.fm/music/R%C5%AEDE,0,"Lo-Fi, american"
Vestron Vulture,2621401,222838,457bd07c-0efc-4d59-9798-b941381cc17a,https://www.last.fm/music/Vestron+Vulture,0,"synthwave, electronic, post-punk"
D.O.,12199483,222681,ba171209-9884-42ba-b80d-a7373472a774,https://www.last.fm/music/D.O.,0,"exo, k-pop, Korean"
Sleepermane,1618913,222472,,https://www.last.fm/music/Sleepermane,0,"Lo-Fi, chillhop, electronic"
Coast Modern,2471092,222428,,https://www.last.fm/music/Coast+Modern,0,"indie pop, indie, USA"
DubVision,1761888,222388,0b33f22d-b4b6-400e-90af-c593e0f395b6,https://www.last.fm/music/DubVision,0,"House, electronic, minimal"
Jon Lajoie,4273852,222221,f5408d6d-08cc-4000-b9b8-b9888e94d972,https://www.last.fm/music/Jon+Lajoie,0,"comedy, best shit ever existing in the whole world makes me vomit over my daddys pussy while i listen to the popes earcream following the dark lord to my grandmummies treassure in an iland of dicksucking faggot frogs having silver eyebrows, humour"
Far Caspian,2826899,222152,,https://www.last.fm/music/Far+Caspian,0,"dream pop, indie pop, indie"
River Tiber,1821615,222058,,https://www.last.fm/music/River+Tiber,0,"rnb, electronic, ambient"
Kaito Shoma,2394064,222012,,https://www.last.fm/music/Kaito+Shoma,0,"phonk, experimental, electronic"
B.I,7211691,221645,75312d53-db94-4dc1-a08f-2fa3511cf8f2,https://www.last.fm/music/B.I,0,"k-pop, Korean, rap"
Shy Glizzy,2380771,221588,21354007-a91f-4460-934d-12d389de3a2a,https://www.last.fm/music/Shy+Glizzy,0,"Hip-Hop, rap, DC"
Nightcore,7633560,221404,3b2eba2e-dad1-49a4-b84a-d973f7f67923,https://www.last.fm/music/Nightcore,0,"happy hardcore, trance, dance"
MC L da Vinte,2008668,221290,,https://www.last.fm/music/MC+L+da+Vinte,0,"brazil, funk, brasil"
BRENNAN SAVAGE,7394332,221176,,https://www.last.fm/music/BRENNAN+SAVAGE,0,"cloud rap, emo rap, rap"
Jade Bird,2405744,221137,,https://www.last.fm/music/Jade+Bird,0,"folk, seen live, singer-songwriter"
Jess Benko,2390282,221128,,https://www.last.fm/music/Jess+Benko,0,"sad, canada"
Russ Millions,4830096,221120,,https://www.last.fm/music/Russ+Millions,0,"Hip-Hop, rap, Grime"
Ross From Friends,4318803,220930,,https://www.last.fm/music/Ross+From+Friends,0,"House, electronic, outsider house"
Against All Logic,5719329,220780,,https://www.last.fm/music/Against+All+Logic,0,"electronic, House, deep house"
Jessica Darrow,2185354,220719,,https://www.last.fm/music/Jessica+Darrow,0,"USA, Disney, encanto cast"
CHON,7162818,220655,d7235f31-229a-4c04-abca-14e0fbcba26e,https://www.last.fm/music/CHON,0,"math rock, instrumental, Progressive metal"
Archers of Loaf,4773705,220615,7cf05db3-24e7-4534-84bf-65006cd0cc82,https://www.last.fm/music/Archers+of+Loaf,0,"indie rock, indie, Lo-Fi"
Nick Leng,1526388,220595,,https://www.last.fm/music/Nick+Leng,0,"electronic, indie, downtempo"
Nia Archives,2932485,220554,,https://www.last.fm/music/Nia+Archives,0,"Drum and bass, jungle, breakbeat"
Kinneret,2380175,220282,,https://www.last.fm/music/Kinneret,0,"indie, hip hop, experimental"
Criolo,12557701,220250,51af0b6a-083a-4da7-99ee-3a94843269c2,https://www.last.fm/music/Criolo,0,"rap, brazilian, samba"
Babygirl,2308713,220197,,https://www.last.fm/music/Babygirl,0,"indie pop, indie, dream pop"
Martinho Da Vila,2727640,220170,88a13d24-7915-4b51-8d95-c8de00ab79ea,https://www.last.fm/music/Martinho+Da+Vila,0,"samba, brazilian, brasil"
twocolors,2043864,220089,,https://www.last.fm/music/twocolors,0,"dance, electronic, pop"
Twisted,1939630,220030,db5a5137-b0f1-4b34-a55f-c63f0e2503fa,https://www.last.fm/music/Twisted,0,"dubstep, punk, jungle"
Liza Anne,1940726,220003,,https://www.last.fm/music/Liza+Anne,0,"indie, singer-songwriter, folk"
Helvetia,5064617,219875,d7f0e7b7-3a87-469b-8517-26b014875053,https://www.last.fm/music/Helvetia,0,"Lo-Fi, indie rock, post-rock"
Lunay,3332586,219869,,https://www.last.fm/music/Lunay,0,"Reggaeton, latin, urban"
A Touch of Class,1429218,219841,d3bb6a92-bfb7-4c36-9d5c-7da085a640e8,https://www.last.fm/music/A+Touch+of+Class,0,"dance, pop, electronic"
PawPaw Rod,1784875,219644,,https://www.last.fm/music/PawPaw+Rod,0,"rap, soul, Hip-Hop"
Los Auténticos Decadentes,3725811,219526,2d6d27d3-b18b-4436-b174-b155ca917ab6,https://www.last.fm/music/Los+Aut%C3%A9nticos+Decadentes,0,"Rock Argentino, argentina, rock"
Manu Gavassi,13098045,219439,ec09ccd3-a20f-4033-846b-5c42fc6d4dc9,https://www.last.fm/music/Manu+Gavassi,0,"pop, female vocalists, singer-songwriter"
Lambert,2338089,219224,64118b40-34f3-4f09-aac1-b9634e5fa308,https://www.last.fm/music/Lambert,0,"piano, composer, contemporary classical"
State Champs,10314535,219180,e2e9df76-a950-4b8b-b3d1-981624470657,https://www.last.fm/music/State+Champs,0,"pop punk, Easycore, seen live"
Christian French,3882147,219068,,https://www.last.fm/music/Christian+French,0,"pop, United States, Indiana"
Welshly Arms,2580706,219055,db882a54-72cd-4e7e-b574-be879e876de8,https://www.last.fm/music/Welshly+Arms,0,"blues rock, blues, rock"
O Terno,7534991,218933,92bf83e0-d79e-4390-871a-8f108bb50f82,https://www.last.fm/music/O+Terno,0,"brazilian, indie, indie rock"
Lena Raine,7075678,218921,,https://www.last.fm/music/Lena+Raine,0,"electronic, chiptune, Soundtrack"
Helado Negro,3530390,218891,aa0a54b3-d37e-4c1d-a53f-b3b94a3dfcad,https://www.last.fm/music/Helado+Negro,0,"experimental, folk, seen live"
llusion,1608542,218817,,https://www.last.fm/music/llusion,0,"hard rock, polish, metal"
The Technicolors,2925459,218813,,https://www.last.fm/music/The+Technicolors,0,"seen live, indie, rock"
Celestial Aeon Project,2792310,218749,f5336894-1f29-4051-aed0-d586aed1f4e0,https://www.last.fm/music/Celestial+Aeon+Project,0,"ambient, instrumental, new age"
Rotting Christ,14940476,218536,2d576cfe-7669-4af0-a66a-86c8362f47c5,https://www.last.fm/music/Rotting+Christ,0,"black metal, melodic black metal, Dark metal"
Weatherday,6762910,218535,,https://www.last.fm/music/Weatherday,0,"noise pop, emo, Lo-Fi"
Royal Republic,7656774,218513,4c557e83-d72f-4a93-92c1-645db5031a96,https://www.last.fm/music/Royal+Republic,0,"seen live, rock, swedish"
Foreign Air,2475293,218257,,https://www.last.fm/music/Foreign+Air,0,"alternative, indie pop, electronic"
Mereba,2866043,218200,,https://www.last.fm/music/Mereba,0,"rnb, soul, pop"
Orchid,10507402,218000,8632fed7-d0ca-47c3-8ba8-77f23ca10d3c,https://www.last.fm/music/Orchid,0,"screamo, emo violence, hardcore"
Король и Шут,26713187,217914,0944e98f-0b9f-4574-babc-7badf4cd0f74,https://www.last.fm/music/%D0%9A%D0%BE%D1%80%D0%BE%D0%BB%D1%8C+%D0%B8+%D0%A8%D1%83%D1%82,0,"punk rock, russian rock, punk"
Perfect,5246454,217862,de69798a-4d18-40e5-889e-f26580a2d62a,https://www.last.fm/music/Perfect,0,"rock, polish, polish rock"
⣎⡇ꉺლ༽இ•̛)ྀ◞ ༎ຶ ༽ৣৢ؞ৢ؞ؖ ꉺლ,2204625,217801,,https://www.last.fm/music/%E2%A3%8E%E2%A1%87%EA%89%BA%E1%83%9A%E0%BC%BD%E0%AE%87%E2%80%A2%CC%9B)%E0%BE%80%E2%97%9E+%E0%BC%8E%E0%BA%B6+%E0%BC%BD%E0%A7%A3%E0%A7%A2%D8%9E%E0%A7%A2%D8%9E%D8%96+%EA%89%BA%E1%83%9A,0,"ambient, electronic, microhouse"
Kid Francescoli,2943558,217794,4e7473b1-0e6e-4530-b374-b9c80ec7832b,https://www.last.fm/music/Kid+Francescoli,0,"french, indie pop, electronic"
Will Sparks,2155945,217788,75b187e8-7848-4cc6-93f4-73fe4b3ad5b2,https://www.last.fm/music/Will+Sparks,0,"Progressive House, electronic, dance"
Casiopea,6488672,217597,b2853652-db74-44b7-b4b3-ffb72af6b910,https://www.last.fm/music/Casiopea,0,"Fusion, jazz fusion, jazz"
Pinkshinyultrablast,2702868,217555,81f2db60-ea05-4d2f-8188-985046e4a97a,https://www.last.fm/music/Pinkshinyultrablast,0,"shoegaze, dream pop, noise pop"
Danger Incorporated,5484052,217526,,https://www.last.fm/music/Danger+Incorporated,0,"cloud rap, Hip-Hop, rap"
Jack & Jack,3135979,217444,51f447ee-e5ba-4cc1-b27c-42ea5a6103ec,https://www.last.fm/music/Jack+&+Jack,0,"pop, rap, Hip-Hop"
Catie Turner,2814754,217306,,https://www.last.fm/music/Catie+Turner,0,"American Idol, pop, alternative"
TOKYOPILL,6508817,217271,,https://www.last.fm/music/TOKYOPILL,0,"breakcore, idm, japanese"
Delta Heavy,3290013,217269,be166079-6f21-4d0d-af2a-9f55c4b34455,https://www.last.fm/music/Delta+Heavy,0,"Drum and bass, dubstep, electronic"
MASS OF THE FERMENTING DREGS,6990202,217252,1a19b0cd-fa9d-4363-b130-b3eb394cf373,https://www.last.fm/music/MASS+OF+THE+FERMENTING+DREGS,0,"shoegaze, japanese, indie"
JT Music,4318441,217232,,https://www.last.fm/music/JT+Music,0,"Hip-Hop, pop, rock"
Bogdan Raczynski,2724241,217226,9bc2888c-f4c8-4cfa-a2c6-7384f331fa01,https://www.last.fm/music/Bogdan+Raczynski,0,"idm, breakcore, electronic"
Dawn Penn,1145657,217115,2303f592-119c-4ca7-b8fd-819c5ac5667d,https://www.last.fm/music/Dawn+Penn,0,"reggae, dancehall, rocksteady"
Dehd,3059793,217039,,https://www.last.fm/music/Dehd,0,"indie rock, post-punk, seen live"
China Anne McClain,1543558,216973,3d97031d-65c9-4363-8cce-9c262989f2ae,https://www.last.fm/music/China+Anne+McClain,0,"pop, Disney, Soundtrack"
Tomcraft,1406850,216844,ac4989a9-12de-41e5-af26-6ef59a881c20,https://www.last.fm/music/Tomcraft,0,"electronic, trance, techno"
goreshit,12039502,216842,eb0cf932-29f0-4e42-a866-2440b18dc182,https://www.last.fm/music/goreshit,0,"lolicore, breakcore, speedcore"
RICEWINE,1452962,216726,,https://www.last.fm/music/RICEWINE,0,"indie, dream pop, Hip-Hop"
Xamã,7838703,216572,b6d5f68f-0c1d-4888-b842-16151661db50,https://www.last.fm/music/Xam%C3%A3,0,"rap, brazilian, Hip-Hop"
Galt Macdermot,2450642,216570,479e16b4-2b26-40d1-ba65-9ce5ea8ae6a6,https://www.last.fm/music/Galt+Macdermot,0,"Soundtrack, musical, funk"
Dumbo Gets Mad,2206986,216521,73162ac3-c74c-4bf5-8cff-c8cd48700e01,https://www.last.fm/music/Dumbo+Gets+Mad,0,"psychedelic, indie, psychedelic pop"
Bellini,1208348,216469,9e4b3bc8-1153-4f8f-87ce-f46035bae7ea,https://www.last.fm/music/Bellini,0,"dance, math rock, noise rock"
Portico Quartet,3719480,216299,0e6e5a3e-b5cb-45ff-97f4-c23c88efc563,https://www.last.fm/music/Portico+Quartet,0,"jazz, electronic, instrumental"
Nathan Lane,885450,216293,6744daab-306b-483c-81c3-d4f7cafd90df,https://www.last.fm/music/Nathan+Lane,0,"Broadway, showtunes, Soundtrack"
BUNT.,1914532,216092,,https://www.last.fm/music/BUNT.,0,"electronic, pop, german"
✝✝✝ (Crosses),5236599,216000,,https://www.last.fm/music/%E2%9C%9D%E2%9C%9D%E2%9C%9D+(Crosses),0,"electronic, experimental, trip-hop"
Shy Martin,3142227,215958,,https://www.last.fm/music/Shy+Martin,0,"pop, electronic, electronica"
Baxter Dury,3453369,215946,50df8a7c-ca0b-47c8-98e5-d27a57e04073,https://www.last.fm/music/Baxter+Dury,0,"seen live, indie rock, singer-songwriter"
Thy Art Is Murder,10289883,215933,d846000e-71cf-4eb3-a462-9badab2c3eca,https://www.last.fm/music/Thy+Art+Is+Murder,0,"deathcore, Technical Deathcore, death metal"
Ivy Queen,1539035,215927,ff06ecc0-72a5-4a81-a253-d840d9aefb32,https://www.last.fm/music/Ivy+Queen,0,"Reggaeton, latin, spanish"
Christopher,2527755,215872,cb9f5e17-2cbe-4c15-8b66-546d01648bf2,https://www.last.fm/music/Christopher,0,"danish, pop, Psychedelic Rock"
rei brown,3360557,215693,,https://www.last.fm/music/rei+brown,0,"indie, electronic, chillout"
Enon,3487253,215657,ce49b1f2-a903-46fc-8b84-b5699f019a06,https://www.last.fm/music/Enon,0,"indie, seen live, indie rock"
Cobrah,4611291,215630,,https://www.last.fm/music/Cobrah,0,"electronic, Electroclash, electropop"
Ambulo,1628935,215610,,https://www.last.fm/music/Ambulo,0,"Lo-Fi, chillout, electronic"
Digga D,7164431,215520,,https://www.last.fm/music/Digga+D,0,"UK Drill, hip hop, drill"
JMSN,3877043,215465,773bc0c0-a4ae-45a9-b71d-356174b67c08,https://www.last.fm/music/JMSN,0,"rnb, alternative rnb, r&b"
Winter Aid,1980258,215453,,https://www.last.fm/music/Winter+Aid,0,"singer-songwriter, folk, winter"
yxngxr1,4322271,215434,,https://www.last.fm/music/yxngxr1,0,"trap, cloud rap, hip hop"
Pixote,3495093,215378,53437d50-b3de-4e16-a4e0-73f2c5c5ddc9,https://www.last.fm/music/Pixote,0,"Pagode, pixote, samba"
Ace,1707187,215251,f2b6f047-38c4-4544-92e5-3a800d530cd1,https://www.last.fm/music/Ace,0,"eurobeat, rock, 70s"
John Vincent III,2530653,215240,,https://www.last.fm/music/John+Vincent+III,0,"folk, USA, folk pop"
De La Ghetto,1891777,215209,7fb4a3df-377c-41c0-91ee-f286ecca1e0f,https://www.last.fm/music/De+La+Ghetto,0,"Reggaeton, latin, hip hop"
Kay Flock,6816117,215104,,https://www.last.fm/music/Kay+Flock,0,"rap, drill, Hip-Hop"
Witt Lowry,5146621,215084,,https://www.last.fm/music/Witt+Lowry,0,"Hip-Hop, rap, american"
Frankie Avalon,999010,215010,a21c1636-c622-48b7-bf6a-d9032645aa55,https://www.last.fm/music/Frankie+Avalon,0,"oldies, 50s, 60s"
The White Buffalo,4259880,214839,a3f36ee1-c236-49eb-b598-078c788781d8,https://www.last.fm/music/The+White+Buffalo,0,"folk, singer-songwriter, country"
Stuck in the Sound,2812822,214773,335abb73-0134-4264-bfd7-9b110ab8d4db,https://www.last.fm/music/Stuck+in+the+Sound,0,"french, indie rock, indie"
BK,14012164,214690,a0c2e9c5-c065-4933-97be-e64cff3c4532,https://www.last.fm/music/BK,0,"trance, hard house, Hard Trance"
Al Bowlly,2055409,214531,f747a4ff-d54f-41b1-be56-97abcf1eb688,https://www.last.fm/music/Al+Bowlly,0,"jazz, 30s, oldies"
Judah & the Lion,2687336,214519,a71da6f9-655d-4029-8c1c-5dc351632734,https://www.last.fm/music/Judah+&+the+Lion,0,"seen live, folk, american"
Frank Carter & The Rattlesnakes,5373367,214431,,https://www.last.fm/music/Frank+Carter+&+The+Rattlesnakes,0,"seen live, hardcore punk, punk rock"
Guardin,8575081,214416,,https://www.last.fm/music/Guardin,0,"Lo-Fi, emo rap, indie"
Mild Minds,2243446,214264,,https://www.last.fm/music/Mild+Minds,0,"electronic, Lo-Fi, chillout"
Col3trane,2448467,214256,,https://www.last.fm/music/Col3trane,0,"soul, rnb, british"
Mozzy,2181713,214210,,https://www.last.fm/music/Mozzy,0,"rap, hip hop, Hip-Hop"
The Simps,1747962,214206,,https://www.last.fm/music/The+Simps,0,"indie, indie pop, indie rock"
Suran,3534469,213993,,https://www.last.fm/music/Suran,0,"k-pop, Korean, rnb"
Quevedo,9512416,213956,,https://www.last.fm/music/Quevedo,0,"mid, mediocre, one hit wonder"
Bowery Electric,3946795,213816,89cbe6ac-80af-421b-9276-cf373a1480c3,https://www.last.fm/music/Bowery+Electric,0,"shoegaze, trip-hop, post-rock"
Luke Hemmings,8674876,213623,,https://www.last.fm/music/Luke+Hemmings,0,"5 Seconds of Summer, 5SOS, pop rock"
José José,6063433,213512,4f4a0d43-75d4-4c31-8d0d-c48e4c0efbf9,https://www.last.fm/music/Jos%C3%A9+Jos%C3%A9,0,"Jose Jose, spanish, Baladas"
Öwnboss,1851753,213511,,https://www.last.fm/music/%C3%96wnboss,0,"electronic, brazil, brasil"
Samm Henshaw,2156124,213506,,https://www.last.fm/music/Samm+Henshaw,0,"soul, pop, rnb"
Chihei Hatakeyama,4390455,213460,a0778b30-0caa-46cb-a775-b1f2ccc669e8,https://www.last.fm/music/Chihei+Hatakeyama,0,"ambient, minimal, electronic"
Linda Perhacs,2777548,213363,89967ce2-3f9a-4dad-b8c8-491bb87b73fe,https://www.last.fm/music/Linda+Perhacs,0,"folk, psychedelic folk, singer-songwriter"
Johnny Stimson,2019659,213332,,https://www.last.fm/music/Johnny+Stimson,0,"pop, soul, electronic"
Gaullin,2437864,213143,,https://www.last.fm/music/Gaullin,0,"lithuanian, EDM, lithuania"
Zoe Wees,2041159,213085,,https://www.last.fm/music/Zoe+Wees,0,"pop, singer-songwriter, german"
Emitt Rhodes,1891246,213050,87fa7ab0-2720-46c4-8926-900f4d916e66,https://www.last.fm/music/Emitt+Rhodes,0,"singer-songwriter, folk, baroque pop"
Los Prisioneros,6034938,212737,a1d044b9-76c9-46d7-a5a6-0f52421e1ed7,https://www.last.fm/music/Los+Prisioneros,0,"rock chileno, rock, chile"
Tommy Guerrero,4110893,212721,67fb65b5-6589-47f0-9371-8a40eb268dfb,https://www.last.fm/music/Tommy+Guerrero,0,"downtempo, chillout, instrumental"
Aviva,3337371,212688,,https://www.last.fm/music/Aviva,0,"Progressive rock, pop, symphonic prog"
Otto,3736590,212522,f5357120-cd8e-40b0-bdf3-b3cea040a2e7,https://www.last.fm/music/Otto,0,"manguebeat, brazilian, mpb"
Alfa Mist,3145578,212363,,https://www.last.fm/music/Alfa+Mist,0,"jazz, Hip-Hop, soul"
Against the Current,8935430,212213,c40a79e9-3b9e-492e-9469-0e5b952ad3e1,https://www.last.fm/music/Against+the+Current,0,"pop punk, rock, pop rock"
Yameii Online,6383889,212160,,https://www.last.fm/music/Yameii+Online,0,"vocaloid, hyperpop, Hip-Hop"
Hot Freaks,3626947,211977,c9fc1027-3fce-4d79-a634-5bde4344dce4,https://www.last.fm/music/Hot+Freaks,0,"indie pop, twee pop, psychedelic"
Remo Drive,5394066,211873,,https://www.last.fm/music/Remo+Drive,0,"emo, indie rock, punk"
Show Me The Body,4895666,211850,,https://www.last.fm/music/Show+Me+The+Body,0,"noise rock, post-hardcore, hardcore"
Wage War,9393469,211768,,https://www.last.fm/music/Wage+War,0,"metalcore, melodic metalcore, post-hardcore"
The Symposium,3943692,211669,,https://www.last.fm/music/The+Symposium,0,"indie, american, alternative rock"
Acid Bath,8377776,211656,ee9de516-46f7-4c87-a97c-c0ecdf17a8b0,https://www.last.fm/music/Acid+Bath,0,"Sludge, doom metal, sludge metal"
Real Friends,8258318,211623,9ac8bee0-1c34-46c6-9eee-ee1eb96df282,https://www.last.fm/music/Real+Friends,0,"pop punk, emo, melodic punk"
Let's Eat Grandma,4619417,211444,,https://www.last.fm/music/Let%27s+Eat+Grandma,0,"art pop, dream pop, seen live"
Jockstrap,5909293,211252,,https://www.last.fm/music/Jockstrap,0,"seen live, glitch pop, electronic"
Scattle,3854811,211224,ba73fdc5-17e4-4d5b-b652-65a224c96135,https://www.last.fm/music/Scattle,0,"electronic, synthwave, synthpop"
Ummet Ozcan,1933847,211162,9f1560de-9a9d-482b-afa0-99938e688330,https://www.last.fm/music/Ummet+Ozcan,0,"trance, Tech trance, Tech-Trance"
GoGo Penguin,4886141,210996,b328de0e-ee48-4d74-9d36-7c7ee16ffc69,https://www.last.fm/music/GoGo+Penguin,0,"jazz, jazz fusion, progressive jazz"
Clara Nunes,3397198,210922,1fe4421e-850f-46e2-a8be-b760c57cb9c7,https://www.last.fm/music/Clara+Nunes,0,"samba, mpb, brasil"
Des Rocs,3858688,210902,,https://www.last.fm/music/Des+Rocs,0,"rock, seen live, indie"
Athena,3437431,210871,b0d44464-71e4-470b-a10b-97af5abe33c7,https://www.last.fm/music/Athena,0,"ska, turkish, ska punk"
I.O.I,4599256,210828,,https://www.last.fm/music/I.O.I,0,"k-pop, Kpop, Korean"
Reignwolf,2189603,210797,17f7d39e-14be-4d49-8c5e-f1bc7005aebd,https://www.last.fm/music/Reignwolf,0,"blues rock, Garage Rock, blues"
Fools Garden,1498454,210737,,https://www.last.fm/music/Fools+Garden,0,"pop, rock, britpop"
Darren Styles,3358719,210649,94bd816b-af21-44f8-aed7-99d49f8de3e9,https://www.last.fm/music/Darren+Styles,0,"happy hardcore, uk Hardcore, hardcore"
Cristian Castro,2590585,210578,8cc00e45-94c9-40e0-882b-0e76dd5b472b,https://www.last.fm/music/Cristian+Castro,0,"latin, pop, latin pop"
Philip George,1571893,210464,,https://www.last.fm/music/Philip+George,0,"electronic, House, dance"
Daði Freyr,4028871,210407,,https://www.last.fm/music/Da%C3%B0i+Freyr,0,"icelandic, pop, synthpop"
POMME,4999125,210387,,https://www.last.fm/music/POMME,0,"french, chanson, pop"
Eloise,3203841,210319,,https://www.last.fm/music/Eloise,0,"soul, indie pop, jazz"
James Heather,1400892,210179,,https://www.last.fm/music/James+Heather,0,"piano, Classical, instrumental"
Genevieve Stokes,2022134,210169,,https://www.last.fm/music/Genevieve+Stokes,0,"indie, alternative, indie pop"
Taron Egerton,3703506,210120,,https://www.last.fm/music/Taron+Egerton,0,"Soundtrack, welsh, male"
Blank Banshee,7052207,210087,8626ae12-6dd3-4a0c-8e83-ac9e6f0a32ef,https://www.last.fm/music/Blank+Banshee,0,"vaporwave, electronic, chillwave"
Inon Zur,5492143,210074,ba23bac1-2b00-43fb-95e5-c3c0fd286e7e,https://www.last.fm/music/Inon+Zur,0,"Soundtrack, video game music, ambient"
Erasmo Carlos,3017360,209927,c7c9fa4d-262b-45c1-9477-237849654948,https://www.last.fm/music/Erasmo+Carlos,0,"mpb, Jovem Guarda, rock"
Tiny Meat Gang,4006856,209802,,https://www.last.fm/music/Tiny+Meat+Gang,0,"Hip-Hop, rap, american"
Suffocation,9103057,209765,5db9f569-cadd-4f8b-b460-d4031b0b3716,https://www.last.fm/music/Suffocation,0,"death metal, Brutal Death Metal, Technical Death Metal"
Ugly God,2624662,209659,,https://www.last.fm/music/Ugly+God,0,"Hip-Hop, hip hop, rap"
KA$HDAMI,8592403,209566,,https://www.last.fm/music/KA$HDAMI,0,"pluggnb, rap, trap"
MAYE,2790877,209477,,https://www.last.fm/music/MAYE,0,"latin, venezuelan, seen live"
Badflower,6249157,209473,,https://www.last.fm/music/Badflower,0,"rock, alternative rock, seen live"
Snarky Puppy,5295376,209423,fe85367e-4036-43c1-874b-b91af81cb4f3,https://www.last.fm/music/Snarky+Puppy,0,"jazz, Fusion, jazz fusion"
Cö shu Nie,4725534,209409,,https://www.last.fm/music/C%C3%B6+shu+Nie,0,"japanese, math rock, indie rock"
Yellow House,2094559,209386,96d61c0f-4d6d-432e-8db7-05c34177cdf3,https://www.last.fm/music/Yellow+House,0,"indie, south african, folk"
Aldn,8324228,209331,,https://www.last.fm/music/Aldn,0,"hyperpop, digicore, electronic"
Hildur Guðnadóttir,3576235,209237,8a399a51-6b93-448e-82c0-f86c83602605,https://www.last.fm/music/Hildur+Gu%C3%B0nad%C3%B3ttir,0,"ambient, cello, icelandic"
The Dream Academy,1492582,209237,d0f7f125-5403-4f2e-b7b7-2ba8ef43836e,https://www.last.fm/music/The+Dream+Academy,0,"80s, new wave, pop"
Stacey Q,1525946,209105,55cf7705-e0bc-4b70-8cba-b85544e2eac9,https://www.last.fm/music/Stacey+Q,0,"80s, pop, dance"
Monster Rally,3175723,209067,ba934f3d-4e53-482a-a632-6848935de50c,https://www.last.fm/music/Monster+Rally,0,"chillwave, Lo-Fi, electronic"
Deaton Chris Anthony,2102658,209007,,https://www.last.fm/music/Deaton+Chris+Anthony,0,"rnb, electropop, chillwave"
Marco Antonio Solís,2370706,208885,006631f4-5214-49ff-a386-a064853d1a1e,https://www.last.fm/music/Marco+Antonio+Sol%C3%ADs,0,"Marco Antonio Solis, Romantica, spanish"
Chris Lorenzo,1624573,208728,,https://www.last.fm/music/Chris+Lorenzo,0,"electronic, UK Garage, House"
The Ocean,11493120,208702,8d0acf0e-c099-49ac-b4b3-d57ca9eb2561,https://www.last.fm/music/The+Ocean,0,"Progressive metal, Sludge, Post-Metal"
Jack Black,1556445,208685,caf8a53e-7f43-4be4-95d6-18d55e1f6e18,https://www.last.fm/music/Jack+Black,0,"comedy, funny, rock"
Johnny Orlando,4999226,208670,,https://www.last.fm/music/Johnny+Orlando,0,"racist, kid rock, racism"
Anika Noni Rose,1222048,208620,8882d694-77a8-4113-8525-f3436e21ea9f,https://www.last.fm/music/Anika+Noni+Rose,0,"dreamgirls, Soundtrack, lorrell"
Paris Texas,5135108,208576,,https://www.last.fm/music/Paris+Texas,0,"electronic, rap, Hip-Hop"
Mrs. GREEN APPLE,4410574,208418,,https://www.last.fm/music/Mrs.+GREEN+APPLE,0,"japanese, rock, J-rock"
Tenno,2327577,208395,,https://www.last.fm/music/Tenno,0,"electronic, Lo-Fi, instrumental hip-hop"
Jon Pardi,4690900,208317,ad590765-191c-4c07-9d64-49633488e9a8,https://www.last.fm/music/Jon+Pardi,0,"country, seen live, contemporary country"
Fleurie,2295564,208312,,https://www.last.fm/music/Fleurie,0,"pop, singer-songwriter, indie"
The Black Dog,3987489,208142,a78d2a35-c083-4179-a5d8-49f84e5ec863,https://www.last.fm/music/The+Black+Dog,0,"idm, electronic, ambient"
Voyager,3139046,208110,f120dbd5-8213-4f27-9088-91d60727fc1c,https://www.last.fm/music/Voyager,0,"Progressive metal, Power metal, metal"
Ever So Blue,1393996,208042,,https://www.last.fm/music/Ever+So+Blue,0,"ambient, piano, cute"
deb never,2428636,208027,,https://www.last.fm/music/deb+never,0,"indie, Lo-Fi, Grunge"
Kasbo,3089809,207925,ee963a5a-2b2c-4aef-ac91-78ad06082cee,https://www.last.fm/music/Kasbo,0,"electronic, ambient, swedish"
88GLAM,4425492,207813,,https://www.last.fm/music/88GLAM,0,"Hip-Hop, rap, hip hop"
Casper,14292819,207659,fd3ff7a2-e1d2-4486-9d25-cb9d69fa084c,https://www.last.fm/music/Casper,0,"seen live, rap, Deutschrap"
Bo En,3661312,207648,ca6cf12d-ed80-4b57-954b-df81715ca8de,https://www.last.fm/music/Bo+En,0,"electronic, experimental, pop"
Billy Woods,11531347,207610,f30fea51-fa9c-4067-bc49-fc43236e89ba,https://www.last.fm/music/Billy+Woods,0,"Hip-Hop, rap, hip hop"
Brad stank,1984360,207599,,https://www.last.fm/music/Brad+stank,0,"Lo-Fi, dream pop, indie pop"
Jovem Dionisio,5128601,207530,,https://www.last.fm/music/Jovem+Dionisio,0,"bedroom pop, rock, indie rock"
Airiel,3165045,207429,a6bf1276-9150-40fc-a94e-6b14f377fe3d,https://www.last.fm/music/Airiel,0,"shoegaze, dream pop, indie"
Nat King Cole Trio,1036061,207345,7739b88f-8d40-4af5-b4d4-5e5e53755fd5,https://www.last.fm/music/Nat+King+Cole+Trio,0,"jazz, swing, blues"
Kelly Lee Owens,4213366,206904,,https://www.last.fm/music/Kelly+Lee+Owens,0,"electronic, ambient pop, art pop"
Hop Along,6671356,206834,91640d9b-b077-4271-9fb7-84f3ea543f24,https://www.last.fm/music/Hop+Along,0,"indie, seen live, indie rock"
Sofia Mills,1578760,206820,,https://www.last.fm/music/Sofia+Mills,0,"indie, alternative, Lo-Fi"
Jon B.,1377557,206697,,https://www.last.fm/music/Jon+B.,0,"rnb, soul, jon b"
Lala Lala,2327378,206695,,https://www.last.fm/music/Lala+Lala,0,"indie, Lo-Fi, dream pop"
Jitwam,1476611,206674,a4dece6b-7a20-45e0-b7c3-9eb395104bf7,https://www.last.fm/music/Jitwam,0,"electronic, House, Hip-Hop"
Cosculluela,2028254,206605,2deb0058-8571-4f57-8470-1e63cdc9ef98,https://www.last.fm/music/Cosculluela,0,"Reggaeton, cosculluela, Hip-Hop"
Rayana Jay,1343602,206483,,https://www.last.fm/music/Rayana+Jay,0,"rnb, soul, USA"
K-391,2810816,206440,95c7dae9-682a-4e00-b707-1fa24a924ffe,https://www.last.fm/music/K-391,0,"electro house, House, electronic"
Avatar,7769225,206314,f7d09af6-1042-473b-9ca1-b5bbdc2e17f8,https://www.last.fm/music/Avatar,0,"Melodic Death Metal, seen live, death metal"
sam kim,4036842,206304,,https://www.last.fm/music/sam+kim,0,"Korean, Ballad, folk"
Kito,1614872,206262,b4abf9c3-bb78-4a94-a2f7-aa270836b31c,https://www.last.fm/music/Kito,0,"dubstep, downtempo, minimal wave"
Gabriel O Pensador,3639803,206219,6f55e7e2-df3e-497e-84e6-0fb03ea824ff,https://www.last.fm/music/Gabriel+O+Pensador,0,"rap, brazilian, Hip-Hop"
Joey Purp,2563886,206118,,https://www.last.fm/music/Joey+Purp,0,"rap, Hip-Hop, chicago"
Navy Blue,4358562,206086,c6809ef1-b9ee-48de-a175-e05816f880a3,https://www.last.fm/music/Navy+Blue,0,"rap, Hip-Hop, jazz rap"
D.O.D,2093650,206049,62141b8b-a802-4736-913e-c29f74d9ef5c,https://www.last.fm/music/D.O.D,0,"electro, House, electro house"
Reaper,2924691,206006,fe67fca6-f6b0-47b4-a4ac-c96e409b29f4,https://www.last.fm/music/Reaper,0,"ebm, industrial, dark electro"
Idris Muhammad,1475159,205962,318c02c2-d766-4843-9035-e186531fc98c,https://www.last.fm/music/Idris+Muhammad,0,"jazz, funk, Fusion"
Ahmad Jamal Trio,1953704,205917,cf816800-4e0e-4d80-9cca-50a725e93787,https://www.last.fm/music/Ahmad+Jamal+Trio,0,"jazz, jazz piano, piano"
Johnny Hodges,1090422,205864,881d33d8-e86f-42e8-b571-dbde156f6907,https://www.last.fm/music/Johnny+Hodges,0,"jazz, saxophone, swing"
Ayo & Teo,1572506,205823,,https://www.last.fm/music/Ayo+&+Teo,0,"Hip-Hop, american, novelty rap"
Southside,1805720,205692,2564e738-a106-46bd-bf8c-4c9c1250a533,https://www.last.fm/music/Southside,0,"Hip-Hop, rap, hip hop"
Marconi Union,4683567,205582,3f9b5837-ed1c-413e-bfef-ca4f892dcc59,https://www.last.fm/music/Marconi+Union,0,"ambient, downtempo, post-rock"
Dreamer Boy,2128136,205519,,https://www.last.fm/music/Dreamer+Boy,0,"indie, indie pop, USA"
Yukika,8775862,205434,,https://www.last.fm/music/Yukika,0,"city pop, k-pop, pop"
After the Burial,8760462,205314,6dd9b71e-2e2f-4a66-bfce-5e820589b390,https://www.last.fm/music/After+the+Burial,0,"metalcore, deathcore, Progressive Metalcore"
Quinn,9026336,205300,4d11ae9c-f08e-4d71-93de-ad8bc391fafb,https://www.last.fm/music/Quinn,0,"new age, chillout, pop"
物語シリーズ,5859522,205151,,https://www.last.fm/music/%E7%89%A9%E8%AA%9E%E3%82%B7%E3%83%AA%E3%83%BC%E3%82%BA,0,"j-pop, Soundtrack, japanese"
Cluster,2573869,205145,c439487d-5a02-4b9c-9b9a-6b235b059492,https://www.last.fm/music/Cluster,0,"krautrock, electronic, ambient"
Sam Wills,1824731,205137,,https://www.last.fm/music/Sam+Wills,0,"soul, UK, electronic"
Alice Longyu Gao,3477830,205066,,https://www.last.fm/music/Alice+Longyu+Gao,0,"hyperpop, electronic, bubblegum bass"
Alexis y Fido,1678452,205056,37e20412-fd3b-43b2-9fd7-313cb92673ee,https://www.last.fm/music/Alexis+y+Fido,0,"Reggaeton, latin, spanish"
Plumtree,2293550,205000,e68e96fa-e50d-4e0e-83bc-086bdef68634,https://www.last.fm/music/Plumtree,0,"indie, indie pop, Canadian"
Bully,2780004,204950,82f92c55-753e-45f2-be9d-2c2dcd76fab1,https://www.last.fm/music/Bully,0,"seen live, Grunge, alternative rock"
Raimu,2347589,204739,,https://www.last.fm/music/Raimu,0,"Lo-Fi, Hip-Hop, electronic"
Illuminati Hotties,3384878,204722,,https://www.last.fm/music/Illuminati+Hotties,0,"indie rock, power pop, indie pop"
GAMPER & DADONI,1726339,204710,,https://www.last.fm/music/GAMPER+&+DADONI,0,"House, germany, deep house"
Room 5,1123528,204637,ca2b5bce-01cb-4847-bea6-52a9fee31033,https://www.last.fm/music/Room+5,0,"House, dance, electronic"
Adam Hicks,1726053,204617,75a84444-1a91-44df-bc34-e41bd3da56ac,https://www.last.fm/music/Adam+Hicks,0,"pop, rap, electronic"
ssgkobe,6544453,204589,,https://www.last.fm/music/ssgkobe,0,"rapist, Sex Offender, rap"
Banda do Mar,4552168,204444,51f8de5b-2e13-48ef-b6b9-0c5a1cf07262,https://www.last.fm/music/Banda+do+Mar,0,"brazilian, indie, mpb"
Los Tres,5593526,204365,0bca46d2-184f-41d0-9abe-37c99d3c023f,https://www.last.fm/music/Los+Tres,0,"rock chileno, rock, chile"
Kino,7351821,204171,7f4d4de9-d0c6-4207-aa12-9844876c2f0d,https://www.last.fm/music/Kino,0,"Progressive rock, russian rock, russian"
The Fleetwoods,1462374,204159,4cda00d8-55d3-42cd-b5e3-5e1934406eaa,https://www.last.fm/music/The+Fleetwoods,0,"oldies, pop, 60s"
18 Carat Affair,3447390,204136,13798b1d-009e-4122-9925-408e75512065,https://www.last.fm/music/18+Carat+Affair,0,"chillwave, vaporwave, hypnagogic pop"
Lola Marsh,2255694,204097,,https://www.last.fm/music/Lola+Marsh,0,"seen live, indie, folk"
Natalie Taylor,1418924,203920,6873cd0d-2c7b-4d2f-b6fc-9becbcb7dda4,https://www.last.fm/music/Natalie+Taylor,0,"pop, indie, singer-songwriter"
Metrik,3697559,203789,2744b622-aaaf-467a-8641-d0deffbe43ac,https://www.last.fm/music/Metrik,0,"Drum and bass, liquid funk, neurofunk"
BUMP OF CHICKEN,11782712,203718,0f718079-e5ea-4cfb-b512-b2d04da66901,https://www.last.fm/music/BUMP+OF+CHICKEN,0,"J-rock, japanese, rock"
Black Pistol Fire,3085331,203528,43ca08d8-646c-4745-880f-44807656c105,https://www.last.fm/music/Black+Pistol+Fire,0,"blues rock, Garage Rock, Southern Rock"
Triathalon,2196009,203527,20c8e21c-a8b9-4ac1-bef8-0ddcd9f4691a,https://www.last.fm/music/Triathalon,0,"surf rock, Lo-Fi, seen live"
Kitty,3101465,203501,8eeed89b-a5e6-47c4-a0fd-49707b1d0c1b,https://www.last.fm/music/Kitty,0,"rap, cloud rap, Hip-Hop"
Open Mike Eagle,5633402,203405,4508a423-daaa-4d43-a839-aa1a9be88a9c,https://www.last.fm/music/Open+Mike+Eagle,0,"Hip-Hop, underground hip-hop, rap"
Emile Mosseri,3801880,203400,,https://www.last.fm/music/Emile+Mosseri,0,"Soundtrack, ambient, new age"
Maejor,1568594,203277,,https://www.last.fm/music/Maejor,0,"rnb, american, detroit"
MALL GRAB,3738358,203134,,https://www.last.fm/music/MALL+GRAB,0,"House, techno, deep house"
Cmten,2449488,203114,,https://www.last.fm/music/Cmten,0,"hyperpop, bubblegum bass, electronic"
Squid,5638545,202941,a8fbe03b-a8b0-44cf-92aa-f29d5f70768e,https://www.last.fm/music/Squid,0,"post-punk, Crank wave, krautrock"
Cat Burns,1873836,202928,,https://www.last.fm/music/Cat+Burns,0,"rnb, british, rap"
Lil Eazzyy,2473545,202922,,https://www.last.fm/music/Lil+Eazzyy,0,"Hip-Hop, rap, american"
Stefflon Don,1820132,202704,,https://www.last.fm/music/Stefflon+Don,0,"Hip-Hop, dancehall, british"
Gloria Trevi,3288755,202614,f5b33d1b-e8bc-444e-bc5c-490473aa0f50,https://www.last.fm/music/Gloria+Trevi,0,"pop, mexican, latin"
Amies,1985866,202580,,https://www.last.fm/music/Amies,0,"Lo-Fi, chill, electronic"
The Devil Makes Three,4165800,202507,66e5bc0f-7cc6-4e44-937b-4a92466f3c37,https://www.last.fm/music/The+Devil+Makes+Three,0,"bluegrass, folk, americana"
Detonautas Roque Clube,4976571,202490,4f4366cc-f0e0-4106-a56a-f52f055e49cb,https://www.last.fm/music/Detonautas+Roque+Clube,0,"rock, brazilian, pop rock"
LoFi Waiter,3037265,202449,,https://www.last.fm/music/LoFi+Waiter,0,"electronic, chill, Lo-Fi"
Emma Stone,2231319,202417,,https://www.last.fm/music/Emma+Stone,0,"female vocalists, Soundtrack, pop"
Nautilus Pompilius,10268749,202389,247efe0f-80f1-477c-a4a0-b5cb1b8c832e,https://www.last.fm/music/Nautilus+Pompilius,0,"russian rock, rock, russian"
Wild Rivers,2479202,202250,,https://www.last.fm/music/Wild+Rivers,0,"seen live, folk, indie folk"
Monsieur Periné,2684718,202230,644c9096-41be-4d89-87b6-deceabf08930,https://www.last.fm/music/Monsieur+Perin%C3%A9,0,"jazz, Colombia, swing"
Fleece,1692994,202222,5f9fde3e-bd9a-4bcc-8b51-061745b1b4e9,https://www.last.fm/music/Fleece,0,"psychedelic, indie, punk"
Hugel,1677665,202210,,https://www.last.fm/music/Hugel,0,"Hip-Hop, finnish, rap"
Sxmpra,3396614,202156,,https://www.last.fm/music/Sxmpra,0,"phonk, rap, New Zealand"
Haruomi Hosono,2509965,202070,078be324-de92-4c72-9371-65bdcf324154,https://www.last.fm/music/Haruomi+Hosono,0,"japanese, electronic, ambient"
Egg,2749517,202003,43a5974d-6b79-49d1-a3ac-d79b7b1ca2bc,https://www.last.fm/music/Egg,0,"Progressive rock, Canterbury Scene, Canterbury"
Bersuit Vergarabat,4039956,201987,e90428f4-29ef-47b4-a081-75e415f51037,https://www.last.fm/music/Bersuit+Vergarabat,0,"Rock Argentino, rock, argentina"
Junny,5330136,201937,f8ab06ce-4056-4df2-9de7-28f099857cea,https://www.last.fm/music/Junny,0,"Korean, k-rnb, Hip-Hop"
Igorrr,7539823,201699,aec46991-e896-4c1f-80cc-aed97b0cdc73,https://www.last.fm/music/Igorrr,0,"breakcore, experimental, electronic"
Zé Ramalho,4892680,201590,5e2c3b33-b734-41ba-ac71-2148338840f6,https://www.last.fm/music/Z%C3%A9+Ramalho,0,"mpb, brazilian, folk"
"Oh, the Joy.",1966932,201585,,"https://www.last.fm/music/Oh,+the+Joy.",0,"instrumental, ambient, calm"
Zé Neto & Cristiano,7888580,201584,,https://www.last.fm/music/Z%C3%A9+Neto+&+Cristiano,0,"sertanejo, Sertanejo Universitario, brazil"
LIZ,2838787,201568,ffc1faa5-387c-4ad7-81f2-f64aa1ba64e9,https://www.last.fm/music/LIZ,0,"pop, visual kei, J-rock"
Jason Weaver,901255,201561,013a28b2-22d9-4782-b98a-7db9f3693574,https://www.last.fm/music/Jason+Weaver,0,"Soundtrack, Disney, american"
SHADXWBXRN,3188984,201520,,https://www.last.fm/music/SHADXWBXRN,0,"phonk, electronic, Russia"
Abhi The Nomad,2879184,201439,,https://www.last.fm/music/Abhi+The+Nomad,0,"Hip-Hop, hip hop, alternative"
Run River North,1652236,201424,8d692501-8d12-48e8-977a-c49266b7aba3,https://www.last.fm/music/Run+River+North,0,"indie, folk, indie rock"
Mc Delux,2421991,201371,,https://www.last.fm/music/Mc+Delux,0,"funk, brazil, brazilian"
Crooked Colours,2301945,201361,,https://www.last.fm/music/Crooked+Colours,0,"electronic, indie, australian"
T-ARA,11159936,201334,4103d05e-da2a-4744-81ae-f8dc3e81728c,https://www.last.fm/music/T-ARA,0,"k-pop, Korean, Kpop"
Ben Böhmer,3575979,201318,,https://www.last.fm/music/Ben+B%C3%B6hmer,0,"House, deep house, electronic"
L.Dre,2068411,201290,,https://www.last.fm/music/L.Dre,0,"Hip-Hop, chill, instrumental"
The Lemon Twigs,3406292,201249,,https://www.last.fm/music/The+Lemon+Twigs,0,"power pop, seen live, rock"
SLCHLD,4969124,201248,,https://www.last.fm/music/SLCHLD,0,"rnb, chill, soul"
Cryptopsy,7333201,201215,756af95c-8793-4546-a93f-f3581b5b1c8d,https://www.last.fm/music/Cryptopsy,0,"death metal, Technical Death Metal, Brutal Death Metal"
FAOUZIA,4083270,201190,,https://www.last.fm/music/FAOUZIA,0,"pop, female vocalists, Canadian"
ICYTWAT,5258325,201183,,https://www.last.fm/music/ICYTWAT,0,"trap, cloud rap, ambient"
The Secret Sisters,1572144,201050,7389422f-074f-45ff-a9b8-5790d3c84c08,https://www.last.fm/music/The+Secret+Sisters,0,"country, folk, seen live"
Queen Naija,2188533,201029,,https://www.last.fm/music/Queen+Naija,0,"Hip-Hop, rnb, soul"
Ansel Elgort,2036346,200972,,https://www.last.fm/music/Ansel+Elgort,0,"pop, dance, EDM"
Joan Sebastian,2928550,200872,87c18952-956e-46bf-a4b9-8c13f5a4e3fa,https://www.last.fm/music/Joan+Sebastian,0,"Joan Sebastian, ranchera, mexico"
Girl's Day,7252570,200711,7284b092-eb9d-41fc-9b16-77abe96b1952,https://www.last.fm/music/Girl%27s+Day,0,"k-pop, Korean, female vocalists"
Foxing,6777286,200704,b990fb27-aeed-4058-ad69-c5a4ae76f750,https://www.last.fm/music/Foxing,0,"emo, math rock, post-rock"
Reol,9501627,200685,,https://www.last.fm/music/Reol,0,"j-pop, japanese, electropop"
Solar,4664102,200533,d69960c0-6410-499d-99ed-a76ba555ab81,https://www.last.fm/music/Solar,0,"Power metal, rock chileno, Female fronted metal"
Péricles,4084367,200441,,https://www.last.fm/music/P%C3%A9ricles,0,"samba, Pagode, brazilian"
The Red Army Choir,3797556,200302,9918a46a-d0a3-4444-9044-3f7286883d68,https://www.last.fm/music/The+Red+Army+Choir,0,"russian, choir, Classical"
Southstar,2831800,200251,,https://www.last.fm/music/Southstar,0,"techno, lo-fi house, electronic"
TroyBoi,2079137,200228,1f04b3bf-61cb-4dbd-a35d-139fc0c76f2e,https://www.last.fm/music/TroyBoi,0,"trap, electronic, experimental"
The Chain Gang of 1974,2501249,200196,78d59e07-6bf6-470c-8a9d-ac5be6f2ca00,https://www.last.fm/music/The+Chain+Gang+of+1974,0,"electronic, indie, seen live"
WESTSIDE BOOGIE,3624218,200141,,https://www.last.fm/music/WESTSIDE+BOOGIE,0,"rap, Hip-Hop, west coast"
Girlfriends,3541763,200139,b18499c5-32b2-45cf-8bf3-4075dea497b5,https://www.last.fm/music/Girlfriends,0,"math rock, experimental, indie"
Pilot,1285895,200085,f205dc2f-2a6a-490d-bacb-bb0ad25796f4,https://www.last.fm/music/Pilot,0,"rock, classic rock, 70s"
Invadable Harmony,1492597,200013,,https://www.last.fm/music/Invadable+Harmony,0,"Soundtrack, orchestral, Classical"
Destin Conrad,2781055,199993,,https://www.last.fm/music/Destin+Conrad,0,"rnb, seen live, indie"
Michael Seyer,2423051,199951,,https://www.last.fm/music/Michael+Seyer,0,"pop, indie, vocal"
Wardruna,12766231,199887,91136bf7-3b12-4ae5-b93b-eddb9e561dfb,https://www.last.fm/music/Wardruna,0,"folk, neofolk, ambient"
PJ Morton,1883001,199885,d0bb100a-c0d6-4ef7-bde2-cc5095a31d24,https://www.last.fm/music/PJ+Morton,0,"rnb, Neo Soul, soul"
FRAD,2016074,199869,,https://www.last.fm/music/FRAD,0,"jazz, instrumental, New Zealand"
Hatchie,4125536,199725,,https://www.last.fm/music/Hatchie,0,"dream pop, seen live, indie pop"
Limbo,2587756,199701,fce5f1ff-a0a0-4f6e-9ad3-310babbe8a96,https://www.last.fm/music/Limbo,0,"darkwave, grindcore, ebm"
Mike Candys,2103012,199636,d22704f3-dcf9-4318-b6bb-9eedf565aafa,https://www.last.fm/music/Mike+Candys,0,"House, electro house, electronic"
Tender,3261365,199498,accda0bd-8107-4577-9146-2352654a51e1,https://www.last.fm/music/Tender,0,"electronic, chillout, indie"
Mind’s Eye,1769545,199468,,https://www.last.fm/music/Mind%E2%80%99s+Eye,0,"indie, USA, Lo-Fi"
Riot,3893587,199442,ca04e657-2ffc-4949-9150-cb43d9f231e2,https://www.last.fm/music/Riot,0,"heavy metal, speed metal, Power metal"
Ag Club,3403275,199426,,https://www.last.fm/music/Ag+Club,0,"rap, Hip-Hop, hip hop"
Beth Carvalho,2607121,199353,02809fda-8319-4628-b165-a51213bf30ac,https://www.last.fm/music/Beth+Carvalho,0,"samba, mpb, brasil"
Ella Jane,2219572,199349,,https://www.last.fm/music/Ella+Jane,0,"indie pop, pop, female vocalists"
Stick Figure,3852155,199216,0c124600-18da-4087-be0d-d7fb6a2526c6,https://www.last.fm/music/Stick+Figure,0,"reggae, dub, Reggae Rock"
CRAIG XEN,2553777,199215,,https://www.last.fm/music/CRAIG+XEN,0,"Hip-Hop, rap, Members only"
Team Astro,1783072,199172,,https://www.last.fm/music/Team+Astro,0,"chillout, electronic, Lo-Fi"
Matilda Mann,1963361,199156,,https://www.last.fm/music/Matilda+Mann,0,"folk, acoustic, british"
Los Tigres Del Norte,3371320,199088,75cdc7ad-63b6-48b3-8de2-617d08a9ddf8,https://www.last.fm/music/Los+Tigres+Del+Norte,0,"mexico, corridos, norteño"
Le Castle Vania,2419529,199059,c21a699a-c7ae-4fec-8490-48c1eaee06e4,https://www.last.fm/music/Le+Castle+Vania,0,"electro, electronic, disco punk"
Healy,2235508,199051,,https://www.last.fm/music/Healy,0,"Hip-Hop, rap, indie"
XaneMusic,2069683,199044,,https://www.last.fm/music/XaneMusic,0,
Julie Byrne,2557770,199041,4266bddb-2a59-445c-9b90-29f84dfffff6,https://www.last.fm/music/Julie+Byrne,0,"folk, singer-songwriter, indie folk"
Los Abuelos de la Nada,2463915,199028,4a8caef2-56e4-4358-a66a-f2346bd7dfa5,https://www.last.fm/music/Los+Abuelos+de+la+Nada,0,"Rock Argentino, rock, argentina"
Nic d,4027336,198998,,https://www.last.fm/music/Nic+d,0,"pop, rap, rnb"
Besomorph,3365100,198990,,https://www.last.fm/music/Besomorph,0,"electronic, german, singer-songwriter"
Maxine Nightingale,1099905,198462,0d8da158-389d-4b58-a62e-a6b5870fc3a4,https://www.last.fm/music/Maxine+Nightingale,0,"Disco, 70s, soul"
Blanco White,1974706,198458,,https://www.last.fm/music/Blanco+White,0,"folk, british, folk rock"
Krynoze,2042318,198421,,https://www.last.fm/music/Krynoze,0,"electronic, lo-fi hip hop, chillout"
AK,2938233,198383,f8744ce3-8fa1-4b47-b606-765a44c6408e,https://www.last.fm/music/AK,0,"House, chillout, rap"
Hot Mulligan,14220030,198361,,https://www.last.fm/music/Hot+Mulligan,0,"pop punk, emo, midwest emo"
$ilkMoney,2339251,198352,,https://www.last.fm/music/$ilkMoney,0,"rap, Hip-Hop, hip hop"
Omori,16718556,198269,,https://www.last.fm/music/Omori,0,"bulgarian, ambient, video game music"
Morat,11066397,198197,,https://www.last.fm/music/Morat,0,"folk pop, pop, amazing"
Midland,3052906,198191,35fddf9e-01f6-49af-8d03-b841dda89995,https://www.last.fm/music/Midland,0,"deep house, House, electronic"
Blu Detiger,1659652,198153,,https://www.last.fm/music/Blu+Detiger,0,"indie pop, pop, dance"
hyukoh,4881485,198074,,https://www.last.fm/music/hyukoh,0,"Korean, indie, rock"
TWO LANES,1726809,198067,,https://www.last.fm/music/TWO+LANES,0,"Lo-Fi, electronic, piano"
Leikeli47,2372075,197964,da8a2bf4-8298-4da4-b5ff-ad5adb856037,https://www.last.fm/music/Leikeli47,0,"rap, Hip-Hop, hip hop"
Carlos Baute,1676072,197864,bbad030f-bf55-4fc2-a643-248708e72f22,https://www.last.fm/music/Carlos+Baute,0,"latin, Pop Latino, venezuelan"
Molina,1547690,197851,,https://www.last.fm/music/Molina,0,"electronic, synthpop, danish"
Watsky,6932733,197671,865c3593-d9a5-48a5-9a73-f640a08073eb,https://www.last.fm/music/Watsky,0,"Hip-Hop, rap, hip hop"
Fazerdaze,2737717,197665,,https://www.last.fm/music/Fazerdaze,0,"dream pop, shoegaze, indie"
Olivia Dean,2925255,197655,,https://www.last.fm/music/Olivia+Dean,0,"rnb, pop, soul"
Jauz,2073227,197521,,https://www.last.fm/music/Jauz,0,"House, electronic, trap"
Germ,4497947,197516,f5771dc9-7ad4-4b7f-946b-413d5bbaa00d,https://www.last.fm/music/Germ,0,"Post-Black Metal, black metal, depressive black metal"
yunggoth✰,4223829,197429,,https://www.last.fm/music/yunggoth%E2%9C%B0,0,"pedocore, cloud rap, emo rap"
Flyte,1990761,197306,ec6272e4-cbd7-4fa9-b9e8-fd1cf1b8373f,https://www.last.fm/music/Flyte,0,"Progressive rock, symphonic prog, seen live"
Kaitlyn Aurelia Smith,2634892,197276,,https://www.last.fm/music/Kaitlyn+Aurelia+Smith,0,"ambient, electronic, experimental"
together PANGEA,3413468,197153,38acc2fa-ccb9-46e9-b1b6-7c133ce4d3ff,https://www.last.fm/music/together+PANGEA,0,"Garage Rock, seen live, Lo-Fi"
JJ DOOM,2753796,197119,edc0f73d-6290-4d11-ae34-6b447f850162,https://www.last.fm/music/JJ+DOOM,0,"Hip-Hop, underground hip-hop, rap"
Flora Matos,8558474,197098,,https://www.last.fm/music/Flora+Matos,0,"rap, female vocalists, hip hop"
Brown Eyed Girls,7960809,197058,66004b32-d662-49b2-bacf-e913a3b589fc,https://www.last.fm/music/Brown+Eyed+Girls,0,"k-pop, Korean, female vocalists"
Raymond Scott,2024056,196986,1807480c-c81e-401a-8016-300758f51008,https://www.last.fm/music/Raymond+Scott,0,"experimental, electronic, jazz"
Danna Paola,5595136,196954,3ad91c4e-ef5a-4d7c-99e7-21a8b0c9379d,https://www.last.fm/music/Danna+Paola,0,"mexican, pop, Danna Paola"
Danny L Harle,3591154,196798,1fd94d42-5e6a-46f2-84bf-9cc0be6c009f,https://www.last.fm/music/Danny+L+Harle,0,"bubblegum bass, electronic, pc music"
Roupa Nova,2908421,196670,6e71462e-0e62-49a8-a2d0-ec7179f58f66,https://www.last.fm/music/Roupa+Nova,0,"mpb, brasil, brazilian"
Dawid Podsiadło,14869949,196665,68ffdf6b-001c-41ed-aa3a-20ec0128f627,https://www.last.fm/music/Dawid+Podsiad%C5%82o,0,"seen live, polish, indie"
Baby Queen,4094159,196597,,https://www.last.fm/music/Baby+Queen,0,"pop, indie pop, south african"
Lil Loaded,5009445,196568,,https://www.last.fm/music/Lil+Loaded,0,"rap, Hip-Hop, Gangsta Rap"
RAÇA NEGRA,2793434,196559,1bc73091-5d48-45ba-a929-56b852dbd1ae,https://www.last.fm/music/RA%C3%87A+NEGRA,0,"Pagode, samba, musica brasileira"
Michael Nau,1703648,196482,,https://www.last.fm/music/Michael+Nau,0,"folk, singer-songwriter, indie folk"
Alain Goraguer,2288720,196457,c6666922-fc1f-4886-8b8f-2027e33e00f0,https://www.last.fm/music/Alain+Goraguer,0,"jazz, Soundtrack, french"
Hether,1693661,196447,,https://www.last.fm/music/Hether,0,"indie, alternative, psychedelic pop"
DUDA BEAT,17450746,196301,,https://www.last.fm/music/DUDA+BEAT,0,"pop, brazilian, seen live"
Jazz Liberatorz,2649345,196078,8f37dbd8-7000-47ce-9d80-50e305b6ef9d,https://www.last.fm/music/Jazz+Liberatorz,0,"Jazz Hop, Hip-Hop, jazz"
Yung Pinch,3869641,196076,,https://www.last.fm/music/Yung+Pinch,0,"Hip-Hop, rap, California"
Hail the Sun,7718834,196011,86048067-211d-4b94-8af4-20494abbdedf,https://www.last.fm/music/Hail+the+Sun,0,"post-hardcore, Progressive rock, experimental"
22Gz,5506965,195949,,https://www.last.fm/music/22Gz,0,"drill, rap, Hip-Hop"
IV Of Spades,5179033,195895,,https://www.last.fm/music/IV+Of+Spades,0,"funk, Disco, acid jazz"
Miura Jam,2319930,195854,,https://www.last.fm/music/Miura+Jam,0,"anime, Soundtrack, Disco"
Elijah Lee,1532901,195819,,https://www.last.fm/music/Elijah+Lee,0,"Lo-Fi, electronic, chill"
Los Bunkers,7184588,195766,e99f6d62-f62b-4e1e-8593-33d5696d85f0,https://www.last.fm/music/Los+Bunkers,0,"rock chileno, rock, chile"
Alice Glass,3753765,195751,,https://www.last.fm/music/Alice+Glass,0,"electronic, experimental, female vocalists"
Maude Latour,3835215,195702,,https://www.last.fm/music/Maude+Latour,0,"indie pop, pop, experimental"
Vinai,2008132,195679,,https://www.last.fm/music/Vinai,0,"electronic, House, italian"
Savage Ga$p,3579187,195652,,https://www.last.fm/music/Savage+Ga$p,0,"hyperpop, emo rap, Hip-Hop"
Rolling Blackouts Coastal Fever,3477691,195624,,https://www.last.fm/music/Rolling+Blackouts+Coastal+Fever,0,"seen live, indie rock, jangle pop"
WANNA ONE,6208885,195500,,https://www.last.fm/music/WANNA+ONE,0,"k-pop, Korean, Kpop"
Yuno,1326933,195351,55218b0a-6375-4284-baed-087a10eece49,https://www.last.fm/music/Yuno,0,"indie pop, seen live, electronic"
Alex,2520978,195341,dd4586a0-ee49-4616-8a69-1916cd6d5923,https://www.last.fm/music/Alex,0,"synthwave, electronic, Korean"
VAGUE003,2233842,195221,,https://www.last.fm/music/VAGUE003,0,"instrumental, american, witch house"
Narrow Head,4289315,195132,,https://www.last.fm/music/Narrow+Head,0,"shoegaze, Grunge, alternative rock"
Ameer Vann,3009578,195123,,https://www.last.fm/music/Ameer+Vann,0,"rap, Hip-Hop, hip hop"
Teddy Hyde,2543459,194983,,https://www.last.fm/music/Teddy+Hyde,0,"american, indie, singer-songwriter"
Knocked Loose,12260111,194945,,https://www.last.fm/music/Knocked+Loose,0,"hardcore, metalcore, beatdown hardcore"
Icon for Hire,7123010,194920,bfce9c6d-eff7-4965-b20e-cb21397470f5,https://www.last.fm/music/Icon+for+Hire,0,"alternative rock, female vocalists, rock"
Don Broco,8872344,194754,38fd7691-0543-409c-997f-7f15c10394a4,https://www.last.fm/music/Don+Broco,0,"seen live, post-hardcore, rock"
R. City,1219947,194726,,https://www.last.fm/music/R.+City,0,"rnb, power pop, Hip-Hop"
slenderbodies,3058696,194701,,https://www.last.fm/music/slenderbodies,0,"indie, indie pop, shoegaze"
Sugar Candy Mountain,2057027,194640,06181fca-00bf-4f50-9d8a-39fd0efb879e,https://www.last.fm/music/Sugar+Candy+Mountain,0,"dream pop, Psychedelic Rock, Lo-Fi"
Sunbeam Sound Machine,2116713,194590,,https://www.last.fm/music/Sunbeam+Sound+Machine,0,"dream pop, australian, psychedelic"
Wesley Safadão,5468422,194440,,https://www.last.fm/music/Wesley+Safad%C3%A3o,0,"dEUS, rei, god"
Vantage,2202988,194333,4094d46f-fadf-47de-80e2-14f3eaa8e3f4,https://www.last.fm/music/Vantage,0,"future funk, vaporwave, french"
Stephanie Beatriz,2676297,194326,,https://www.last.fm/music/Stephanie+Beatriz,0,"USA, hollywood, show tunes"
Mag.Lo,2208131,194253,,https://www.last.fm/music/Mag.Lo,0,"experimental, Hip-Hop, hip hop"
Darci,3984670,194238,601cc501-f114-4c42-86ae-6abd5d2b7d42,https://www.last.fm/music/Darci,0,"wave, Hip-Hop, chill"
Grupo Niche,2111233,194070,5436ce22-af50-4714-addc-afd5d2efc77f,https://www.last.fm/music/Grupo+Niche,0,"salsa, latin, Colombia"
brb.,3597673,193975,,https://www.last.fm/music/brb.,0,"rnb, electronic, pop"
Sista Prod,1715139,193762,,https://www.last.fm/music/Sista+Prod,0,
Cotton Jones,2501070,193760,04380c85-62e3-402e-9c6e-520f6d16a553,https://www.last.fm/music/Cotton+Jones,0,"folk, indie pop, indie"
With Confidence,5174616,193684,7ebbfea2-3202-4ae5-b351-879d2cbcce8c,https://www.last.fm/music/With+Confidence,0,"pop punk, australian, alternative rock"
WEKI MEKI,9051952,193607,,https://www.last.fm/music/WEKI+MEKI,0,"k-pop, Kpop, Korean"
Raiden,2512188,193598,d7f9bf88-dab4-49a9-ac5a-10b38b45ff8a,https://www.last.fm/music/Raiden,0,"Drum and bass, darkstep, techstep"
Fat Jon,4552170,193388,f9288855-58f9-42ed-8001-6edc34d2f00a,https://www.last.fm/music/Fat+Jon,0,"Hip-Hop, trip-hop, downtempo"
The Honeysticks,2735455,193376,,https://www.last.fm/music/The+Honeysticks,0,"indie pop, pop, indie"
JongHyun,9963805,193367,,https://www.last.fm/music/JongHyun,0,"k-pop, shinee, Korean"
Wesley Joseph,1906088,193330,,https://www.last.fm/music/Wesley+Joseph,0,"rap, hip hop, Hip-Hop"
Jerry Rivera,1585497,193288,d53d5b18-eb28-4b2d-a2e0-3fe2891a385f,https://www.last.fm/music/Jerry+Rivera,0,"salsa, latin, puerto rico"
shakewell,4095975,193272,,https://www.last.fm/music/shakewell,0,"rap, Hip-Hop, cloud rap"
The Hu,3175827,193143,803cb255-2fc9-453a-9617-b20e64369232,https://www.last.fm/music/The+Hu,0,"folk metal, folk rock, mongolian"
Friction,2299528,193053,e82e71d3-c420-4be3-964f-585bf09b3038,https://www.last.fm/music/Friction,0,"Drum and bass, punk, japanese"
bliss3three,3999975,192999,,https://www.last.fm/music/bliss3three,0,"vaporwave, hexd, hypnagogic pop"
Frederick Delius,893524,192965,2a006dfe-a7af-46d1-b38f-8c1d90dd230d,https://www.last.fm/music/Frederick+Delius,0,"Classical, romantic, english"
Enny,1861357,192943,,https://www.last.fm/music/Enny,0,"soul, rap, rnb"
Henry,2721624,192933,fcd1f6c4-33a8-430d-9588-670d248304da,https://www.last.fm/music/Henry,0,"k-pop, Korean, pop"
Justin Quiles,2682519,192836,e5fdb46c-eb73-4820-94ba-5dd5b35948cf,https://www.last.fm/music/Justin+Quiles,0,"Reggaeton, latin, Latin Urban"
Swirlies,3738711,192712,4ec4a033-ba44-41ca-8e09-3bf94fc08523,https://www.last.fm/music/Swirlies,0,"shoegaze, dream pop, Lo-Fi"
Armand Hammer,6752018,192666,167a6f86-2c26-43fe-82f0-e4c8a39ea490,https://www.last.fm/music/Armand+Hammer,0,"Hip-Hop, rap, underground hip-hop"
Grace Ives,2073115,192651,,https://www.last.fm/music/Grace+Ives,0,"indie pop, Lo-Fi, indie"
Tulipa Ruiz,5477630,192642,883cbd06-7ed2-4c5f-a5c0-8ea7792b4655,https://www.last.fm/music/Tulipa+Ruiz,0,"mpb, brazilian, folk"
PK,2792496,192601,f4456723-9674-451c-9266-583ec1b13e3c,https://www.last.fm/music/PK,0,"rock, Grime, pk"
Brock Berrigan,3174598,192572,c10c7e25-78db-494d-91b8-3e66fb0fa021,https://www.last.fm/music/Brock+Berrigan,0,"trip-hop, electronic, Hip-Hop"
Planet Giza,1447941,192540,,https://www.last.fm/music/Planet+Giza,0,"Hip-Hop, electronic, hip hop"
Moses Gunn Collective,1868185,192422,,https://www.last.fm/music/Moses+Gunn+Collective,0,"Psychedelic Rock, psychedelic, psychedelic pop"
Mino,4091818,192378,c65e6674-1a60-4350-afdf-0f6e1904eebf,https://www.last.fm/music/Mino,0,"rap, k-pop, Hip-Hop"
Udo Lindenberg,3481949,192285,8d3c6a3c-4d97-455c-ad07-3fefc0172861,https://www.last.fm/music/Udo+Lindenberg,0,"Deutschrock, german, rock"
daoko,6119056,192210,8627f0c6-7ff3-4dee-b42d-48163e8187db,https://www.last.fm/music/daoko,0,"japanese, Hip-Hop, j-pop"
Sega Bodega,5259727,192145,,https://www.last.fm/music/Sega+Bodega,0,"electronic, Grime, experimental"
Caramella Girls,2089523,192020,,https://www.last.fm/music/Caramella+Girls,0,"dance, eurodance, swedish"
Orange Caramel,5486411,191944,27b9a365-56c2-4471-b886-d4af635b1fb0,https://www.last.fm/music/Orange+Caramel,0,"k-pop, Korean, Kpop"
Bratmobile,3024157,191848,d6dfbc0b-d737-49df-be8e-517b85985bcb,https://www.last.fm/music/Bratmobile,0,"riot grrrl, punk, female vocalists"
Tiê,4918382,191835,4c9d623a-8ba8-44ef-b866-17cc8d353019,https://www.last.fm/music/Ti%C3%AA,0,"mpb, folk, female vocalists"
Yerin Baek,10492063,191777,,https://www.last.fm/music/Yerin+Baek,0,"k-pop, rnb, Korean"
Haywyre,2979990,191766,a2655283-a2b6-493d-843b-dd0995ac401e,https://www.last.fm/music/Haywyre,0,"dubstep, glitch, electronic"
Skylar Spence,2165637,191741,,https://www.last.fm/music/Skylar+Spence,0,"vaporwave, future funk, electronic"
Chanyeol,6668325,191635,,https://www.last.fm/music/Chanyeol,0,"k-pop, exo, Korean"
Aram Khachaturian,971197,191605,fa25cd1f-beeb-4718-b4bb-d3da4f53539f,https://www.last.fm/music/Aram+Khachaturian,0,"Classical, Armenian, contemporary classical"
Junko Ohashi,1980037,191603,,https://www.last.fm/music/Junko+Ohashi,0,"j-pop, japanese, Japanese City Pop"
Kudasaibeats,3164657,191504,,https://www.last.fm/music/Kudasaibeats,0,"Lo-Fi, american, Hip-Hop"
Kris Kross Amsterdam,2350670,191458,,https://www.last.fm/music/Kris+Kross+Amsterdam,0,"pop, dance, House"
G Mills,1120748,191458,,https://www.last.fm/music/G+Mills,0,"Lo-Fi, electronic, chill"
Kraftklub,10296661,191439,ecfc32cb-b26e-41a0-8b41-7100c6a3fcc4,https://www.last.fm/music/Kraftklub,0,"seen live, german, indie"
Dominic Cooper,1258690,191367,ffe1a914-e759-4363-a0fa-9be7349f6d4d,https://www.last.fm/music/Dominic+Cooper,0,"Mamma mia, pop, Soundtrack"
NateWantsToBattle,5313739,191353,,https://www.last.fm/music/NateWantsToBattle,0,"post-hardcore, alternative, covers"
Ollie MN,2214994,191280,,https://www.last.fm/music/Ollie+MN,0,"acoustic, indie, british"
Blanco,5615427,191264,f1522a98-91d6-4397-8990-30ca9e5c9e4b,https://www.last.fm/music/Blanco,0,"Hip-Hop, rap, hip hop"
Lexi Jayde,2823184,191258,,https://www.last.fm/music/Lexi+Jayde,0,"pop, indie pop, female vocalists"
Endor,1267232,191253,3f23ce60-38bf-48b1-9f76-9a6582d0784b,https://www.last.fm/music/Endor,0,"House, Scottish, Brutal Death Metal"
Mineral,5494828,191159,b92fbf93-4e2d-424d-a888-7da5fc41d0b6,https://www.last.fm/music/Mineral,0,"emo, indie, midwest emo"
Romy,2459296,191153,,https://www.last.fm/music/Romy,0,"electronic, House, pop"
Valentino Khan,1454520,191117,,https://www.last.fm/music/Valentino+Khan,0,"electronic, House, moombahton"
Seals And Crofts,1067950,190957,,https://www.last.fm/music/Seals+And+Crofts,0,"soft rock, classic rock, 70s"
Sorriso Maroto,4886425,190787,15f48f68-b87c-4824-8f16-db300b996b72,https://www.last.fm/music/Sorriso+Maroto,0,"Pagode, SORRISO MAROTO, samba"
SadBoyProlific,5179422,190669,,https://www.last.fm/music/SadBoyProlific,0,"rap, Hip-Hop, emo"
Life Without Buildings,2535787,190554,f2fc3767-1688-4a84-be35-38b7928a1fcc,https://www.last.fm/music/Life+Without+Buildings,0,"post-punk, indie, art rock"
Kenny Mason,5704930,190387,5fcd8351-53ea-4c39-ba6a-a2c2afb24007,https://www.last.fm/music/Kenny+Mason,0,"Hip-Hop, rap, trap"
The Unlikely Candidates,2623112,190372,568a5f4b-f182-43be-9fe8-7758dd69be07,https://www.last.fm/music/The+Unlikely+Candidates,0,"alternative, indie rock, rock"
Carlie Hanson,2557256,190348,,https://www.last.fm/music/Carlie+Hanson,0,"pop, alternative, indie pop"
Trinix,1567030,190335,,https://www.last.fm/music/Trinix,0,"electronic, french, electro"
fatboibari,2341374,190302,,https://www.last.fm/music/fatboibari,0,"american, United States"
Nina,2359687,190224,eba09275-2e0f-4e70-b954-555e1aec3720,https://www.last.fm/music/Nina,0,"eurodance, pop, female vocalists"
Cathedral Bells,1498108,190139,,https://www.last.fm/music/Cathedral+Bells,0,"shoegaze, dream pop, indie pop"
Party Favor,1633312,190112,,https://www.last.fm/music/Party+Favor,0,"electronic, dance, House"
Dustin Lynch,2940777,190032,64f8c7a9-1074-4ab7-bb2c-8397884cd38a,https://www.last.fm/music/Dustin+Lynch,0,"country, Donald Trump, trump"
Clarence Clarity,4638644,189962,bd72c37d-5c45-42d1-8ccf-97ebb5612b8f,https://www.last.fm/music/Clarence+Clarity,0,"experimental, rnb, glitch pop"
Terror Jr,3392208,189906,,https://www.last.fm/music/Terror+Jr,0,"pop, electronic, electropop"
SL,4443417,189890,74c62238-d0d9-47c2-8a77-a8ac31383c75,https://www.last.fm/music/SL,0,"Grime, Hip-Hop, drill"
Wednesday,4293113,189874,9af01d07-8f6e-4651-bdcb-38efae021af7,https://www.last.fm/music/Wednesday,0,"shoegaze, indie rock, Alt-country"
Parry Gripp,2488807,189845,6c12eade-8e98-4e1c-b995-2ceb7f17ad32,https://www.last.fm/music/Parry+Gripp,0,"comedy, funny, rock"
daigoro789,4013532,189834,,https://www.last.fm/music/daigoro789,0,"piano, Soundtrack, solo piano"
Spillage VIllage,4006155,189831,4b1d3ebc-b45a-45ec-a97e-426a20c1c6ab,https://www.last.fm/music/Spillage+VIllage,0,"rap, Hip-Hop, hip hop"
arlie,2356592,189830,,https://www.last.fm/music/arlie,0,"indie, pop, House"
La Ley,2852524,189748,63c5d2a6-bc32-4991-bf3a-9efe3a1d741b,https://www.last.fm/music/La+Ley,0,"Rock en Espanol, Latin Rock, chile"
Ojerime,2638672,189634,,https://www.last.fm/music/Ojerime,0,"rnb, alternative rnb, Hip-Hop"
Gente de Zona,1650710,189566,35e53195-f6e1-40bc-a3ae-62b1900ee199,https://www.last.fm/music/Gente+de+Zona,0,"Reggaeton, cubaton, cuba"
Wild Party,2654905,189555,e5c07522-9b9a-4e68-a927-25a772a1c9f6,https://www.last.fm/music/Wild+Party,0,"indie pop, indie, seen live"
Etta Jones,1009847,189547,1bb2fd3c-3ed3-49d2-afb5-5266dcdbafa8,https://www.last.fm/music/Etta+Jones,0,"jazz, female vocalists, jazz vocal"
Nigo,1593075,189481,a4285c08-715a-4145-a217-49e98f7f0364,https://www.last.fm/music/Nigo,0,"japanese, trip-hop, minimal"
Jean Deaux,1620428,189447,,https://www.last.fm/music/Jean+Deaux,0,"pop, rap, rnb"
Rocío Dúrcal,2604391,189407,b8ba2ae6-a233-4b9c-bce3-ea7a7803c946,https://www.last.fm/music/Roc%C3%ADo+D%C3%BArcal,0,"spanish, rocio durcal, female vocalists"
KVSH,1988399,189402,,https://www.last.fm/music/KVSH,0,"eletronic, dance, brazil"
Tevomxntana,2951549,189398,,https://www.last.fm/music/Tevomxntana,0,
Tom The Mail Man,4530406,189335,,https://www.last.fm/music/Tom+The+Mail+Man,0,"rap, Hip-Hop, emo rap"
Davi Kneip,3007897,189233,,https://www.last.fm/music/Davi+Kneip,0,"funk, brazil, brasil"
Runnner,1697525,189163,,https://www.last.fm/music/Runnner,0,"folk, indie, indie folk"
Gunship,5976862,189148,,https://www.last.fm/music/Gunship,0,"synthwave, electronic, retrowave"
Jonatan Leandoer96,7838061,188971,,https://www.last.fm/music/Jonatan+Leandoer96,0,"indie rock, cloud rap, experimental"
plenka,3186981,188948,,https://www.last.fm/music/plenka,0,"witch house, electronic, downtempo"
Melody,2558899,188943,de42b44e-0b7d-449e-a6bb-8c08a617d78d,https://www.last.fm/music/Melody,0,"pop, funk, female vocalist"
The Blue Stones,3008208,188904,bff6b03f-c91b-4af9-a7f3-3dad6bc3165e,https://www.last.fm/music/The+Blue+Stones,0,"blues rock, Garage Rock, rock"
Uyama Hiroto,3847272,188869,ff139930-ec21-4c01-8737-4e4c05bdd472,https://www.last.fm/music/Uyama+Hiroto,0,"jazz, nu-jazz, instrumental"
Anohni,3902137,188846,,https://www.last.fm/music/Anohni,0,"electronic, art pop, experimental"
Ryan,1095280,188771,e98d0b49-cb6d-4f8b-b10b-a20757497648,https://www.last.fm/music/Ryan,0,"trip-hop, trance, pop"
Crass,5595004,188709,c7437df4-6fac-4c89-99ae-f8640f268222,https://www.last.fm/music/Crass,0,"punk, anarcho-punk, punk rock"
Los Tucanes De Tijuana,1978607,188700,f1802d84-5885-4cc0-81c6-c4823510ebf4,https://www.last.fm/music/Los+Tucanes+De+Tijuana,0,"mexico, regional mexican, mexican folk"
Goody Grace,2001022,188609,,https://www.last.fm/music/Goody+Grace,0,"Hip-Hop, indie, alternative"
Arthur Verocai,2973638,188577,b236b897-8db4-4823-b28e-c211683254ac,https://www.last.fm/music/Arthur+Verocai,0,"jazz, Bossa Nova, brazilian"
IzzaMuzzic,2395429,188460,,https://www.last.fm/music/IzzaMuzzic,0,"downtempo, dance, electronic"
Millionaires,4674073,188342,16b62960-0290-4ddf-91a1-5eb64f5c5d19,https://www.last.fm/music/Millionaires,0,"electronic, electro, Scene"
Andrew Garfield,6030949,188334,,https://www.last.fm/music/Andrew+Garfield,0,"pop, Soundtrack, american"
carpetgarden,2475549,188265,,https://www.last.fm/music/carpetgarden,0,"hip hop, alternative, emo"
Rx Papi,6315431,188173,,https://www.last.fm/music/Rx+Papi,0,"cloud rap, plugg, trap"
The KVB,2794893,188106,cec651c7-19f4-4965-9566-3a05024130be,https://www.last.fm/music/The+KVB,0,"post-punk, shoegaze, darkwave"
cold hart,4132404,188091,,https://www.last.fm/music/cold+hart,0,"cloud rap, emo rap, trap"
Grady,2165932,188085,7ceb0bc2-3a1b-44aa-8cba-01cfc34eec2c,https://www.last.fm/music/Grady,0,"blues rock, rock, Stoner Rock"
Phil Wickham,4427451,188071,b635a97f-a971-4d53-8317-b21d3ca4f901,https://www.last.fm/music/Phil+Wickham,0,"christian, worship, christian rock"
Xavier Omär,1801142,188047,,https://www.last.fm/music/Xavier+Om%C3%A4r,0,"rnb, soul, pop"
Old Dominion,3754600,187990,6aee16a0-bb7e-45a8-8879-d965a25ae310,https://www.last.fm/music/Old+Dominion,0,"country, black metal, seen live"
Ryan Castro,3012085,187942,,https://www.last.fm/music/Ryan+Castro,0,"Reggaeton, latin, Colombia"
Cemeteries,2170461,187933,ded3dedb-8ab3-4dca-8447-e3d31ab6aaa7,https://www.last.fm/music/Cemeteries,0,"dream pop, ambient, indie"
Christine Baranski,1406495,187822,,https://www.last.fm/music/Christine+Baranski,0,"Soundtrack, Mamma mia, female vocalists"
Counterparts,12249627,187804,4b0dd5e7-c795-42bd-8311-bc9f71fabd0a,https://www.last.fm/music/Counterparts,0,"melodic hardcore, metalcore, hardcore"
Soulchef,1773316,187618,b7302cd1-8f0d-46ce-b869-872922c4002d,https://www.last.fm/music/Soulchef,0,"Hip-Hop, Jazz Hop, underground hip-hop"
Bruno & Marrone,4031202,187613,f7c823d0-c49f-40d3-84c0-edc32d045ea2,https://www.last.fm/music/Bruno+&+Marrone,0,"sertanejo, Bruno e Marrone, brazilian country"
Stephen Schwartz,2706582,187572,57df78f7-085d-4322-9589-fd41c1e1e869,https://www.last.fm/music/Stephen+Schwartz,0,"musical, musicals, Broadway"
Matt and Kim,1675244,187522,28537bf2-22c5-4840-91fc-fcb98e8c7379,https://www.last.fm/music/Matt+and+Kim,0,"seen live, indie pop, indie"
The Ballroom Thieves,1240719,187466,,https://www.last.fm/music/The+Ballroom+Thieves,0,"folk, folk rock, seen live"
Dry Cleaning,4427615,187429,,https://www.last.fm/music/Dry+Cleaning,0,"post-punk, Crank wave, spoken word"
Turbo,4080644,187325,fef62a45-9ec1-4412-9443-08e39772b96f,https://www.last.fm/music/Turbo,0,"heavy metal, thrash metal, polish"
Matt Champion,1966056,187248,,https://www.last.fm/music/Matt+Champion,0,"brockhampton, Hip-Hop, rap"
Pale Jay,1086762,187245,,https://www.last.fm/music/Pale+Jay,0,"soul, indie, jazz"
Siames,3878833,187224,,https://www.last.fm/music/Siames,0,"electronic, indie, argentina"
Saucy Santana,1529220,187105,,https://www.last.fm/music/Saucy+Santana,0,"pop, rap, USA"
MASN,2626470,187105,,https://www.last.fm/music/MASN,0,"Hip-Hop, pop, alternative"
Confetti,2904367,187027,866e50dc-b6b3-4c6b-91ae-3a872765dac9,https://www.last.fm/music/Confetti,0,"indie pop, twee, indie"
Addison Rae,3762633,186975,,https://www.last.fm/music/Addison+Rae,0,"pop, queen of pop, tiktok"
Origami Angel,10832916,186950,,https://www.last.fm/music/Origami+Angel,0,"emo, pop punk, midwest emo"
Chitãozinho & Xororó,2217824,186934,59378495-b82b-4def-bb34-0d7c83a58e6e,https://www.last.fm/music/Chit%C3%A3ozinho+&+Xoror%C3%B3,0,"sertanejo, brazilian, brazilian country"
Yugo Kanno,5380497,186853,,https://www.last.fm/music/Yugo+Kanno,0,"Soundtrack, japanese, instrumental"
Parannoul,6519729,186845,,https://www.last.fm/music/Parannoul,0,"shoegaze, emo, post-rock"
Snail's house,5646951,186821,,https://www.last.fm/music/Snail%27s+house,0,"future bass, electronic, kawaii bass"
I Set My Friends on Fire,5666304,186820,29cb45d6-d339-4ab2-a2e2-40715aa9f3bf,https://www.last.fm/music/I+Set+My+Friends+on+Fire,0,"post-hardcore, experimental, screamo"
Jalen Santoy,1885014,186778,,https://www.last.fm/music/Jalen+Santoy,0,"Hip-Hop, rap, hip hop"
Beach Goons,2140772,186674,,https://www.last.fm/music/Beach+Goons,0,"Garage Rock, surf punk, surf rock"
Jessie Murph,2645629,186622,,https://www.last.fm/music/Jessie+Murph,0,"pop, USA, indie"
Leo,3981210,186598,f0cdb3e4-5258-48d6-b0a4-6719ec61c13d,https://www.last.fm/music/Leo,0,"heavy metal, metal, Spanish Metal"
Cícero,12014330,186377,fe83acee-f465-4cd5-a6b0-9b1f946a335d,https://www.last.fm/music/C%C3%ADcero,0,"mpb, brazilian, folk"
Gia Margaret,2201684,186217,,https://www.last.fm/music/Gia+Margaret,0,"ambient, indie, singer-songwriter"
The Main Ingredient,1022730,186069,ee06187e-f6db-46e0-8164-be626127673d,https://www.last.fm/music/The+Main+Ingredient,0,"soul, 70s, funk"
The Beaches,2235944,186032,7cdde914-8b3e-4690-9eba-2dac2d5bb977,https://www.last.fm/music/The+Beaches,0,"indie rock, rock, indie"
g3ox_em,1501449,186013,,https://www.last.fm/music/g3ox_em,0,"Romanian, phonk, sigma"
Kurt Hugo Schneider,1971012,185938,,https://www.last.fm/music/Kurt+Hugo+Schneider,0,"youtube, male vocalists, Kurt Hugo Schneider"
S1mba,1786120,185929,,https://www.last.fm/music/S1mba,0,"Hip-Hop, rap, limited tracks"
BLUE IVERSON,1664564,185878,,https://www.last.fm/music/BLUE+IVERSON,0,"jazz, electronic, british"
Konteks,940089,185837,,https://www.last.fm/music/Konteks,0,"Lo-Fi, beats, Hip-Hop"
Nathy Peluso,6209594,185782,,https://www.last.fm/music/Nathy+Peluso,0,"argentina, pop, seen live"
Austin Wintory,4980219,185710,78f15956-c5e1-46d6-a46b-fa6f46681ec8,https://www.last.fm/music/Austin+Wintory,0,"Soundtrack, video game music, ambient"
Woosung,4172003,185618,,https://www.last.fm/music/Woosung,0,"k-pop, Korean, seen live"
Kyle Dion,2150928,185539,,https://www.last.fm/music/Kyle+Dion,0,"rnb, soul, USA"
Torres,2909492,185536,a6b08ab1-3927-4644-ba6e-48e565ee3872,https://www.last.fm/music/Torres,0,"indie, folk, alternative"
Molly Burch,2077004,185472,,https://www.last.fm/music/Molly+Burch,0,"singer-songwriter, indie, folk"
Polvo,4152971,185408,a57e5515-555a-42d6-a92a-465deac3fdd1,https://www.last.fm/music/Polvo,0,"math rock, indie rock, post-rock"
Daisy Jones & The Six,6805736,185390,,https://www.last.fm/music/Daisy+Jones+&+The+Six,0,"rock, 70s, folk"
Evgeny Grinko,2424541,185318,,https://www.last.fm/music/Evgeny+Grinko,0,"instrumental, piano, russian"
Suzy,3111378,185311,b328302c-bb99-4266-8bd2-eb676be06a48,https://www.last.fm/music/Suzy,0,"k-pop, ladino, jewish"
Autoheart,4756589,185238,eba72c3c-47e5-4541-ae1c-c34b217d38c4,https://www.last.fm/music/Autoheart,0,"indie pop, indie, british"
Lexa,5872965,185230,bfc59a63-56e1-441e-99da-1c5210f3e27a,https://www.last.fm/music/Lexa,0,"pop, dance, funk"
SpaceGhostPurrp,7556043,185076,6c0143f4-f950-4608-8572-6ebefc2a37c9,https://www.last.fm/music/SpaceGhostPurrp,0,"Hip-Hop, rap, Lo-Fi"
Glorilla,1861085,184934,,https://www.last.fm/music/Glorilla,0,"rap, Hip-Hop, hip hop"
PLAYAMANE,1857960,184888,,https://www.last.fm/music/PLAYAMANE,0,"electronic, instrumental, phonk"
Luiz Gonzaga,2829991,184887,712fcc0f-25f5-45bf-bbb8-2601872d08e1,https://www.last.fm/music/Luiz+Gonzaga,0,"Forro, baiao, brasil"
Wallice,1908672,184808,,https://www.last.fm/music/Wallice,0,"indie pop, indie rock, bedroom pop"
Felly,2367056,184749,,https://www.last.fm/music/Felly,0,"Hip-Hop, rap, electronic"
Taco,1086629,184726,80da83e1-644f-43a7-8db1-143bfd0030d1,https://www.last.fm/music/Taco,0,"new wave, 80s, pop"
Weston Estate,4414609,184692,,https://www.last.fm/music/Weston+Estate,0,"seen live, United States, chill RnB"
sadie jean,1941100,184593,,https://www.last.fm/music/sadie+jean,0,"spotify, upcoming album 2023"
Zion.T,4644541,184416,,https://www.last.fm/music/Zion.T,0,"Korean, rnb, Hip-Hop"
RENforshort,2951790,184294,,https://www.last.fm/music/RENforshort,0,"indie pop, Canadian, indie"
YN Jay,1969157,184279,,https://www.last.fm/music/YN+Jay,0,"rap, american, flint"
Sango,2826335,184258,150aacdf-a15f-46b8-8a99-25cde68e90de,https://www.last.fm/music/Sango,0,"beats, instrumental hip-hop, future bass"
DJ Seinfeld,2543483,184241,,https://www.last.fm/music/DJ+Seinfeld,0,"House, outsider house, electronic"
Kikagaku Moyo,3727724,184217,3a605eba-b6a1-4298-855d-b3033df0bf8b,https://www.last.fm/music/Kikagaku+Moyo,0,"Psychedelic Rock, space rock, psychedelic"
Qveen Herby,4750838,184040,,https://www.last.fm/music/Qveen+Herby,0,"rnb, rap, Hip-Hop"
Hands Like Houses,6928892,183974,5f4ad442-76d1-4cd3-8677-3cff7be4c8d4,https://www.last.fm/music/Hands+Like+Houses,0,"post-hardcore, experimental, electronic"
Black Honey,2322623,183944,,https://www.last.fm/music/Black+Honey,0,"seen live, indie rock, rock"
A$AP Twelvyy,1787743,183881,,https://www.last.fm/music/A$AP+Twelvyy,0,"Hip-Hop, rap, ASAP Mob"
Young T & Bugsey,2001803,183837,,https://www.last.fm/music/Young+T+&+Bugsey,0,"rap, Hip-Hop, hip hop"
Sezen Aksu,6758319,183727,635e2a34-a566-47c4-b61d-fa5d203856aa,https://www.last.fm/music/Sezen+Aksu,0,"turkish, female vocalists, Turkish Pop"
Issues,7467662,183686,fe8b8d22-a1ea-457e-8727-7e143df084b1,https://www.last.fm/music/Issues,0,"post-hardcore, metalcore, electronic"
lovesliescrushing,3980898,183637,fedc3fa4-81f7-4e93-a231-3d5d6e39ca39,https://www.last.fm/music/lovesliescrushing,0,"shoegaze, ambient, dream pop"
Throttle,2049739,183441,b9809836-7588-419d-ab9e-e1685be21b1d,https://www.last.fm/music/Throttle,0,"House, electronic, future house"
EST Gee,4349834,183313,,https://www.last.fm/music/EST+Gee,0,"rap, kentucky, drill"
Jamila Woods,2547491,183297,,https://www.last.fm/music/Jamila+Woods,0,"soul, rnb, seen live"
Bluestaeb,1045204,183282,6fbef579-b5f9-467f-a088-4f66d78dfc4b,https://www.last.fm/music/Bluestaeb,0,"electronic, ambient, Hip-Hop"
F.O.O.L,2314958,183282,8ccd44fb-1c4a-4c5f-98b5-cf3b35a2aa5c,https://www.last.fm/music/F.O.O.L,0,"electro, hard electro, electronic"
Sole,3392400,183266,7bc3a2d0-7eed-4b42-ae96-7d68c644454d,https://www.last.fm/music/Sole,0,"Hip-Hop, anticon, underground hip-hop"
Angel Y Khriz,1211411,183255,29c713f5-744a-4d0b-8d77-736770983aab,https://www.last.fm/music/Angel+Y+Khriz,0,"Reggaeton, latin, dance"
Post Animal,2148027,183175,,https://www.last.fm/music/Post+Animal,0,"Psychedelic Rock, psychedelic, indie rock"
Fumez The Engineer,6178606,183154,,https://www.last.fm/music/Fumez+The+Engineer,0,"Hip-Hop, rap, drill"
lilbubblegum,4018862,183154,,https://www.last.fm/music/lilbubblegum,0,"New Zealand, Hip-Hop, rap"
Lady Pank,8736044,183084,922ddcf6-2b69-4bc4-9b40-153cb9fad712,https://www.last.fm/music/Lady+Pank,0,"rock, polish, polish rock"
Icarus,1343744,183074,df137045-cb2c-42e6-aad8-d1e2124129be,https://www.last.fm/music/Icarus,0,"electronic, experimental, idm"
Sofía Reyes,1687288,183072,,https://www.last.fm/music/Sof%C3%ADa+Reyes,0,"pop, latin, mexico"
ぬいぐるみクレヨン Lush Crayon,1601780,183042,,https://www.last.fm/music/%E3%81%AC%E3%81%84%E3%81%90%E3%82%8B%E3%81%BF%E3%82%AF%E3%83%AC%E3%83%A8%E3%83%B3+Lush+Crayon,0,"vaporwave, electronic, synthwave"
Phora,3519652,183040,,https://www.last.fm/music/Phora,0,"Hip-Hop, rap, hip hop"
Gareth Coker,5504196,182971,96eca91a-fdb5-4a0e-908b-ba526ba166df,https://www.last.fm/music/Gareth+Coker,0,"Soundtrack, video game music, electronic"
Isaac Delusion,1870196,182865,d6cce8f3-abd5-4e39-89b9-ab10cf813540,https://www.last.fm/music/Isaac+Delusion,0,"indie pop, indietronica, downtempo"
Meitei,1775569,182837,,https://www.last.fm/music/Meitei,0,"ambient, experimental, japanese"
Pedro Capó,1456768,182819,b785fec3-4329-48ee-86ab-5df83859bf67,https://www.last.fm/music/Pedro+Cap%C3%B3,0,"puerto rico, pop, latin"
OneUs,15630664,182818,,https://www.last.fm/music/OneUs,0,"k-pop, Kpop, Korean"
La Luz,2187697,182728,9b5ae4cc-15ae-4f0b-8a4e-8c44e42ba52a,https://www.last.fm/music/La+Luz,0,"Surf, surf pop, seen live"
cxlt.,1660724,182686,,https://www.last.fm/music/cxlt.,0,"electronic, Lo-Fi, lo-fi hip hop"
Os Barões Da Pisadinha,5525536,182482,,https://www.last.fm/music/Os+Bar%C3%B5es+Da+Pisadinha,0,"brazilian, Forro, piseiro"
Omah Lay,2553914,182473,,https://www.last.fm/music/Omah+Lay,0,"afrobeats, pop, africa"
Qumu,2779564,182407,,https://www.last.fm/music/Qumu,0,"electronic, video game music, chiptune"
Ilan Eshkeri,2411811,182405,d96b227e-87fb-4391-ac1a-8a2657ead68b,https://www.last.fm/music/Ilan+Eshkeri,0,"Soundtrack, instrumental, composer"
Kokoroko,1897677,182378,,https://www.last.fm/music/Kokoroko,0,"jazz, afrobeat, seen live"
Skott,2417803,182300,,https://www.last.fm/music/Skott,0,"pop, electronic, swedish"
Braid,4415513,182264,12269eae-3c21-4586-acf2-6cb03c92f4e7,https://www.last.fm/music/Braid,0,"emo, indie, post-hardcore"
White Reaper,2436610,182260,614ae988-c23c-4cf9-bb60-d6d756793005,https://www.last.fm/music/White+Reaper,0,"Garage Punk, Garage Rock, punk rock"
Eyehategod,7073444,182224,742e54f5-debd-4fc1-a7c1-00edf9b673a5,https://www.last.fm/music/Eyehategod,0,"Sludge, doom metal, sludge metal"
Erick The Architect,1532589,182213,,https://www.last.fm/music/Erick+The+Architect,0,"hip hop, rap, Lo-Fi"
Dimension,2987871,182169,e9a583d6-754c-43d1-9462-0a73562bd717,https://www.last.fm/music/Dimension,0,"Fusion, Drum and bass, jazz"
Zé Felipe,3195554,182139,,https://www.last.fm/music/Z%C3%A9+Felipe,0,"brazil, portuguese, brazilian"
eugenio izzi,1359695,182085,,https://www.last.fm/music/eugenio+izzi,0,"electronic, Lo-Fi, chill"
Koffee,2206317,182053,,https://www.last.fm/music/Koffee,0,"reggae, dancehall, rap"
for KING & COUNTRY,2939000,182006,594beb50-0853-4e48-b3b9-b9ce1c3b72c9,https://www.last.fm/music/for+KING+&+COUNTRY,0,"christian, indie, contemporary christian"
Purple Kiss,11513188,181974,1871b327-c86b-4088-9fb2-a8072ea37569,https://www.last.fm/music/Purple+Kiss,0,"k-pop, Kpop, Korean"
Ziv Zaifman,1327992,181890,,https://www.last.fm/music/Ziv+Zaifman,0,"United States, the greatest showman"
Mart'nália,2112982,181796,a36e4f1f-aaba-427d-bab0-0b9535c8fb7f,https://www.last.fm/music/Mart%27n%C3%A1lia,0,"samba, mpb, brasil"
美波,4615185,181791,,https://www.last.fm/music/%E7%BE%8E%E6%B3%A2,0,"J-rock, j-pop, rock"
Paradis,3145809,181730,7ac725c0-099e-485a-82d7-a56e583b6a2f,https://www.last.fm/music/Paradis,0,"electronic, House, deep-house"
The Chats,4503874,181658,,https://www.last.fm/music/The+Chats,0,"punk rock, punk, australian"
SPELLLING,4992608,181640,,https://www.last.fm/music/SPELLLING,0,"art pop, ethereal wave, experimental"
Franc Moody,2402844,181620,,https://www.last.fm/music/Franc+Moody,0,"funk, Disco, electronic"
Sasami,2685539,181443,,https://www.last.fm/music/Sasami,0,"shoegaze, indie rock, seen live"
Marc Streitenfeld,2454193,181223,89135b31-b312-4be5-9d8c-e0c28a3a4659,https://www.last.fm/music/Marc+Streitenfeld,0,"Soundtrack, composer, german"
Fuego,1575096,181200,c28b6a32-97b3-4d41-857d-fc8772c769f2,https://www.last.fm/music/Fuego,0,"Reggaeton, merengue, electronic"
Sandy e Junior,7820185,181171,548346cc-51ee-414c-90cf-ff7f047059f0,https://www.last.fm/music/Sandy+e+Junior,0,"pop, pop rock, dance"
Trevor Something,4296345,180950,5e114cdf-10f8-4d0b-a974-4b86491b1c7e,https://www.last.fm/music/Trevor+Something,0,"synthwave, synthpop, electronic"
New Years Day,3208305,180945,e5648c4a-f07c-48a8-9b58-32ac5ff092e5,https://www.last.fm/music/New+Years+Day,0,"female vocalists, pop punk, rock"
Alberto Baldan Bembo,1314951,180812,540722f1-35b5-4a8c-82e9-5c80ff4c1be5,https://www.last.fm/music/Alberto+Baldan+Bembo,0,"lounge, jazz, easy listening"
Rei Harakami,3245276,180812,6b77d8ef-c405-4846-9d5f-2b93e6533101,https://www.last.fm/music/Rei+Harakami,0,"electronica, ambient, japanese"
Cleopatrick,4537030,180810,,https://www.last.fm/music/Cleopatrick,0,"rock, Garage Rock, canada"
Thutmose,1591145,180802,,https://www.last.fm/music/Thutmose,0,"rap, Hip-Hop, american"
Grace Potter,1222816,180782,b1103b87-3b91-4ec5-9d7b-15c2d1e486af,https://www.last.fm/music/Grace+Potter,0,"blues, female vocalists, soul"
Kayzo,2476851,180778,,https://www.last.fm/music/Kayzo,0,"dubstep, electronic, Brostep"
Thiaguinho,4039919,180749,4be23765-ef3e-4864-8397-b3120f991e23,https://www.last.fm/music/Thiaguinho,0,"Pagode, samba, brazilian"
Levitation Room,1749141,180715,,https://www.last.fm/music/Levitation+Room,0,"Garage Rock, psychedelic, Psychedelic Rock"
glue70,1435656,180689,aeee1621-62eb-4798-b6c3-e4b60e10c4a3,https://www.last.fm/music/glue70,0,"big beat, electronic, breakbeat"
DECO*27,6933942,180613,bd247ab3-c22d-4b5d-a6fd-437771cacbbe,https://www.last.fm/music/DECO%2A27,0,"vocaloid, japanese, j-pop"
SF9,10618965,180521,,https://www.last.fm/music/SF9,0,"k-pop, Korean, pop"
Seori,4614240,180517,,https://www.last.fm/music/Seori,0,"Korean, k-pop, k-rnb"
Cix,10821757,180481,,https://www.last.fm/music/Cix,0,"k-pop, pop, Korean"
ASHLEY O,2239107,180424,,https://www.last.fm/music/ASHLEY+O,0,"pop, Miley Cyrus, Black Mirror"
I Hate Myself,3726896,180386,858c8f08-abf8-4025-a5d0-fc067805fcd3,https://www.last.fm/music/I+Hate+Myself,0,"emo, screamo, post-hardcore"
Lullatone,2984647,180306,a49b394a-2d64-4d57-b4fe-b389a3cabafd,https://www.last.fm/music/Lullatone,0,"ambient, japanese, electronic"
Middle Kids,2323113,180277,,https://www.last.fm/music/Middle+Kids,0,"australian, indie rock, indie"
Duki,18244861,180225,,https://www.last.fm/music/Duki,0,"trap, latin, argentina"
Supercombo,8446529,180211,ff7b07f2-d239-4c7e-802b-56060c4a5896,https://www.last.fm/music/Supercombo,0,"indie, brazilian, rock"
Palehound,1933529,180188,d0d25805-3446-49eb-bf6b-b4fa821c3a7f,https://www.last.fm/music/Palehound,0,"seen live, indie, female vocalists"
Yng Lvcas,1837458,180013,,https://www.last.fm/music/Yng+Lvcas,0,"Reggaeton, Hip-Hop, rap"
Dirty Heads,2258937,179951,,https://www.last.fm/music/Dirty+Heads,0,"reggae, Hip-Hop, rock"
Wishing,2879767,179876,,https://www.last.fm/music/Wishing,0,"Lo-Fi, indie, bedroom pop"
Jan Blomqvist,2492181,179865,cccd1fad-a7bb-4a79-90d1-a2d7e1f8db17,https://www.last.fm/music/Jan+Blomqvist,0,"tech house, minimal techno, electronic"
Amyl and the Sniffers,4584034,179767,,https://www.last.fm/music/Amyl+and+the+Sniffers,0,"punk, punk rock, Garage Rock"
Benoît Pioulard,4038317,179614,80ae2479-8c40-4a56-8bf3-b7a99cead1e4,https://www.last.fm/music/Beno%C3%AEt+Pioulard,0,"ambient, dream pop, electronic"
Greer,2519718,179606,,https://www.last.fm/music/Greer,0,"Progressive rock, classic rock, rap"
Stelvio Cipriani,1665337,179504,18386eff-ea05-4ccb-8d62-ff0c99a54018,https://www.last.fm/music/Stelvio+Cipriani,0,"Soundtrack, italian, spaghetti western"
Chanel,2706497,179484,a4f4fa8a-48bd-4d26-b3b7-88e57e908ffe,https://www.last.fm/music/Chanel,0,"House, female vocalists, chillout"
Emmanuel,1936699,179469,bd3c37bf-1c9f-4d68-b429-cd15d02063a0,https://www.last.fm/music/Emmanuel,0,"emmanuel, spanish, pop"
Nicole Dollanganger,7233216,179431,e0cce4c8-9003-46ea-9761-23dee9f431bd,https://www.last.fm/music/Nicole+Dollanganger,0,"singer-songwriter, indie, folk"
MC WM,2354909,179401,,https://www.last.fm/music/MC+WM,0,"funk, brazilian, Funk Carioca"
Lucky Luke,2162883,179362,3dda0632-aa79-4545-96d8-c18637983bcf,https://www.last.fm/music/Lucky+Luke,0,"future house, Scottish, german"
セキトオ・シゲオ,1875376,179331,,https://www.last.fm/music/%E3%82%BB%E3%82%AD%E3%83%88%E3%82%AA%E3%83%BB%E3%82%B7%E3%82%B2%E3%82%AA,0,"jazz, electronic, lounge"
Aero Chord,2517806,179317,830b25c0-3af1-46f2-8bac-0661e9a613a0,https://www.last.fm/music/Aero+Chord,0,"trap, dubstep, electronic"
アトラスサウンドチーム,16126711,179067,5cd95f9e-f89d-4a30-8e8d-a3856014fea3,https://www.last.fm/music/%E3%82%A2%E3%83%88%E3%83%A9%E3%82%B9%E3%82%B5%E3%82%A6%E3%83%B3%E3%83%89%E3%83%81%E3%83%BC%E3%83%A0,0,"Soundtrack, jazz, rock"
Daisy the Great,2036842,178988,,https://www.last.fm/music/Daisy+the+Great,0,"indie pop, Lo-Fi, american"
Code Orange,5552131,178957,b87d5807-c37a-4d0e-a53c-9cdf6bc6caa1,https://www.last.fm/music/Code+Orange,0,"hardcore, metalcore, Sludge"
Tia,1824901,178950,c91465ca-65f8-406d-ba2f-ac3f636d7bdf,https://www.last.fm/music/Tia,0,"j-pop, japanese, JPop"
Max Coveri,1668108,178791,1167fbcc-d46e-48d3-8341-555e8ca60d47,https://www.last.fm/music/Max+Coveri,0,"eurobeat, electronic, anime"
Ilene Woods,952989,178739,ffc3eb11-f4f7-46b3-9d99-0390c5c02845,https://www.last.fm/music/Ilene+Woods,0,"Soundtrack, cinderella, musical"
Stand Atlantic,6513732,178724,,https://www.last.fm/music/Stand+Atlantic,0,"pop punk, seen live, rock"
Bedouine,2305268,178682,,https://www.last.fm/music/Bedouine,0,"singer-songwriter, folk, chamber folk"
Albert Hammond Jr,2532485,178677,,https://www.last.fm/music/Albert+Hammond+Jr,0,"indie rock, indie, seen live"
Ryan McCartan,2235080,178653,,https://www.last.fm/music/Ryan+McCartan,0,"musical, Broadway, us"
Lily James,2061085,178630,,https://www.last.fm/music/Lily+James,0,"pop, Soundtrack, england"
Tungevaag,1991513,178389,,https://www.last.fm/music/Tungevaag,0,"EDM, electronic, dance"
Ombre2Choc Nation,1855481,178332,,https://www.last.fm/music/Ombre2Choc+Nation,0,"hip hop, USA"
Leo Santana,3143025,178321,,https://www.last.fm/music/Leo+Santana,0,"Axe, brazilian, gostoso"
Jordy,2110169,178262,cb98b279-b8d7-4659-9003-540e1e55346a,https://www.last.fm/music/Jordy,0,"french, pop, eurodance"
Sematary,24940030,178209,,https://www.last.fm/music/Sematary,0,"Horrorcore, witch house, trap"
Mystery Skulls,4238596,178204,769930ba-9724-41a6-9c25-7d55504415bf,https://www.last.fm/music/Mystery+Skulls,0,"synthpop, electronic, electropop"
Mounika.,1865637,178196,,https://www.last.fm/music/Mounika.,0,"beats, Lo-Fi, instrumental hip hop"
João Bosco,1943749,178171,150ffd99-a98e-486e-8c84-77d77f03747e,https://www.last.fm/music/Jo%C3%A3o+Bosco,0,"mpb, samba, brasil"
Wilson Simonal,1667126,178097,2ec73913-df20-484f-b638-cd63a5122b9f,https://www.last.fm/music/Wilson+Simonal,0,"samba, mpb, brazilian"
Jax,1530793,178059,2eafb530-03b5-4ada-9aac-91641788a644,https://www.last.fm/music/Jax,0,"pop, American Idol, hard rock"
Grant,2930052,178051,d7f693c7-d46c-42e2-934b-574b5c4bc9ce,https://www.last.fm/music/Grant,0,"electronic, instrumental hip-hop, deep house"
Baltra,1828303,177991,,https://www.last.fm/music/Baltra,0,"House, deep house, outsider house"
BTOB,7948512,177943,7728b64d-8925-4a1c-b684-a88c6194a241,https://www.last.fm/music/BTOB,0,"k-pop, Korean, BTOB"
Gonzaguinha,2297662,177741,7169b325-505c-4daf-aa90-d3a84c112bc7,https://www.last.fm/music/Gonzaguinha,0,"mpb, brasil, samba"
Dabin,4061183,177637,6d539d7d-454b-44b1-b7de-881a987d4edd,https://www.last.fm/music/Dabin,0,"dubstep, electro house, electronic"
Willie Hutch,999005,177542,870b79e0-10b7-4e19-b11f-65607cffad9a,https://www.last.fm/music/Willie+Hutch,0,"soul, funk, motown"
$werve,2021724,177443,,https://www.last.fm/music/$werve,0,"phonk, electronic, british"
Plums,1389360,177404,e16405bb-3707-4108-9685-d297ae410f4a,https://www.last.fm/music/Plums,0,"australian, indie, seen live"
Eelke Kleijn,1382808,177301,9567a29f-cb0e-4880-8b23-beac15a2cf94,https://www.last.fm/music/Eelke+Kleijn,0,"Progressive House, electronic, House"
Lucas Estrada,1629727,177249,,https://www.last.fm/music/Lucas+Estrada,0,"House, electronic, dance"
Ezra Collective,1814356,177182,,https://www.last.fm/music/Ezra+Collective,0,"jazz, seen live, british"
Leven Kali,1760342,176988,,https://www.last.fm/music/Leven+Kali,0,"rnb, Hip-Hop, soul"
Tom Lehrer,2649116,176986,359363a8-1dc7-40c9-9337-f5aa507000b6,https://www.last.fm/music/Tom+Lehrer,0,"comedy, satire, piano"
Dirty Art Club,2431735,176900,384b44f4-dee4-4cfc-a4f6-749d178951af,https://www.last.fm/music/Dirty+Art+Club,0,"instrumental hip-hop, downtempo, Hip-Hop"
Robohands,1876101,176887,,https://www.last.fm/music/Robohands,0,"jazz, chillout, downtempo"
Cole Swindell,3087702,176879,365247e5-db90-4d0e-bf2c-ca18b54fcab9,https://www.last.fm/music/Cole+Swindell,0,"country, racist, youngstar"
Horsey,1355391,176878,ee15d5a0-6611-424e-81c6-dbe071b374a4,https://www.last.fm/music/Horsey,0,"post-punk, art punk, Crank wave"
Jay Wheeler,2896262,176770,,https://www.last.fm/music/Jay+Wheeler,0,"latin, puerto rico"
Father,3057273,176749,d043d9b7-c8eb-477d-9a77-2d25dbb271ce,https://www.last.fm/music/Father,0,"seen live, Hip-Hop, alternative metal"
Mc Lan,2005835,176607,,https://www.last.fm/music/Mc+Lan,0,"brazil, brazilian, funk"
Bryce Fox,1656013,176602,,https://www.last.fm/music/Bryce+Fox,0,"alternative, electronic, rock"
Emile Pandolfi,1429230,176587,cac5fc1f-7851-42f4-8d76-45e485cdd2fd,https://www.last.fm/music/Emile+Pandolfi,0,"piano, Classical, instrumental"
Young Franco,1519789,176425,,https://www.last.fm/music/Young+Franco,0,"Hip-Hop, funk, electronic"
Rav,8407419,176414,,https://www.last.fm/music/Rav,0,"Hip-Hop, rap, hip hop"
Lucy,4387341,176394,a56df4c7-8ad1-497a-9634-ae1876b855e0,https://www.last.fm/music/Lucy,0,"techno, idm, minimal techno"
Barbara Lewis,991628,176346,79708fc2-d3ae-4a1f-9514-3e49e8c056b6,https://www.last.fm/music/Barbara+Lewis,0,"soul, 60s, oldies"
Griffinilla,2235499,176286,494cf9cf-eaf0-44cd-bbb0-f2cd6b1fde26,https://www.last.fm/music/Griffinilla,0,"USA, american, All"
KinokoTeikoku,4409425,176242,,https://www.last.fm/music/KinokoTeikoku,0,"shoegaze, japanese, dream pop"
Christopher Larkin,6248934,176149,,https://www.last.fm/music/Christopher+Larkin,0,"Soundtrack, ambient, video game music"
Soen,8888385,176034,7a42f70d-7c01-46d2-bd88-738967a631f0,https://www.last.fm/music/Soen,0,"Progressive metal, Progressive rock, metal"
Boston Manor,6187839,176005,,https://www.last.fm/music/Boston+Manor,0,"pop punk, emo, seen live"
Joy Oladokun,1539039,175944,,https://www.last.fm/music/Joy+Oladokun,0,"seen live, singer-songwriter, acoustic"
Dylan,2474280,175891,a07cdd28-fd24-4642-bea7-06fe459dfa83,https://www.last.fm/music/Dylan,0,"Drum and bass, darkstep, seen live"
Tim Curry,2073428,175855,33ce4a70-005d-4563-bb6e-2d253fab9842,https://www.last.fm/music/Tim+Curry,0,"Soundtrack, musical, Rocky Horror Picture Show"
Thayne Jasperson,1193649,175842,,https://www.last.fm/music/Thayne+Jasperson,0,"american, All"
Arthur,2039291,175812,f8c564a4-f1e4-4d06-b702-bff647563a82,https://www.last.fm/music/Arthur,0,"indie, rock, Kwaito"
Oxlade,1821767,175811,,https://www.last.fm/music/Oxlade,0,"nigeria, african, africa"
Cris Mj,4920609,175810,,https://www.last.fm/music/Cris+Mj,0,"Hip-Hop, new wave, Reggaeton"
Nails,7376035,175810,a7d9c5f6-751d-4ea5-bf6d-39f1751d44a1,https://www.last.fm/music/Nails,0,"grindcore, hardcore, powerviolence"
Monolink,2699100,175788,,https://www.last.fm/music/Monolink,0,"House, electronic, german"
Maanam,8171297,175735,8ba628d6-bbc1-4831-8bf1-9f7e51a0576c,https://www.last.fm/music/Maanam,0,"rock, polish, female vocalists"
Standing On The Corner,3056511,175724,,https://www.last.fm/music/Standing+On+The+Corner,0,"experimental, Hip-Hop, Neo-Soul"
Destiny Rogers,1878684,175680,,https://www.last.fm/music/Destiny+Rogers,0,"pop, rnb, Hip-Hop"
Ludo,3670059,175618,ddf2c2b9-b368-4a13-8171-ffa8122a62ed,https://www.last.fm/music/Ludo,0,"rock, pop punk, seen live"
Los Enanitos Verdes,3387988,175568,598469a8-3bd6-4f8a-a5bc-a2e15e128eae,https://www.last.fm/music/Los+Enanitos+Verdes,0,"Rock en Espanol, Rock Argentino, rock"
Rei Ami,2541069,175555,,https://www.last.fm/music/Rei+Ami,0,"pop, rap, Lo-Fi"
Pritam,11250354,175525,52db98c1-0cc9-4aab-9f2d-ea8d359234f3,https://www.last.fm/music/Pritam,0,"bollywood, Hindi, Indian"
Shayne Orok,2847559,175497,,https://www.last.fm/music/Shayne+Orok,0,"indie, pop, alternative"
Duncan Dhu,1717582,175380,60a14c16-ac69-4898-b0cd-12cb87e327c9,https://www.last.fm/music/Duncan+Dhu,0,"spanish, pop, 80s"
Anna,1630349,175313,f964f797-4538-489a-85ce-c36698d7f9ee,https://www.last.fm/music/Anna,0,"minimal, minimal techno, techno"
River Whyless,1253735,175294,995dbb11-1eca-470d-8fd2-41f24911d49a,https://www.last.fm/music/River+Whyless,0,"folk, seen live, indie"
EXO-CBX,7145009,175224,,https://www.last.fm/music/EXO-CBX,0,"k-pop, exo, Kpop"
Maduk,3698181,175218,eb01febc-e2ba-45ef-b873-2ccbef4b64cb,https://www.last.fm/music/Maduk,0,"Drum and bass, liquid funk, dnb"
MC Virgins,3753157,175212,,https://www.last.fm/music/MC+Virgins,0,"rap, american, anime"
DMA's,4664138,175192,3fe35fee-f58a-4bd8-b204-fda60875e560,https://www.last.fm/music/DMA%27s,0,"indie rock, seen live, rock"
Cottonwood Firing Squad,1756826,175178,,https://www.last.fm/music/Cottonwood+Firing+Squad,0,"psychedelic, indie, folk"
Colin Firth,1127683,175072,,https://www.last.fm/music/Colin+Firth,0,"Mamma mia, Soundtrack, british"
Unknown Brain,3107295,175069,,https://www.last.fm/music/Unknown+Brain,0,"electronic, trap, american"
Nobuo Uematsu,10677299,175008,92bb085a-2924-4479-b627-181a1835d2f5,https://www.last.fm/music/Nobuo+Uematsu,0,"Soundtrack, video game music, final fantasy"
Jamie,2104355,174988,c4f760fc-c71c-4218-bff3-18d4aad2f38c,https://www.last.fm/music/Jamie,0,"Korean, Jamie, k-pop"
Shotgun Willy,3550942,174984,,https://www.last.fm/music/Shotgun+Willy,0,"Hip-Hop, meme rap"
Kirby,1305498,174954,d70b1795-df15-4656-8b66-6057a93cfd1b,https://www.last.fm/music/Kirby,0,"soul, rnb, video game music"
Tomoko Aran,1710874,174924,,https://www.last.fm/music/Tomoko+Aran,0,"city pop, j-pop, japanese"
Crawlers,2530374,174799,,https://www.last.fm/music/Crawlers,0,"rock, indie rock, UK"
Beast,5500701,174581,df16c302-527c-43a9-bcfb-5c84901142bd,https://www.last.fm/music/Beast,0,"k-pop, b2st, electronic"
Stella Donnelly,3665846,174577,,https://www.last.fm/music/Stella+Donnelly,0,"indie pop, singer-songwriter, Lo-Fi"
Boyish,1648751,174565,fffff303-61b4-4383-8e25-283360985822,https://www.last.fm/music/Boyish,0,"shoegaze, dream pop, indie pop"
The Gregory Brothers,1566571,174451,38ce1980-7bc1-4757-aedc-466f281652b7,https://www.last.fm/music/The+Gregory+Brothers,0,"comedy, folk, youtube"
Stacey Ryan,1544245,174332,e0b81002-10b6-4e5d-9afe-3845c3cc4a59,https://www.last.fm/music/Stacey+Ryan,0,"pop, jazz, Canadian"
Poo Bear,1291467,174265,521b701a-40c9-493a-9866-22b91089eee5,https://www.last.fm/music/Poo+Bear,0,"rnb, soul, american"
Tomberlin,1921475,174264,,https://www.last.fm/music/Tomberlin,0,"indie, singer-songwriter, folk"
Charlotte Sands,2118968,174221,,https://www.last.fm/music/Charlotte+Sands,0,"indie pop, pop rock, pop"
MC Davi,2345575,174212,,https://www.last.fm/music/MC+Davi,0,"funk, brazil, brasil"
The teskey brothers,1992799,174204,,https://www.last.fm/music/The+teskey+brothers,0,"soul, blues, australian"
Kaoru Akimoto,1435390,174179,,https://www.last.fm/music/Kaoru+Akimoto,0,"japanese, j-pop, city pop"
Super Guitar Bros,1178610,174006,,https://www.last.fm/music/Super+Guitar+Bros,0,"acoustic, seen live, USA"
Over The Garden Wall,3951348,173911,1d83d9be-85d8-4949-8d81-72f44bdda658,https://www.last.fm/music/Over+The+Garden+Wall,0,"Soundtrack, Progressive rock, folk"
death's dynamic shroud,6089426,173868,,https://www.last.fm/music/death%27s+dynamic+shroud,0,"vaporwave, electronic, glitch"
Barry Can't Swim,1992950,173749,,https://www.last.fm/music/Barry+Can%27t+Swim,0,"House, electronic, UK"
Joan,2551547,173655,b76cfb6c-2223-47cc-84c0-35708967d3c5,https://www.last.fm/music/Joan,0,"indie pop, seen live, pop"
Grand Puba,1166012,173499,fabe923b-4c57-4f77-b98a-198bf6ddc1b5,https://www.last.fm/music/Grand+Puba,0,"Hip-Hop, rap, hip hop"
Nana Grizol,4930253,173380,bf95a549-4487-4db8-b429-9b17dbef1965,https://www.last.fm/music/Nana+Grizol,0,"folk, folk punk, indie"
Danny Baranowsky,4359550,173374,9878be28-66b3-47f9-a019-baf1b32876ff,https://www.last.fm/music/Danny+Baranowsky,0,"Soundtrack, electronic, video game music"
Alicks,2801264,173277,,https://www.last.fm/music/Alicks,0,"ambient, Lo-Fi, electronic"
André 3000,1386064,173215,f563a1a9-069b-41ed-8b3b-e1b1a6f5b34b,https://www.last.fm/music/Andr%C3%A9+3000,0,"Hip-Hop, rap, funk"
Litany,1897727,173211,b8d69477-08fd-472a-8466-fc012b2b9d9d,https://www.last.fm/music/Litany,0,"indie pop, doom metal, pop"
SE SO NEON,4161759,173082,,https://www.last.fm/music/SE+SO+NEON,0,"indie, psychedelic, dream pop"
Gustavo Mioto,7273786,173022,,https://www.last.fm/music/Gustavo+Mioto,0,"brazil, sertanejo, Sertaneja"
Liv.e,2571535,173022,,https://www.last.fm/music/Liv.e,0,"soul, rnb, Hip-Hop"
Lewis OfMan,1639519,172992,,https://www.last.fm/music/Lewis+OfMan,0,"french, electronic, seen live"
Varien,2760606,172888,d054cc96-6ef5-436c-9a3a-6fd26fdcda18,https://www.last.fm/music/Varien,0,"dubstep, electronic, instrumental"
meat computer,3659960,172869,,https://www.last.fm/music/meat+computer,0,"hyperpop, cloud rap, electronic"
Just A Gent,2226100,172863,,https://www.last.fm/music/Just+A+Gent,0,"trap, electronic, dubstep"
LUM!X,2146689,172823,,https://www.last.fm/music/LUM%21X,0,"dance, austrian, Eurovision"
Oklou,4706424,172777,,https://www.last.fm/music/Oklou,0,"electronic, french, angelwave"
Virtual Riot,3466443,172766,33db34de-5419-4d4c-a45b-3dfd6b7d8a72,https://www.last.fm/music/Virtual+Riot,0,"dubstep, electro, electro house"
Monty Datta,1640497,172741,,https://www.last.fm/music/Monty+Datta,0,"Lo-Fi, remix, beat"
Sody,1831654,172699,,https://www.last.fm/music/Sody,0,"pop, female vocalists, want to see live"
Mc G15,1559361,172650,,https://www.last.fm/music/Mc+G15,0,"lixo sonoro, funk, Funk Carioca"
Drew Holcomb & the Neighbors,1464978,172648,c33c4e5c-6fab-4a7a-bd72-b3a05a8938aa,https://www.last.fm/music/Drew+Holcomb+&+the+Neighbors,0,"folk, singer-songwriter, country"
Juju,5459910,172637,f7b9d4cc-39b7-436d-80ba-2cb87eefa8c7,https://www.last.fm/music/Juju,0,"dubstep, j-pop, japanese"
Projota,4537397,172560,e5e03fa4-7899-4296-baec-4400a11f2bab,https://www.last.fm/music/Projota,0,"rap, Rap Nacional, Hip-Hop"
Dimension 32,2072983,172414,,https://www.last.fm/music/Dimension+32,0,"chill, Lo-Fi, electronic"
Duwap Kaine,11208258,172270,,https://www.last.fm/music/Duwap+Kaine,0,"cloud rap, rap, trap"
Hector Gachan,1390214,172268,,https://www.last.fm/music/Hector+Gachan,0,"indie, alternative, Bosnia"
Carrtoons,1138673,171946,,https://www.last.fm/music/Carrtoons,0,"jazz, soul, rap"
Clarissa,4561377,171916,1192cea1-dd33-467d-bbba-02873cec0e47,https://www.last.fm/music/Clarissa,0,"pop, indie pop, female vocalists"
Almost Monday,1564459,171723,,https://www.last.fm/music/Almost+Monday,0,"alternative, seen live, pop"
SIX,4717817,171594,ecafced0-8ba2-4bb6-868f-f2933006c851,https://www.last.fm/music/SIX,0,"musical, Nu Metal, metal"
Chase B,1399316,171574,,https://www.last.fm/music/Chase+B,0,"Hip-Hop, rap, new york"
Free Throw,5325033,171556,1ca441fa-7cea-4f29-939b-06d8741f74c7,https://www.last.fm/music/Free+Throw,0,"emo, punk, midwest emo"
DJ JEEH FDC,1791169,171555,,https://www.last.fm/music/DJ+JEEH+FDC,0,"brazil, Funk Carioca, funk mandelao"
João Gomes,5939296,171471,,https://www.last.fm/music/Jo%C3%A3o+Gomes,0,"piseiro, Forro, seen live"
black coast,1273977,171427,,https://www.last.fm/music/black+coast,0,"electronic, metalcore, Nu Metal"
Loafy Building,1450502,171415,,https://www.last.fm/music/Loafy+Building,0,"electronic, Lo-Fi, chill"
mage tears,2116710,171399,,https://www.last.fm/music/mage+tears,0,"indie, lofi, british"
Cattle Decapitation,9291358,171388,0bfb489b-7da8-4b28-b144-eee7599ed1e9,https://www.last.fm/music/Cattle+Decapitation,0,"grindcore, death metal, deathgrind"
Vistas,2139640,171306,b62229c7-a3da-463c-9417-a6c47ac63a0e,https://www.last.fm/music/Vistas,0,"indie, indie rock, glitch"
Lorna Shore,10117722,171280,e86fc1f5-d632-44b2-8aea-38f83aadffe8,https://www.last.fm/music/Lorna+Shore,0,"deathcore, Progressive deathcore, blackened deathcore"
Ana Frango elétrico,5281086,171239,,https://www.last.fm/music/Ana+Frango+el%C3%A9trico,0,"indie pop, chamber pop, mpb"
"Defiance, Ohio",7097592,171226,a78ef19a-5fba-46fd-b50e-ff95a45693aa,"https://www.last.fm/music/Defiance,+Ohio",0,"folk punk, punk, folk"
Chico César,2248562,171219,49b6e333-f56f-4da9-944c-15a6deee8ada,https://www.last.fm/music/Chico+C%C3%A9sar,0,"mpb, brasil, brazilian"
Madds Buckley,2130625,171120,,https://www.last.fm/music/Madds+Buckley,0,"indie pop, indie rock, female vocalists"
urias,15355099,171103,,https://www.last.fm/music/urias,0,"pop, brazilian, electronic"
gianni & kyle,2658804,171090,,https://www.last.fm/music/gianni+&+kyle,0,"rap, hip hop, american"
ConcernedApe,6981798,170963,,https://www.last.fm/music/ConcernedApe,0,"Soundtrack, ambient, video game music"
XXKATUSJINSUX,1504433,170856,,https://www.last.fm/music/XXKATUSJINSUX,0,
Donnie & Joe Emerson,1240058,170835,11506a28-0551-4ed5-8814-510fb81d31bf,https://www.last.fm/music/Donnie+&+Joe+Emerson,0,"soul, rock, funk"
nOIZU,1347673,170743,,https://www.last.fm/music/nOIZU,0,"House, USA, electronic"
Chavo,3333165,170727,ead48de9-4133-4ee7-9ea0-f61a9c4bfe5e,https://www.last.fm/music/Chavo,0,"tarantella, rap, Sosshouse"
Sergio Mendes & Brasil '66,1164224,170519,,https://www.last.fm/music/Sergio+Mendes+&+Brasil+%2766,0,"Bossa Nova, brazilian, jazz"
Guti,1568301,170459,8177d014-b596-4645-bd29-81c40a452d8d,https://www.last.fm/music/Guti,0,"minimal, techno, House"
Sea Girls,3444002,170445,,https://www.last.fm/music/Sea+Girls,0,"indie rock, seen live, british"
LOONA/yyxy,3924109,170343,,https://www.last.fm/music/LOONA%2Fyyxy,0,"k-pop, Loona, Korean"
Aliotta Haynes Jeremiah,1106807,170285,04f5f62b-7c4d-4f5f-8dda-ff3bfb43db62,https://www.last.fm/music/Aliotta+Haynes+Jeremiah,0,"classic rock, rock, 70s"
SERPENTWITHFEET,2256180,170283,,https://www.last.fm/music/SERPENTWITHFEET,0,"gospel, soul, experimental"
박혜진 park hye jin,1944355,170226,,https://www.last.fm/music/%EB%B0%95%ED%98%9C%EC%A7%84+park+hye+jin,0,"House, deep house, Korean"
Chai,2198314,170205,,https://www.last.fm/music/Chai,0,"seen live, j-pop, indie pop"
Waveshaper,3284541,170120,571fb58d-b957-4cfc-8c7d-5cbf13519227,https://www.last.fm/music/Waveshaper,0,"synthwave, electronic, swedish"
Hybrid Minds,3471129,170094,ceb88a0c-81ca-461a-82d2-ad7769447e15,https://www.last.fm/music/Hybrid+Minds,0,"liquid funk, Drum and bass, electronic"
mansionz,2729785,170065,,https://www.last.fm/music/mansionz,0,"Mike posner, blackbear, Hip-Hop"
Giant Rooks,3398696,170061,,https://www.last.fm/music/Giant+Rooks,0,"seen live, alternative, indie pop"
Dynamicduo,2066709,170017,,https://www.last.fm/music/Dynamicduo,0,"Korean, Hip-Hop, Korean Hip-Hop"
HUH YUNJIN,4258881,169952,,https://www.last.fm/music/HUH+YUNJIN,0,"LE SSERAFIM, pop, k-pop"
Kaliii,868600,169887,,https://www.last.fm/music/Kaliii,0,"rap, atlanta, Hip-Hop"
Man with a Mission,5684903,169864,d1c5a553-1fd0-43ca-a66a-da94c9f15570,https://www.last.fm/music/Man+with+a+Mission,0,"J-rock, japanese, rock"
Tyler Burkhart,1468329,169849,,https://www.last.fm/music/Tyler+Burkhart,0,"Lo-Fi, shoegaze, dream pop"
Emeline,1625139,169831,cbe57cc4-49cb-49e0-853f-7f6a13142845,https://www.last.fm/music/Emeline,0,"metalcore, electronic, pop"
Stephen Dawes,1399537,169791,,https://www.last.fm/music/Stephen+Dawes,0,
Make Them Suffer,6767796,169757,b6f8cce8-cbac-48a0-b0fa-d6cc06447928,https://www.last.fm/music/Make+Them+Suffer,0,"deathcore, symphonic deathcore, black metal"
maretu,4296915,169749,,https://www.last.fm/music/maretu,0,"japanese, vocaloid, electronic"
Seeb,1659156,169742,,https://www.last.fm/music/Seeb,0,"happy hardcore, electronic, trance"
hyO,3509602,169697,63194c78-2fd5-4ac6-8d08-b3188701928e,https://www.last.fm/music/hyO,0,"k-pop, Korean, SNSD"
OROCHI,6321006,169641,bb2c494e-8af3-424e-a60f-60adade8c949,https://www.last.fm/music/OROCHI,0,"visual kei, J-rock, japanese"
Moderator,1760266,169617,,https://www.last.fm/music/Moderator,0,"Hip-Hop, instrumental hip-hop, Jazz Hop"
Aaryan Shah,2355657,169465,,https://www.last.fm/music/Aaryan+Shah,0,"contemporary rnb, soul, downtempo"
MJ Lenderman,2315222,169418,,https://www.last.fm/music/MJ+Lenderman,0,"Alt-country, slowcore, Lo-Fi"
Dev Lemons,2035866,169382,,https://www.last.fm/music/Dev+Lemons,0,"indie pop, electronic, indie"
JAY CRITCH,2453656,169345,,https://www.last.fm/music/JAY+CRITCH,0,"Hip-Hop, rap, seen live"
"Tito ""El Bambino""",1533342,169304,,https://www.last.fm/music/Tito+%22El+Bambino%22,0,"Reggaeton, latin, spanish"
From Ashes to New,3983860,169223,66baa549-ec7d-410f-88bf-d4f9bbb21890,https://www.last.fm/music/From+Ashes+to+New,0,"rapcore, electronic, alternative metal"
Ron Gallo,1261664,169194,,https://www.last.fm/music/Ron+Gallo,0,"Garage Rock, indie rock, blues"
Souly Had,1762303,169134,,https://www.last.fm/music/Souly+Had,0,american
Teto,6541938,169083,e9d0b4b3-dd44-49af-9970-d6dd331291a8,https://www.last.fm/music/Teto,0,"rap, trap, Hip-Hop"
La Unión,1429456,169080,c4cc2564-afdf-4c62-86b3-68a49ac42ec1,https://www.last.fm/music/La+Uni%C3%B3n,0,"Rock en Espanol, spanish, pop"
Blake Rose,1957422,169015,,https://www.last.fm/music/Blake+Rose,0,"pop, male vocalists, indie"
The Hotelier,7669700,168994,af63ec4d-9fe4-4001-bcb6-8dd160ee6451,https://www.last.fm/music/The+Hotelier,0,"emo, pop punk, indie rock"
DJ Fronteo,1020174,168903,,https://www.last.fm/music/DJ+Fronteo,0,
DUSTY LOCANE,2839842,168774,,https://www.last.fm/music/DUSTY+LOCANE,0,"drill, Hip-Hop, rap"
CHERRY BULLET,6835904,168747,,https://www.last.fm/music/CHERRY+BULLET,0,"k-pop, Korean, pop"
Juliette,8930001,168681,ac0cac47-bcb2-456e-8fba-19fc194efc9b,https://www.last.fm/music/Juliette,0,"screamo, hardcore, polish"
Papooz,1910837,168651,,https://www.last.fm/music/Papooz,0,"indie pop, french, indie"
James Carter,1126363,168537,a8880ecc-10d8-4492-b17e-02715d160b56,https://www.last.fm/music/James+Carter,0,"jazz, saxophone, contemporary jazz"
Fat Nick,2597552,168510,,https://www.last.fm/music/Fat+Nick,0,"cloud rap, Hip-Hop, rap"
Zhané,1069443,168494,51b59633-b9cc-48b8-b7db-72a06452069a,https://www.last.fm/music/Zhan%C3%A9,0,"soul, rnb, female vocalists"
wiki,2619280,168484,,https://www.last.fm/music/wiki,0,"rap, Hip-Hop, hip hop"
Two Another,1549002,168385,,https://www.last.fm/music/Two+Another,0,"soul, rnb, pop"
Fit for a King,7335159,168324,6eaab7b4-f2cb-4c80-9b36-7e7d5c2fa8c5,https://www.last.fm/music/Fit+for+a+King,0,"metalcore, post-hardcore, christian"
hisohkah,2275257,168234,,https://www.last.fm/music/hisohkah,0,"USA, america, soundcloud"
BabyJake,1741084,168186,,https://www.last.fm/music/BabyJake,0,"pop, rap, florida"
Kid Travis,2532207,168185,,https://www.last.fm/music/Kid+Travis,0,"USA, acoustic, cover"
Donna Murphy,1025100,168078,447f856a-07c4-4317-a5dc-f7e7bd24e8de,https://www.last.fm/music/Donna+Murphy,0,"female vocalists, american, Soundtrack"
Otaku,2681903,168014,01dce54c-359b-4ca5-a1d5-72c28a2aa881,https://www.last.fm/music/Otaku,0,"electronic, trip-hop, Lo-Fi"
Miúcha,1048832,168010,b72a2a9b-e783-473d-9d80-403876c685cd,https://www.last.fm/music/Mi%C3%BAcha,0,"Bossa Nova, brasil, brazil"
Microwave,5695686,167849,ca4fbd2f-75ef-4dfb-82b3-a24a8a96e884,https://www.last.fm/music/Microwave,0,"rock, emo, alternative rock"
Skegss,4017342,167793,,https://www.last.fm/music/Skegss,0,"Garage Rock, surf rock, rock"
Banda El Recodo,2174408,167705,c712bc9b-4ff9-4ecc-942c-70ec343960e3,https://www.last.fm/music/Banda+El+Recodo,0,"BANDA, mexico, mexican"
Iyla,1870463,167684,,https://www.last.fm/music/Iyla,0,"trip-hop, downtempo, female vocalists"
Frankie Ruiz,1676763,167637,,https://www.last.fm/music/Frankie+Ruiz,0,"salsa, frankie ruiz, latin"
Worakls,2893021,167519,272deaa4-4699-46ee-abe8-c63f495142d7,https://www.last.fm/music/Worakls,0,"techno, minimal, minimal techno"
Winona Oak,2007792,167454,,https://www.last.fm/music/Winona+Oak,0,"pop, swedish, electronic"
TiaCorine,2009646,167435,,https://www.last.fm/music/TiaCorine,0,"rap, Hip-Hop, pop"
Joyce Wrice,2228984,167410,,https://www.last.fm/music/Joyce+Wrice,0,"rnb, pop, soul"
Chicano Batman,2454809,167337,46efbaa6-1bf3-44b5-8838-67f77d77aa96,https://www.last.fm/music/Chicano+Batman,0,"rock, seen live, psychedelic"
The Mothers of Invention,3390308,167320,fe98e268-4ddd-441b-95a0-b219375f9ae4,https://www.last.fm/music/The+Mothers+of+Invention,0,"Progressive rock, experimental, Avant-Garde"
Hannah Diamond,4972310,167199,76130c0b-b177-434f-893f-46c8d819548d,https://www.last.fm/music/Hannah+Diamond,0,"bubblegum bass, pop, pc music"
Joe Arroyo,1332107,167192,64c69f29-f3f7-4dae-bd1b-84b429be43fe,https://www.last.fm/music/Joe+Arroyo,0,"salsa, Colombia, latin"
meltycanon,1421852,167146,,https://www.last.fm/music/meltycanon,0,"Hip-Hop, electronic, ambient"
skaiwater,2974593,167134,,https://www.last.fm/music/skaiwater,0,"jersey club, Hip-Hop, hip hop"
Wilderado,1461095,167063,,https://www.last.fm/music/Wilderado,0,"indie, alternative, folk"
Overmono,2865035,166984,,https://www.last.fm/music/Overmono,0,"techno, uk bass, idm"
Isak Danielson,2893246,166962,,https://www.last.fm/music/Isak+Danielson,0,"swedish, pop, piano"
Kari Faux,1747537,166866,,https://www.last.fm/music/Kari+Faux,0,"rap, Hip-Hop, jazz rap"
Tropical Fuck Storm,3250028,166804,,https://www.last.fm/music/Tropical+Fuck+Storm,0,"noise rock, Psychedelic Rock, art punk"
Chris Norman,1144613,166629,a92744f5-d7d7-4ca7-8027-a345f430c8b2,https://www.last.fm/music/Chris+Norman,0,"pop, 80s, rock"
Hand Habits,1379039,166497,,https://www.last.fm/music/Hand+Habits,0,"seen live, indie, folk"
Dilsinho,5015954,166457,,https://www.last.fm/music/Dilsinho,0,"Pagode, easy listening, brazil"
Chiiild,1562705,166394,,https://www.last.fm/music/Chiiild,0,"rnb, alternative rnb, seen live"
Sertab Erener,3510143,166342,d138302b-4f57-4d1d-83e3-47f95cb51774,https://www.last.fm/music/Sertab+Erener,0,"turkish, pop, female vocalists"
Momma,2475854,166240,,https://www.last.fm/music/Momma,0,"indie rock, indie, seen live"
arrdee,3036671,166213,,https://www.last.fm/music/arrdee,0,"rap, hip hop, brighton"
COUCOU CHLOE,2628795,166078,,https://www.last.fm/music/COUCOU+CHLOE,0,"uk bass, Post-Industrial, Deconstructed Club"
Maiara & Maraisa,6155149,166076,,https://www.last.fm/music/Maiara+&+Maraisa,0,"sertanejo, brazil, female fronted sertanejo"
Sven Libaek,1126595,166068,322a1309-5e1f-422f-9712-9c5662ab480a,https://www.last.fm/music/Sven+Libaek,0,"jazz, Soundtrack, electronic"
Trueno,6753316,166065,,https://www.last.fm/music/Trueno,0,"rap, argentina, trap argentino"
Molly Nilsson,4711050,166063,3054e9b6-8573-4106-9660-a343688ed29f,https://www.last.fm/music/Molly+Nilsson,0,"synthpop, seen live, minimal synth"
Promoting Sounds,3346851,165991,,https://www.last.fm/music/Promoting+Sounds,0,"american, emo rap"
Lindemann,7027632,165991,,https://www.last.fm/music/Lindemann,0,"industrial metal, industrial, metal"
VIXX,10197484,165960,270bebcb-f400-4912-a8ed-1827ae562405,https://www.last.fm/music/VIXX,0,"k-pop, Korean, Kpop"
Tink,1984332,165959,03a0c292-3569-46cf-9876-d3c79af048eb,https://www.last.fm/music/Tink,0,"rap, rnb, Hip-Hop"
The Interrupters,4110354,165903,f8ed032c-0d34-4ae6-a069-91417097509e,https://www.last.fm/music/The+Interrupters,0,"ska punk, ska, seen live"
Jon Hassell,1897100,165648,0ac4fff0-03e9-4b0d-977b-ba94fb475030,https://www.last.fm/music/Jon+Hassell,0,"ambient, jazz, experimental"
Cyberbully Mom Club,2703528,165568,6d25994a-c078-4017-a72e-e25c26b75051,https://www.last.fm/music/Cyberbully+Mom+Club,0,"Lo-Fi, emo, indie"
Davido,2797760,165441,a9ae7d4b-10f0-4da8-8b8c-21722a074a54,https://www.last.fm/music/Davido,0,"afrobeat, nigeria, afrobeats"
CoryaYo,1074079,165331,,https://www.last.fm/music/CoryaYo,0,"Hip-Hop, instrumental hip-hop, beats"
Miracle of Sound,6472969,165273,d2b7fc8c-033c-462e-aef2-7e116571d67c,https://www.last.fm/music/Miracle+of+Sound,0,"rock, video game music, irish"
The Brothers Johnson,981239,165186,,https://www.last.fm/music/The+Brothers+Johnson,0,"funk, soul, Disco"
German Error Message,2318928,165155,48e192d4-3d0a-4c3e-b3b0-2c42f50e0db9,https://www.last.fm/music/German+Error+Message,0,"folk, indie, singer-songwriter"
Ocie Elliott,1424861,165148,,https://www.last.fm/music/Ocie+Elliott,0,"folk, indie, acoustic"
El Cuarteto De Nos,10240456,165084,97d0cf66-ace2-4f89-b126-00f1917316d9,https://www.last.fm/music/El+Cuarteto+De+Nos,0,"rock, uruguay, Rock en Espanol"
Soviet Soviet,2890497,164950,31cfeb33-1cad-4015-89d2-2dde5a1e12b5,https://www.last.fm/music/Soviet+Soviet,0,"post-punk, italian, indie"
Mad Tsai,1976803,164908,,https://www.last.fm/music/Mad+Tsai,0,"pop, indie, indie pop"
Orchid Mantis,1564230,164908,,https://www.last.fm/music/Orchid+Mantis,0,"dream pop, ambient, hypnagogic pop"
SPOTEMGOTTEM,1906087,164864,,https://www.last.fm/music/SPOTEMGOTTEM,0,"rap, Hip-Hop, trap"
Lee Chae Yeon,3432983,164856,,https://www.last.fm/music/Lee+Chae+Yeon,0,"k-pop, Korean, Kpop"
AKano,1945302,164819,,https://www.last.fm/music/AKano,0,"cover, japan, anime"
Sada Baby,2452184,164785,,https://www.last.fm/music/Sada+Baby,0,"rap, detroit, Hip-Hop"
Victor & Leo,2867768,164748,bae40d13-4444-4cd0-b9ad-025a2a29766e,https://www.last.fm/music/Victor+&+Leo,0,"sertanejo, Victor e Leo, brazilian"
Leprous,13427918,164730,a2e55cf5-ca3a-4c26-ba62-fc4a4f2bc603,https://www.last.fm/music/Leprous,0,"Progressive metal, Avant-garde Metal, seen live"
Katie,2198976,164727,,https://www.last.fm/music/Katie,0,"Korean, soul, rnb"
Go_A,3501054,164727,,https://www.last.fm/music/Go_A,0,"Ukrainian, folk, folktronica"
Protoje,2011599,164693,eb9ad275-dc6b-4d00-9dea-e60b02313a72,https://www.last.fm/music/Protoje,0,"reggae, dub, jamaica"
Linval Thompson,1014826,164650,c60178ab-c3d9-4f9d-ac56-4bf2eb93feed,https://www.last.fm/music/Linval+Thompson,0,"reggae, dub, roots reggae"
sam evian,1392752,164622,,https://www.last.fm/music/sam+evian,0,"indie rock, indie pop, dream pop"
Bin,4025149,164585,,https://www.last.fm/music/Bin,0,"Kpop, pop, japanese"
Yotto,2082556,164574,,https://www.last.fm/music/Yotto,0,"finnish, Progressive House, deep house"
2WEI,2465213,164508,,https://www.last.fm/music/2WEI,0,"contemporary classical, german, Soundtrack"
BDRMM,1754428,164379,,https://www.last.fm/music/BDRMM,0,"dream pop, shoegaze, post-punk"
Arrested Youth,2732176,164341,,https://www.last.fm/music/Arrested+Youth,0,"electronic, indie, seen live"
Dro Kenji,11222790,164332,,https://www.last.fm/music/Dro+Kenji,0,"south carolina, Hip-Hop, rap"
Sultan + Shepard,1651180,164273,,https://www.last.fm/music/Sultan+%252B+Shepard,0,"Canadian, trance, House"
SleazyWorld Go,2069930,164157,,https://www.last.fm/music/SleazyWorld+Go,0,"rap, drill, Hip-Hop"
Infinite,8109038,164155,e78fba33-a77a-47e1-874d-f5492a34dcc3,https://www.last.fm/music/Infinite,0,"k-pop, Korean, Kpop"
Lifelover,13736014,163999,4d591f86-cb45-4cc1-b04b-88d11bea2744,https://www.last.fm/music/Lifelover,0,"depressive black metal, black metal, depressive rock"
Ailee,3640565,163941,cecc42fb-9657-4b54-ad2f-7b73eefaef12,https://www.last.fm/music/Ailee,0,"k-pop, Korean, female vocalists"
Chino & Nacho,1413139,163940,9971d582-1582-4b48-850a-2dfe793a5d30,https://www.last.fm/music/Chino+&+Nacho,0,"mierda, Reggaeton, black metal"
Like Moths to Flames,5557546,163935,6f0777a9-50f2-4577-966d-de0943b0b766,https://www.last.fm/music/Like+Moths+to+Flames,0,"metalcore, post-hardcore, hardcore"
Shenseea,1770236,163927,,https://www.last.fm/music/Shenseea,0,"reggae, dancehall, rnb"
Lowertown,2639317,163778,,https://www.last.fm/music/Lowertown,0,"seen live, indie pop, indie rock"
Nouns,3555907,163729,,https://www.last.fm/music/Nouns,0,"emo, Lo-Fi, noise pop"
Daniel Deluxe,2989135,163704,20e17bb3-4b34-48d3-bc35-d8e6638e3b4d,https://www.last.fm/music/Daniel+Deluxe,0,"synthwave, electronic, retrowave"
Lata Mangeshkar,2068866,163675,aeb71bd8-447d-4415-8ea1-2b7d664f67e1,https://www.last.fm/music/Lata+Mangeshkar,0,"bollywood, Hindi, Indian"
YFN Lucci,1445395,163572,,https://www.last.fm/music/YFN+Lucci,0,"rap, Hip-Hop, hip hop"
Sleaford Mods,4427620,163553,09d8290b-6ada-422f-8ce3-19349fb1c15d,https://www.last.fm/music/Sleaford+Mods,0,"post-punk, Crank wave, spoken word"
落日飛車 Sunset rollercoaster,1551430,163545,,https://www.last.fm/music/%E8%90%BD%E6%97%A5%E9%A3%9B%E8%BB%8A+Sunset+rollercoaster,0,"taiwanese, indie, indie rock"
datfootdive,3593432,163425,,https://www.last.fm/music/datfootdive,0,"Hip-Hop, electronic, hip hop"
sophie meiers,1491420,163403,,https://www.last.fm/music/sophie+meiers,0,"soul, rnb, pop"
Adrian,1479633,163385,b06fca25-bbf5-4e2d-8ef0-05a0f468ed59,https://www.last.fm/music/Adrian,0,"heavy metal, Power metal, speed metal"
Odd Sweetheart,1743759,163321,,https://www.last.fm/music/Odd+Sweetheart,0,"indie, emo, indie rock"
Sam Phillips,2002646,163320,225bf078-adde-4b2a-8a05-b0057e89af44,https://www.last.fm/music/Sam+Phillips,0,"singer-songwriter, female vocalists, indie"
George,1998340,163289,f4083d93-90d3-4cd9-9191-54d944e67112,https://www.last.fm/music/George,0,"australian, indie, seen live"
Oliver Francis,5720075,163231,,https://www.last.fm/music/Oliver+Francis,0,"cloud rap, Hip-Hop, rap"
Jessica Keenan Wynn,1694946,163102,,https://www.last.fm/music/Jessica+Keenan+Wynn,0,USA
２８１４,4885233,163027,,https://www.last.fm/music/%EF%BC%92%EF%BC%98%EF%BC%91%EF%BC%94,0,"ambient, vaporwave, electronic"
Ph-1,5761790,162991,,https://www.last.fm/music/Ph-1,0,"Korean, Hip-Hop, rap"
Plaza,2136264,162985,c064c3f3-7863-41fd-b83a-5d840d9ccb6e,https://www.last.fm/music/Plaza,0,"new beat, House, techno"
BUCK-TICK,17412538,162929,a70fca82-889a-4f70-98bb-39f7ec968566,https://www.last.fm/music/BUCK-TICK,0,"J-rock, japanese, visual kei"
The Cleaners From Venus,2207127,162926,,https://www.last.fm/music/The+Cleaners+From+Venus,0,"new wave, Lo-Fi, jangle pop"
Ñengo Flow,2319475,162888,b7f5054e-c9de-49d8-b0eb-6deefb89b86b,https://www.last.fm/music/%C3%91engo+Flow,0,"Reggaeton, Gangsta Rap, rap"
Brennan Heart,3458024,162854,,https://www.last.fm/music/Brennan+Heart,0,"hardstyle, electronic, Hardbass"
monte booker,1259897,162836,,https://www.last.fm/music/monte+booker,0,"Hip-Hop, electronic, soul"
Boogarins,5746833,162788,46713d05-4143-4704-a9c3-71b482a13944,https://www.last.fm/music/Boogarins,0,"seen live, Psychedelic Rock, psychedelic"
Hoodrich Pablo Juan,1859754,162785,,https://www.last.fm/music/Hoodrich+Pablo+Juan,0,"rap, atlanta, trap"
Teqkoi,2147969,162751,,https://www.last.fm/music/Teqkoi,0,USA
Juno,6391014,162714,f1d42a55-31ae-42a8-a22c-0ea5dd083381,https://www.last.fm/music/Juno,0,"Hip-Hop, seen live, indie"
Kenzie,930729,162678,,https://www.last.fm/music/Kenzie,0,"pop, electronic, alternative"
Tego Calderón,1438317,162661,6efb297a-d135-4b1b-8c6f-097c9670e647,https://www.last.fm/music/Tego+Calder%C3%B3n,0,"Reggaeton, latin, Hip-Hop"
Hoshi,3056454,162570,8c1b6c18-38f5-4fe6-a0d0-28c746ff9691,https://www.last.fm/music/Hoshi,0,"french, k-pop, seventeen"
Orelsan,9830234,162483,6cad3ce5-6380-4594-a8da-ae7d273b683d,https://www.last.fm/music/Orelsan,0,"rap, french, rap francais"
DaniSogen,1914307,162464,,https://www.last.fm/music/DaniSogen,0,"Lo-Fi, electronic, chill"
BURNOUT SYNDROMES,3159428,162401,,https://www.last.fm/music/BURNOUT+SYNDROMES,0,"japanese, rock, J-rock"
Volumes,5897012,162322,9d397404-907d-4355-b5d6-299bae93f6d9,https://www.last.fm/music/Volumes,0,"DJENT, Progressive metal, math metal"
Rouge,4633571,162139,c5eb4991-1075-4c93-8693-d05a06090ac7,https://www.last.fm/music/Rouge,0,"pop, brazilian, female vocalists"
Adam Jensen,2518507,162124,,https://www.last.fm/music/Adam+Jensen,0,"electronic, indie, boston"
Travis Bretzer,1226677,162116,171306a5-cfbf-4a93-a8ac-6145198b2489,https://www.last.fm/music/Travis+Bretzer,0,"indie, pop, Canadian"
Desired,3539770,162076,,https://www.last.fm/music/Desired,0,"future funk, vaporwave, russian"
Gábor Szabó,1599376,162034,ee69197a-ca57-42ba-bd23-93b756391a5d,https://www.last.fm/music/G%C3%A1bor+Szab%C3%B3,0,"jazz, Fusion, guitar"
Goose house,2792855,161993,46c8042e-881e-431c-adea-57c975bd0018,https://www.last.fm/music/Goose+house,0,"j-pop, japanese, acoustic"
Sleepy Tom,1201474,161959,69f2d0f8-c7ed-4545-8bad-0f9d79462f8d,https://www.last.fm/music/Sleepy+Tom,0,"electronic, techno, House"
Human Tetris,2803850,161913,f1cdb237-b33b-4cec-bf48-d30979c623b4,https://www.last.fm/music/Human+Tetris,0,"post-punk, russian, indie"
Eddie Santiago,1401100,161870,315fc6d3-4e92-42bd-95b0-49557473adad,https://www.last.fm/music/Eddie+Santiago,0,"salsa, latin, salsa romantica"
Noah,2390807,161861,f00ff1e5-5fcd-4a47-ab77-970c70f63c53,https://www.last.fm/music/Noah,0,"indonesia, pop, indonesian"
OFFONOFF,4426006,161819,e42594c6-8b04-4b8b-83a6-443a0bc5a41b,https://www.last.fm/music/OFFONOFF,0,"free jazz, rnb, k-rnb"
Pescado Rabioso,5586811,161801,ff401398-6d43-4e91-8f87-33fe19aafd84,https://www.last.fm/music/Pescado+Rabioso,0,"Rock Argentino, rock, 70s"
Gims,3006856,161779,,https://www.last.fm/music/Gims,0,"french, Hip-Hop, pop"
ZUTOMAYO,6834201,161753,,https://www.last.fm/music/ZUTOMAYO,0,"japanese, indie, rock"
MC POZE DO RODO,4154883,161719,,https://www.last.fm/music/MC+POZE+DO+RODO,0,"funk, brazil, seen live"
Sylosis,6026283,161569,114f8840-8704-4b70-9673-904d60ecadc8,https://www.last.fm/music/Sylosis,0,"Melodic Death Metal, metalcore, thrash metal"
Moisés Nieto,1960643,161534,ba381915-2dc1-4bb5-b660-4b4d9835a5d6,https://www.last.fm/music/Mois%C3%A9s+Nieto,0,"instrumental, Soundtrack, piano"
Nature,3435980,161532,d6e1f5b6-7843-40b3-80c3-f6fcf58b79f3,https://www.last.fm/music/Nature,0,"Hip-Hop, rap, k-pop"
Rare Americans,4760465,161531,,https://www.last.fm/music/Rare+Americans,0,"rock, alternative, Canadian"
Joey Trap,2176237,161495,,https://www.last.fm/music/Joey+Trap,0,"rap, Hip-Hop, hip hop"
DOMi & JD Beck,2714860,161477,,https://www.last.fm/music/DOMi+&+JD+Beck,0,"jazz, seen live, modern jazz"
Britney Manson,2384043,161471,,https://www.last.fm/music/Britney+Manson,0,"pop, electronic, electropop"
takayan,8184928,161453,01e4cba5-f3d3-47de-a04f-7b1db25d512d,https://www.last.fm/music/takayan,0,"touhou, jazz, doujin ongaku"
CONRO,2175749,161419,50f96850-073d-4dfa-811c-543afd51997e,https://www.last.fm/music/CONRO,0,"dance, EDM, electronic"
Jordan Davis,3456740,161400,e90eaba7-aa99-40f6-8348-8b822dcf20d7,https://www.last.fm/music/Jordan+Davis,0,"country, rock, Hip-Hop"
Leif Vollebekk,1725468,161314,433fe66c-4d1a-41ca-9614-b5c6d641679c,https://www.last.fm/music/Leif+Vollebekk,0,"seen live, folk, Canadian"
After School,9134746,161294,e2c9d619-d1bc-47f8-82d6-cc7417c2dba0,https://www.last.fm/music/After+School,0,"k-pop, Korean, female vocalists"
Tomorrow,1360030,161289,ba713ef2-53b7-4990-92ff-8611dd6cb716,https://www.last.fm/music/Tomorrow,0,"Psychedelic Rock, psychedelic, 60s"
Matthew Halsall,1816997,161278,b191a9d7-9f6b-4fc8-a097-488cf79d0242,https://www.last.fm/music/Matthew+Halsall,0,"jazz, trumpet, nu jazz"
DRAKEO The Ruler,3780914,161172,,https://www.last.fm/music/DRAKEO+The+Ruler,0,"Hip-Hop, rap, trap"
Alessi Brothers,1131199,161161,3849799a-bcba-48a4-b74a-22967a4f2871,https://www.last.fm/music/Alessi+Brothers,0,"pop, 80s, Soundtrack"
Speaker Knockerz,2719490,161111,,https://www.last.fm/music/Speaker+Knockerz,0,"bop, trap, pop rap"
Tommy Cash,3264759,161110,d8c5c228-0dff-4236-beae-3e2982714a72,https://www.last.fm/music/Tommy+Cash,0,"Hip-Hop, rap, estonian"
Alexander Stewart,2190701,161103,7ac54f94-bca6-4c99-8323-545e257e182b,https://www.last.fm/music/Alexander+Stewart,0,"pop, Canadian, acoustic"
laundry day,2197098,161065,,https://www.last.fm/music/laundry+day,0,"pop, indie pop, indie rock"
Slothrust,2567733,161056,86c80cc3-13b0-4ca7-ae5a-d16f00c11a59,https://www.last.fm/music/Slothrust,0,"alternative rock, Grunge, alternative"
Jasmine Cephas-Jones,1196760,161032,,https://www.last.fm/music/Jasmine+Cephas-Jones,0,"pop, female vocalists, american"
Marina Lima,3348890,161018,026128bb-a1c3-49cd-bdb0-3526057d3f32,https://www.last.fm/music/Marina+Lima,0,"mpb, brazilian, brasil"
Emma Ruth Rundle,5844426,161000,7ba593b9-79d4-4860-92c8-ade2a1ef4551,https://www.last.fm/music/Emma+Ruth+Rundle,0,"folk, drone, ambient"
Jinjer,6695135,160954,51b37017-859c-465e-8810-2d2dd41a401e,https://www.last.fm/music/Jinjer,0,"metalcore, Progressive metal, groove metal"
La Sonora Dinamita,1252882,160942,46a153df-a143-403b-948c-0131cb1a1067,https://www.last.fm/music/La+Sonora+Dinamita,0,"cumbia, latin, salsa"
Air Traffic Controller,1587649,160878,27579e8b-aa5e-4e4e-b617-d71e1f0f7933,https://www.last.fm/music/Air+Traffic+Controller,0,"indie rock, indie pop, indie"
TERROR REID,4017694,160868,,https://www.last.fm/music/TERROR+REID,0,"rap, Hip-Hop, hip hop"
Lizzy Mercier Descloux,2064668,160852,96c008cb-f6e7-48a0-99d6-8bba45564dab,https://www.last.fm/music/Lizzy+Mercier+Descloux,0,"no wave, post-punk, french"
Algernon Cadwallader,6762926,160852,47272420-4b41-43cb-a009-a349b9d87f42,https://www.last.fm/music/Algernon+Cadwallader,0,"emo, math rock, indie"
ATARASHII GAKKO!,4384984,160791,,https://www.last.fm/music/ATARASHII+GAKKO%21,0,"jazz, j-pop, JPop"
Tiny Moving Parts,6881096,160742,12ddbf63-f68f-406f-a44a-258cd9674490,https://www.last.fm/music/Tiny+Moving+Parts,0,"emo, math rock, post-hardcore"
dubdogz,1536982,160726,,https://www.last.fm/music/dubdogz,0,"brazil, brasil, brazilian"
Closed on Sunday,3156511,160632,,https://www.last.fm/music/Closed+on+Sunday,0,"Lo-Fi, USA, american"
1Kilo,3147247,160631,,https://www.last.fm/music/1Kilo,0,"rap, brasil, hip hop"
Agar Agar,2674373,160629,,https://www.last.fm/music/Agar+Agar,0,"synthpop, indie pop, french"
Said The Sky,3146914,160600,,https://www.last.fm/music/Said+The+Sky,0,"electronic, dubstep, chillstep"
Vertigoaway,2602841,160576,,https://www.last.fm/music/Vertigoaway,0,"jungle, atmospheric drum and bass, breakcore"
Mahmood,5361632,160548,,https://www.last.fm/music/Mahmood,0,"pop, italian, Eurovision"
Code Kunst,2638559,160501,,https://www.last.fm/music/Code+Kunst,0,"Korean, Hip-Hop, HIGHGRND"
Ferrugem,3649129,160486,,https://www.last.fm/music/Ferrugem,0,"Pagode, brasil, brazil"
Bugzy Malone,2965061,160456,,https://www.last.fm/music/Bugzy+Malone,0,"Grime, rap, Hip-Hop"
The Taxpayers,3077996,160448,e039dd53-7fa2-48eb-a79e-ee2c359d3831,https://www.last.fm/music/The+Taxpayers,0,"punk, folk punk, folk"
Thomas Headon,2289098,160365,,https://www.last.fm/music/Thomas+Headon,0,"pop, indie pop, alternative pop"
Timecop1983,3830689,160359,3452247c-719a-4a77-8d98-bf55becb449a,https://www.last.fm/music/Timecop1983,0,"synthwave, electronic, retrowave"
Tim Bernardes,5406216,160316,,https://www.last.fm/music/Tim+Bernardes,0,"seen live, brazilian, indie"
Baird,1065499,160307,,https://www.last.fm/music/Baird,0,"electronic, indie pop, bedroom pop"
Nicki Nicole,5404613,160254,,https://www.last.fm/music/Nicki+Nicole,0,"argentina, pop, rnb"
The Bucketheads,765279,160235,24db1a43-a59f-4015-ae37-d52f1907c8f7,https://www.last.fm/music/The+Bucketheads,0,"House, electronic, dance"
Harrison,1095099,160151,ea3a3e48-c1f6-47ab-a142-5a8ae2854397,https://www.last.fm/music/Harrison,0,"future funk, indie pop, funk"
The Crane Wives,7916879,160121,7de336ea-298e-430b-9fcf-5e574256c6e6,https://www.last.fm/music/The+Crane+Wives,0,"folk, indie, indie folk"
Vista Kicks,1704897,160045,,https://www.last.fm/music/Vista+Kicks,0,"indie, alternative, Surf"
Ryan Mack,1964052,160038,,https://www.last.fm/music/Ryan+Mack,0,"pop, alternative, irish"
fam0uz,1450251,160008,,https://www.last.fm/music/fam0uz,0,
imase,2021839,159953,,https://www.last.fm/music/imase,0,"j-pop, pop, japanese"
Xdinary Heroes,9393218,159929,,https://www.last.fm/music/Xdinary+Heroes,0,"rock, Korean, k-pop"
Curbi,1843823,159918,,https://www.last.fm/music/Curbi,0,"House, electronic, future house"
Arin Ray,2008151,159886,ba09f88f-d95a-4dad-8e99-60ce49349251,https://www.last.fm/music/Arin+Ray,0,"rnb, electronic, pop"
Isolate.exe,1352365,159839,,https://www.last.fm/music/Isolate.exe,0,
Currents,8762136,159832,b7e442b4-30cd-4bd2-9238-032e74f7807d,https://www.last.fm/music/Currents,0,"metalcore, Progressive Metalcore, deathcore"
Naran Ratan,1276211,159798,,https://www.last.fm/music/Naran+Ratan,0,"tasty morsels, electronic, ambient"
Karol Conká,7641592,159773,,https://www.last.fm/music/Karol+Conk%C3%A1,0,"rap, Hip-Hop, female vocals"
Kadhja Bonet,1397167,159749,,https://www.last.fm/music/Kadhja+Bonet,0,"soul, jazz, rnb"
dosii,2963713,159737,,https://www.last.fm/music/dosii,0,"rnb, Korean, indie pop"
hania rani,3256028,159711,,https://www.last.fm/music/hania+rani,0,"piano, ambient, contemporary classical"
Leyla Blue,1190057,159640,,https://www.last.fm/music/Leyla+Blue,0,"pop, sad, latin"
Remble,2653481,159628,,https://www.last.fm/music/Remble,0,"rap, Hip-Hop, american"
Mc Jacaré,2008128,159592,,https://www.last.fm/music/Mc+Jacare%CC%81,0,"brasil, brazilian, brazilian funk"
Lava La Rue,1194212,159588,,https://www.last.fm/music/Lava+La+Rue,0,"rap, soul, rnb"
Héctor Lavoe,1853260,159468,2cf18512-c129-482b-aff1-7430a1a7850b,https://www.last.fm/music/H%C3%A9ctor+Lavoe,0,"salsa, latin, fania"
Muzz,2655958,159412,9932b4d6-f360-48e9-9a70-1e68def09371,https://www.last.fm/music/Muzz,0,"indie rock, Drum and bass, drumstep"
Melim,3823595,159388,,https://www.last.fm/music/Melim,0,"pop, reggae, mpb"
LoveLeo,1289196,159387,,https://www.last.fm/music/LoveLeo,0,"pop, electropop, american"
Jayda G,1273965,159348,,https://www.last.fm/music/Jayda+G,0,"House, electronic, seen live"
Xantesha,1306798,159345,,https://www.last.fm/music/Xantesha,0,"phonk, Ukrainian, ukrainian phonk"
Aaron Taylor,1231301,159323,,https://www.last.fm/music/Aaron+Taylor,0,"chillout, soul, lounge"
Infinity Frequencies,2834032,159247,80c29427-3fdf-47e4-a4a4-ea180d8c9072,https://www.last.fm/music/Infinity+Frequencies,0,"vaporwave, ambient, computer gaze"
Nenhum de Nós,3208046,159225,3a4be717-ade6-499d-a553-ddd7ab70b28b,https://www.last.fm/music/Nenhum+de+N%C3%B3s,0,"brazilian rock, rock, rock gaucho"
Winnetka Bowling League,1731161,159178,,https://www.last.fm/music/Winnetka+Bowling+League,0,"alternative, indie, seen live"
TOOPOOR,1384553,159122,,https://www.last.fm/music/TOOPOOR,0,"pop, UK, pop punk"
Jefre Cantu-Ledesma,2637478,159086,9b69c184-919f-4db2-a2a4-995024f69334,https://www.last.fm/music/Jefre+Cantu-Ledesma,0,"ambient, drone, noise"
Mc Paiva ZS,3916362,159046,,https://www.last.fm/music/Mc+Paiva+ZS,0,"funk, Funk paulista"
Fly By Midnight,2819115,159015,,https://www.last.fm/music/Fly+By+Midnight,0,"indie pop, pop, new york"
Monaleo,1904528,159007,,https://www.last.fm/music/Monaleo,0,"rap, Hip-Hop, seen live"
Wonho,10430028,158981,,https://www.last.fm/music/Wonho,0,"pop, Korean, k-pop"
Winter,1926404,158977,d18bfda6-85c2-4108-9f58-d139c0a3c7ec,https://www.last.fm/music/Winter,0,"doom metal, death metal, Death Doom Metal"
LIL DUSTY G,3582531,158776,,https://www.last.fm/music/LIL+DUSTY+G,0,"cloud rap, emo rap, Hip-Hop"
squirrel flower,1710031,158761,,https://www.last.fm/music/squirrel+flower,0,"Lo-Fi, indie folk, seen live"
Killy,4394422,158722,,https://www.last.fm/music/Killy,0,"Hip-Hop, rap, canada"
ramz,1475963,158710,,https://www.last.fm/music/ramz,0,"rnb, british, hip hop"
Delta Sleep,3886934,158663,0934b25a-8293-4277-a6db-ee0ad0adbfc8,https://www.last.fm/music/Delta+Sleep,0,"math rock, post-hardcore, experimental"
Mor ve Ötesi,7051039,158605,aedd8552-370c-4db0-b0d4-e20d219ab16d,https://www.last.fm/music/Mor+ve+%C3%96tesi,0,"turkish rock, rock, turkish"
Dabeull,1878256,158595,f543ad5c-f165-47bf-bd68-744989828314,https://www.last.fm/music/Dabeull,0,"electronic, funk, nu disco"
Everybody Loves An Outlaw,1038290,158567,,https://www.last.fm/music/Everybody+Loves+An+Outlaw,0,"USA, Bad porno movie"
Slush Puppy,1656602,158502,,https://www.last.fm/music/Slush+Puppy,0,"hip hop, electronic, alternative"
TNT,2401954,158483,f70b6c01-92c2-4394-a15f-6db30e32bacf,https://www.last.fm/music/TNT,0,"hard rock, heavy metal, hair metal"
MC Du Black,1930049,158465,,https://www.last.fm/music/MC+Du+Black,0,"funk, brazil, brazilian"
Tsha,1241693,158457,,https://www.last.fm/music/Tsha,0,"electronic, House, indie pop"
Antent,2189752,158446,,https://www.last.fm/music/Antent,0,"chillout, electronic, ambient"
Tear da Club Up Thugs,849262,158271,dd31f168-61b0-492e-96b1-732ebac4ac7e,https://www.last.fm/music/Tear+da+Club+Up+Thugs,0,"rap, Hip-Hop, memphis rap"
Kevin Kaarl,6107414,158194,,https://www.last.fm/music/Kevin+Kaarl,0,"folk, romantic, mexican"
Kevin Ross,884942,157974,4b0c850a-854c-434f-8154-627f1303957a,https://www.last.fm/music/Kevin+Ross,0,"rnb, soul, pop"
Terno Rei,14369383,157951,,https://www.last.fm/music/Terno+Rei,0,"brazilian, shoegaze, dream pop"
Monophonics,1528849,157885,f1745cca-1cae-4696-a0d3-62553c742b0c,https://www.last.fm/music/Monophonics,0,"funk, soul, afrobeat"
Sebii,4539542,157838,,https://www.last.fm/music/Sebii,0,"cloud rap, rap, Hip-Hop"
James King,1193976,157676,e628e8a9-3850-430a-b1c1-006986ccb967,https://www.last.fm/music/James+King,0,"bluegrass, country, tenor"
Ira!,3386404,157663,1ccd14d3-c66e-4949-9308-655b8df1a523,https://www.last.fm/music/Ira%21,0,"rock, brazilian rock, 80s"
Pisse,2099747,157656,,https://www.last.fm/music/Pisse,0,"punk, punk rock, post-punk"
PAPITHBK,2591500,157621,,https://www.last.fm/music/PAPITHBK,0,"australia, emo rap"
Mark Keali'i Ho'omalu,1186706,157543,86391210-b8d8-4955-9ab0-95d43e7c781f,https://www.last.fm/music/Mark+Keali%27i+Ho%27omalu,0,"Hawaiian, hawaii, world"
León Larregui,3999096,157502,436eb956-2a52-4bdf-aa79-4d73d952b2da,https://www.last.fm/music/Le%C3%B3n+Larregui,0,"rock, mexico, Alternativo"
Los Panchos,1801198,157453,7eadfa84-186b-4953-a28b-d684a69c34e2,https://www.last.fm/music/Los+Panchos,0,"bolero, latin, mexico"
Ryan Trey,2418343,157453,,https://www.last.fm/music/Ryan+Trey,0,"Hip-Hop, rap, USA"
Los Cafres,2705559,157440,5e2943e7-4b74-438f-9b8a-abfcaa412ec0,https://www.last.fm/music/Los+Cafres,0,"reggae, argentina, spanish"
Survive Said The Prophet,3559964,157434,,https://www.last.fm/music/Survive+Said+The+Prophet,0,"post-hardcore, emo, rock"
Knuckle Puck,7071732,157402,68ff4824-8451-481c-b4cf-57c2c64d8c00,https://www.last.fm/music/Knuckle+Puck,0,"pop punk, punk, emo"
Lizot,1834438,157399,,https://www.last.fm/music/Lizot,0,"german, germany, EDM"
Black Dresses,6202390,157353,,https://www.last.fm/music/Black+Dresses,0,"noise pop, industrial, electro-industrial"
Elizeth Cardoso,959179,157342,41deaf18-1aec-46fb-baad-4b0381c3160f,https://www.last.fm/music/Elizeth+Cardoso,0,"samba, Bossa Nova, mpb"
goson,864803,157317,,https://www.last.fm/music/goson,0,"chill, Lo-Fi"
Haken,9930534,157250,0246a3fd-a254-416d-8cd2-e31da4ac6f59,https://www.last.fm/music/Haken,0,"Progressive metal, Progressive rock, metal"
Billy Marchiafava,2111794,157202,,https://www.last.fm/music/Billy+Marchiafava,0,"Hip-Hop, hip hop, rap"
Panucci's Pizza,4253914,157129,,https://www.last.fm/music/Panucci%27s+Pizza,0,"emo, math rock, indie"
ONIMXRU,1676134,157101,,https://www.last.fm/music/ONIMXRU,0,"phonk, Ukrainian, ukrainian phonk"
Lily Chou-Chou,4030596,157001,5652bb3e-f225-49de-9637-5aa1539b4a7c,https://www.last.fm/music/Lily+Chou-Chou,0,"japanese, Soundtrack, female vocalists"
ESPRIT 空想,2506366,156968,4163b62b-c043-4eb0-8af2-0e7e1362afa6,https://www.last.fm/music/ESPRIT+%E7%A9%BA%E6%83%B3,0,"vaporwave, chillwave, electronic"
Charlotte Cardin,2785193,156898,,https://www.last.fm/music/Charlotte+Cardin,0,"singer-songwriter, pop, Canadian"
Angerfist,6076636,156885,91d8e441-73a6-48a6-aed1-2bef4da87799,https://www.last.fm/music/Angerfist,0,"hardcore, Gabber, hardcore techno"
4*TOWN (From Disney and Pixar’s Turning Red),1610405,156871,,https://www.last.fm/music/4%2ATOWN+(From+Disney+and+Pixar%E2%80%99s+Turning+Red),0,"pop, fictional, electropop"
Mc Gw,1401736,156823,,https://www.last.fm/music/Mc+Gw,0,"indie, urban, funk"
Mc Hariel,4119340,156816,,https://www.last.fm/music/Mc+Hariel,0,"funk, brazilian, trap"
Duman,7026700,156784,f8a9a911-47de-49fe-ba96-7e5b5f08b7d0,https://www.last.fm/music/Duman,0,"turkish rock, rock, turkish"
o k h o,1234001,156765,,https://www.last.fm/music/o+k+h+o,0,"beats, experimental, Lo-Fi"
Video Days,931102,156541,,https://www.last.fm/music/Video+Days,0,"indie, shoegaze, dream pop"
TR/ST,5831641,156537,,https://www.last.fm/music/TR%2FST,0,"synthpop, darkwave, electronic"
Loveless,3537938,156506,f95fe8a5-19d0-4222-be08-c55dba7ffd47,https://www.last.fm/music/Loveless,0,"japanese, anime, J-rock"
Mc Pedrinho,1437772,156419,,https://www.last.fm/music/Mc+Pedrinho,0,"funk, brazil, brazilian"
P.H.F.,1929558,156390,,https://www.last.fm/music/P.H.F.,0,"Lo-Fi, punk, New Zealand"
Käärijä,5014983,156384,,https://www.last.fm/music/K%C3%A4%C3%A4rij%C3%A4,0,"rap, finnish, Eurovision"
El Gran Combo De Puerto Rico,1409663,156240,a34ab81e-a7e0-4d0c-b5f8-2438f104733d,https://www.last.fm/music/El+Gran+Combo+De+Puerto+Rico,0,"salsa, latin, puerto rico"
Forth Wanderers,2469898,156169,,https://www.last.fm/music/Forth+Wanderers,0,"indie, emo, rock"
Cidade Negra,2384251,155950,4a95ceff-7445-42f1-b34f-01d680777d85,https://www.last.fm/music/Cidade+Negra,0,"reggae, brazilian, brazilian reggae"
Halle,2191667,155884,,https://www.last.fm/music/Halle,0,"rnb, pop, soul"
Bezerra da Silva,2602652,155881,2d5347a5-ba26-4116-a8e2-c67c61923538,https://www.last.fm/music/Bezerra+da+Silva,0,"samba, mpb, brasil"
Caskets,3666918,155794,,https://www.last.fm/music/Caskets,0,"post-hardcore, metalcore, alternative rock"
MC LEVIN,1424642,155770,,https://www.last.fm/music/MC+LEVIN,0,"Funk Carioca, brazil, brasil"
Catherine Zeta-Jones,1073602,155735,6f1e0374-8f41-402f-9d1c-4d04e14e26e1,https://www.last.fm/music/Catherine+Zeta-Jones,0,"Soundtrack, female vocalists, musicals"
Louane,2695225,155729,93a128e6-80eb-49b3-ab77-485518a0c45e,https://www.last.fm/music/Louane,0,"pop, french, france"
Ten,3914043,155700,e2c603fc-b9eb-404b-9f81-acb9bd09b146,https://www.last.fm/music/Ten,0,"hard rock, melodic rock, AOR"
Bazanji,2374161,155574,,https://www.last.fm/music/Bazanji,0,"rap, Hip-Hop, american"
LVL UP,1880650,155564,f63e017a-bd02-4a4f-b64d-5316a99f8535,https://www.last.fm/music/LVL+UP,0,"indie rock, seen live, Garage Rock"
Babeheaven,1098046,155492,,https://www.last.fm/music/Babeheaven,0,"indie pop, indie rock, trip-hop"
Dalex,2486437,155479,,https://www.last.fm/music/Dalex,0,"Reggaeton, USA, latin"
Pearl,1470669,155451,f055e4f0-f57d-41cf-bff8-56ad092fe451,https://www.last.fm/music/Pearl,0,"indie, soul, alternative"
Your Old Droog,3060192,155406,ef39d47a-d530-4fa2-8f74-0c73ce195f02,https://www.last.fm/music/Your+Old+Droog,0,"rap, Hip-Hop, underground hip-hop"
Unknown T,3722601,155364,,https://www.last.fm/music/Unknown+T,0,"Grime, rap, drill"
Bleed from Within,5209442,155318,385d80ab-cf87-46ed-b4c9-3ea8942993ef,https://www.last.fm/music/Bleed+from+Within,0,"deathcore, metalcore, death metal"
Zeal & Ardor,6139094,155318,,https://www.last.fm/music/Zeal+&+Ardor,0,"black metal, Avant-garde Metal, seen live"
Mickey Valen,1406966,155301,,https://www.last.fm/music/Mickey+Valen,0,"electronic, EDM, american"
ZODIVK,1418687,155296,,https://www.last.fm/music/ZODIVK,0,"House, Greek, greece"
WIU,5086569,155254,,https://www.last.fm/music/WIU,0,"Hip-Hop, seen live, rap"
SR,2262897,155248,,https://www.last.fm/music/SR,0,"japanese, rap, female vocalists"
BLK ODYSSY,1672004,155235,,https://www.last.fm/music/BLK+ODYSSY,0,"Jazz Hop, soul, funk"
Tobias Dray,1229211,155176,,https://www.last.fm/music/Tobias+Dray,0,canada
Jasper Byrne,1549439,155116,83531e92-35b2-45b9-be5b-fdde574f7ba7,https://www.last.fm/music/Jasper+Byrne,0,"ambient, Soundtrack, idm"
coldrain,6806734,155068,eeee01ef-15b6-4741-9f42-9477c9ee0804,https://www.last.fm/music/coldrain,0,"post-hardcore, J-rock, japanese"
oaf1,4752242,155060,,https://www.last.fm/music/oaf1,0,"rap, cloud rap, electronic"
Pocah,3100218,155052,,https://www.last.fm/music/Pocah,0,"pop, funk, baile funk"
Frejat,1831463,155047,68fc9097-a2c9-4b49-94e2-009047a67a98,https://www.last.fm/music/Frejat,0,"rock, mpb, brazilian"
Ei8ht,1078651,154955,,https://www.last.fm/music/Ei8ht,0,"electronic, electronica, rap"
dora jar,1442126,154828,,https://www.last.fm/music/dora+jar,0,"indie pop, electronic, synthpop"
That Handsome Devil,3781274,154780,dc0d5e24-0ab3-4711-a342-a7fc92b35071,https://www.last.fm/music/That+Handsome+Devil,0,"alternative rock, funk, rock"
Corbin,4882224,154700,321093e4-3759-4c87-b0f8-1db9e5bcfec7,https://www.last.fm/music/Corbin,0,"cloud rap, rnb, alternative rnb"
Dave Bixby,1801204,154689,f6417c61-0220-48bd-b835-d1735395ca69,https://www.last.fm/music/Dave+Bixby,0,"folk, singer-songwriter, acid folk"
Tevvez,5460587,154675,,https://www.last.fm/music/Tevvez,0,"hardstyle, zyzz, electro"
Yama,3214504,154670,a2736fc3-e5d1-4f6c-bc4f-b79ff06285ad,https://www.last.fm/music/Yama,0,"Stoner Rock, Psychedelic Rock, psychedelic"
Rootkit,1800913,154575,d62f29e8-b9d1-47d7-a12a-921a7e1387fc,https://www.last.fm/music/Rootkit,0,"electronic, dubstep, drumstep"
Kublai Khan TX,3858456,154491,,https://www.last.fm/music/Kublai+Khan+TX,0,"hardcore, metalcore, groove metal"
your best friend jippy,2800446,154487,,https://www.last.fm/music/your+best+friend+jippy,0,"hip hop, instrumental, beats"
Chen,7842202,154452,,https://www.last.fm/music/Chen,0,"exo, Korean, k-pop"
Bay Ledges,1173152,154452,,https://www.last.fm/music/Bay+Ledges,0,"pop, seen live, indie"
Balming Tiger,10352433,154356,,https://www.last.fm/music/Balming+Tiger,0,"Korean, seen live, rap"
Roderick Porter,2056201,154343,,https://www.last.fm/music/Roderick+Porter,0,"electronic, canada, Lo-Fi"
The Young Veins,3167604,154332,8360baa1-250d-4e18-801c-bb4666152c27,https://www.last.fm/music/The+Young+Veins,0,"indie rock, indie, alternative"
Lil Candy Paint,2107812,154234,,https://www.last.fm/music/Lil+Candy+Paint,0,"cloud rap, Hip-Hop, rap"
StoneBank,3102011,154205,,https://www.last.fm/music/StoneBank,0,"dubstep, electro, happy hardcore"
Superstar Pride,1148634,154145,,https://www.last.fm/music/Superstar+Pride,0,"rap, trap, memphis rap"
Bullion,1480569,153983,9b2a1ef4-0e6b-4ddd-99fc-cdf223dccb08,https://www.last.fm/music/Bullion,0,"Hip-Hop, electronic, wonky"
YNG Martyr,1689046,153911,,https://www.last.fm/music/YNG+Martyr,0,"rap, australian, australia"
SICK LEGEND,5023628,153905,,https://www.last.fm/music/SICK+LEGEND,0,"remix, hardstyle, frenchcore"
Sonya Belousova,2941897,153855,8175065c-5edb-477e-824d-b5aab9048f95,https://www.last.fm/music/Sonya+Belousova,0,"Soundtrack, the witcher, instrumental"
Blondshell,1578051,153837,,https://www.last.fm/music/Blondshell,0,"indie rock, dream pop, indie"
Haru Nemuri,3569889,153771,,https://www.last.fm/music/Haru+Nemuri,0,"noise pop, j-pop, post-hardcore"
Sickick,2345496,153700,,https://www.last.fm/music/Sickick,0,"electronic, Hip-Hop, rap"
Roberta Campos,1608642,153694,3cfbe5fb-c638-40dc-b8d8-bb5e5c9c4a1e,https://www.last.fm/music/Roberta+Campos,0,"mpb, folk, female vocalists"
indigo la End,4538128,153677,8d17b65b-8ccf-495c-8b79-1f53d6226448,https://www.last.fm/music/indigo+la+End,0,"japanese, indie, post-rock"
Take Van,1209940,153573,,https://www.last.fm/music/Take+Van,0,"pop, Drum and bass, rnb"
Christian Nodal,4291851,153558,,https://www.last.fm/music/Christian+Nodal,0,"mexican, ranchera, mexico"
Erra,9577489,153516,f2d10e7a-cc3a-42df-a72c-2abc05057c41,https://www.last.fm/music/Erra,0,"Progressive Metalcore, metalcore, melodic metalcore"
DARGZ,870401,153512,,https://www.last.fm/music/DARGZ,0,"jazz, british, dub"
Leon Thomas,1198441,153500,46f70f03-d259-4314-b926-2db36c28d86f,https://www.last.fm/music/Leon+Thomas,0,"jazz, soul, spiritual jazz"
New Hope Club,2773887,153472,,https://www.last.fm/music/New+Hope+Club,0,"pop, rock, electronic"
NxxxxxS,1973525,153399,,https://www.last.fm/music/NxxxxxS,0,"vaporwave, vaportrap, phonk"
LINGUA IGNOTA,4581283,153280,,https://www.last.fm/music/LINGUA+IGNOTA,0,"death industrial, neoclassical darkwave, industrial"
Israel & Rodolffo,4962672,153219,,https://www.last.fm/music/Israel+&+Rodolffo,0,"brazilian, sertanejo"
Ayra Starr,1911237,153147,,https://www.last.fm/music/Ayra+Starr,0,"rnb, afrobeats, benin"
Lil Aaron,2194239,153124,,https://www.last.fm/music/Lil+Aaron,0,"emo rap, Hip-Hop, rap"
CG5,3593108,153035,,https://www.last.fm/music/CG5,0,"indie, pop, singer-songwriter"
Rebounder,974457,153034,,https://www.last.fm/music/Rebounder,0,"indie pop, indie rock, power pop"
MIYAVI,2841697,153026,63ba8239-cac4-402c-bef6-f26da4881da4,https://www.last.fm/music/MIYAVI,0,"J-rock, visual kei, japanese"
Upon a Burning Body,4002271,153007,3df17d31-f9a4-4ca4-8570-c7d70c362b04,https://www.last.fm/music/Upon+a+Burning+Body,0,"deathcore, metalcore, hardcore"
Kaede,2067354,152992,,https://www.last.fm/music/Kaede,0,"japanese, House, j-pop"
Jamie Miller,1982022,152988,,https://www.last.fm/music/Jamie+Miller,0,"pop, the voice uk, covers"
Saint Levant,1455044,152965,,https://www.last.fm/music/Saint+Levant,0,"Hip-Hop, arabic, palestine"
Egzod,2223888,152965,,https://www.last.fm/music/Egzod,0,france
Junodream,872130,152935,,https://www.last.fm/music/Junodream,0,"dream pop, indie, alternative rock"
Sabotage,4472106,152862,d8246591-ec8f-4898-85cc-e8a858bc9bdc,https://www.last.fm/music/Sabotage,0,"rap, Rap Nacional, brazilian"
Grace Phipps,1062791,152848,99261f74-9d78-4cf0-ae8c-a3d511f48544,https://www.last.fm/music/Grace+Phipps,0,"pop, USA, 10s"
Gabby Barrett,1765232,152833,,https://www.last.fm/music/Gabby+Barrett,0,"country, American Idol, american"
Wendy,4873865,152790,dcc6a6bb-47f0-45f3-8b79-5580f91ad9a5,https://www.last.fm/music/Wendy,0,"wendy, k-pop, red velvet"
Trauma Ray,1357706,152714,,https://www.last.fm/music/Trauma+Ray,0,"shoegaze, Grunge, alternative rock"
Arlindo Cruz,2112988,152626,a0e7903d-cde4-4433-8487-8b7b130d715f,https://www.last.fm/music/Arlindo+Cruz,0,"samba, brasil, Pagode"
BONJR,1920589,152551,,https://www.last.fm/music/BONJR,0,"electronic, chill, lofi"
Jack Kays,2439894,152519,,https://www.last.fm/music/Jack+Kays,0,"alternative, emo, pop punk"
The Charlie Daniels Band,1206296,152446,35885131-9d16-40cb-9289-e18997a8b77c,https://www.last.fm/music/The+Charlie+Daniels+Band,0,"country, Southern Rock, classic rock"
Terekke,1266356,152399,f76828bf-2dbd-4423-95af-e2caa6ebc41f,https://www.last.fm/music/Terekke,0,"deep house, House, ambient"
CONVOLK,7393212,152331,,https://www.last.fm/music/CONVOLK,0,"emo rap, Hip-Hop, cloud rap"
Ambar Lucid,1628921,152251,,https://www.last.fm/music/Ambar+Lucid,0,"indie pop, psychedelic pop, psychedelic"
Randy,1877874,152235,e03731fc-da2e-468f-970d-9d5d1b479acf,https://www.last.fm/music/Randy,0,"seen live, punk rock, punk"
Jesse®,1343773,152190,,https://www.last.fm/music/Jesse%C2%AE,0,"indie, pop, alternative"
Che Ecru,2614784,152186,,https://www.last.fm/music/Che+Ecru,0,"rnb, Hip-Hop, soul"
Anyma,1391440,152126,,https://www.last.fm/music/Anyma,0,"electronic, ambient, chillout"
Alex Isley,1393110,152063,,https://www.last.fm/music/Alex+Isley,0,"soul, rnb, indie"
Ike Quebec,1025401,151976,d2301fc2-4416-477d-a4ca-5c5d98d0a998,https://www.last.fm/music/Ike+Quebec,0,"jazz, saxophone, blue note"
RichaadEB,3084818,151863,,https://www.last.fm/music/RichaadEB,0,"metal, Progressive metal, Video Game Metal"
Benny Golson,717786,151856,486bfccd-e9d5-4d7e-96b1-b9bbc6218743,https://www.last.fm/music/Benny+Golson,0,"jazz, saxophone, Hard Bop"
Lenny Loops,1308677,151807,,https://www.last.fm/music/Lenny+Loops,0,"electronic, chill, Lo-Fi"
De Jeugd van Tegenwoordig,7349104,151793,dd2a8dee-59ea-4df8-978a-25403da4db97,https://www.last.fm/music/De+Jeugd+van+Tegenwoordig,0,"seen live, Hip-Hop, dutch"
Black Alien,9452224,151735,46a7b248-112e-4e62-bc32-aeea5029f53b,https://www.last.fm/music/Black+Alien,0,"rap, Hip-Hop, ragga"
Gsoul,2426713,151682,,https://www.last.fm/music/Gsoul,0,"rnb, Korean, soul"
Salvatore Ganacci,1787121,151663,,https://www.last.fm/music/Salvatore+Ganacci,0,"Sweden, seen live, House"
It Looks Sad.,2345474,151652,,https://www.last.fm/music/It+Looks+Sad.,0,"indie, emo, indie rock"
Mila J,1324024,151645,7ffcff92-d71b-4f0b-a578-c959ded4ba49,https://www.last.fm/music/Mila+J,0,"rnb, soul, female vocalists"
Dj LK da Escócia,812963,151566,,https://www.last.fm/music/Dj+LK+da+Esc%C3%B3cia,0,"brazil, funk, Funk Carioca"
Neoni,2483578,151560,,https://www.last.fm/music/Neoni,0,"electronic, indie, alternative rock"
Spice,1525139,151550,f80ae4ea-3041-4d9c-87e2-f5962da510be,https://www.last.fm/music/Spice,0,"funk, dancehall, jamaica"
Jagwar Twin,1389944,151549,,https://www.last.fm/music/Jagwar+Twin,0,"electronic, pop, USA"
YK Osiris,1179357,151549,,https://www.last.fm/music/YK+Osiris,0,"Hip-Hop, soul, rap"
DVWN,3806385,151516,,https://www.last.fm/music/DVWN,0,"Korean, indie, k-rnb"
Gaho,2826727,151468,,https://www.last.fm/music/Gaho,0,"rnb, Korean, k-pop"
Ryo Fukui,2363899,151435,,https://www.last.fm/music/Ryo+Fukui,0,"jazz, japanese, piano"
Supercell,7478364,151434,9b15ff5e-5bd1-43c2-821d-e31240aad334,https://www.last.fm/music/Supercell,0,"j-pop, japanese, anime"
TRUE DAMAGE,2180158,151359,,https://www.last.fm/music/TRUE+DAMAGE,0,"electronic, Hip-Hop, hip hop"
Maria Becerra,5674005,151301,,https://www.last.fm/music/Maria+Becerra,0,"argentina, seen live, latin"
sundiver ca,1469524,151298,,https://www.last.fm/music/sundiver+ca,0,"indie rock, american, California"
pink siifu,3508725,151227,,https://www.last.fm/music/pink+siifu,0,"Hip-Hop, sound collage, jazz rap"
Whipped Cream,1167777,151169,15ab9ddb-5521-4f06-9245-def17d70ccda,https://www.last.fm/music/Whipped+Cream,0,"shoegaze, Canadian, EDM"
ZOLITA,2077929,151162,,https://www.last.fm/music/ZOLITA,0,"indie, electronic, pop"
"Fear, and Loathing in Las Vegas",6026697,151135,6356a6dd-8fa4-4477-8306-a43540d6dfe2,"https://www.last.fm/music/Fear,+and+Loathing+in+Las+Vegas",0,"post-hardcore, electronic, trancecore"
dacelynn,1191846,151120,,https://www.last.fm/music/dacelynn,0,"indie, bedroom pop, USA"
The Clean,2882191,151075,d10c7c90-54b1-4855-a9f5-1099a8dd7f54,https://www.last.fm/music/The+Clean,0,"post-punk, New Zealand, indie rock"
Forest Blakk,1321077,151040,,https://www.last.fm/music/Forest+Blakk,0,"alternative, Canadian"
Falamansa,2316086,151012,ff139832-b7c8-4246-b601-e4b0714a80cd,https://www.last.fm/music/Falamansa,0,"Forro, brazilian, forro universitario"
South Park Mexican,2028528,150987,ac3fe5fe-a680-4508-b890-b5c1f33a5291,https://www.last.fm/music/South+Park+Mexican,0,"rap, South Park Mexican, Hip-Hop"
The Prophet,1671418,150985,f8cbea4f-63cc-4560-a84e-86be7ab41ef9,https://www.last.fm/music/The+Prophet,0,"hardstyle, hardcore, Gabber"
Utada,3798142,150877,b539e453-c4fe-47e3-8a07-8517eac74429,https://www.last.fm/music/Utada,0,"j-pop, japanese, pop"
宇宙ネコ子,3436528,150756,,https://www.last.fm/music/%E5%AE%87%E5%AE%99%E3%83%8D%E3%82%B3%E5%AD%90,0,"shoegaze, dream pop, japanese"
Zack Tabudlo,5697365,150697,,https://www.last.fm/music/Zack+Tabudlo,0,"pop, singer-songwriter, male vocalists"
Archy Marshall,2942191,150644,,https://www.last.fm/music/Archy+Marshall,0,"electronic, trip-hop, Hip-Hop"
waveform*,1815309,150640,,https://www.last.fm/music/waveform%2A,0,"Lo-Fi, slowcore, shoegaze"
Clown Core,2680760,150568,,https://www.last.fm/music/Clown+Core,0,"experimental, grindcore, noise"
Murray Gold,11005115,150512,46e5aa54-d0a2-4121-8ad8-e5d6147c0c08,https://www.last.fm/music/Murray+Gold,0,"Soundtrack, doctor who, composer"
Andrew Rannells,2510634,150430,,https://www.last.fm/music/Andrew+Rannells,0,"bird, misc, Jackson"
Fievel Is Glauque,2011309,150314,,https://www.last.fm/music/Fievel+Is+Glauque,0,"art pop, Progressive Pop, Bossa Nova"
Slowboy,1902758,150267,,https://www.last.fm/music/Slowboy,0,"Norway, electronic, norwegian"
Plini,4924437,150237,3f6c0aa1-a7a9-4ff2-9c50-e84d4b0de178,https://www.last.fm/music/Plini,0,"Progressive metal, instrumental, Progressive rock"
Prince Daddy & The Hyena,6360760,150228,,https://www.last.fm/music/Prince+Daddy+&+The+Hyena,0,"pop punk, emo, indie rock"
Toots & The Maytals,1554657,150195,29730ee3-e1c7-4e28-9ccd-3a0e6b0e8103,https://www.last.fm/music/Toots+&+The+Maytals,0,"reggae, ska, rocksteady"
Norma Tanega,1259860,150187,6afd770e-8d2a-4243-b1fc-d9c22f11e428,https://www.last.fm/music/Norma+Tanega,0,"folk, singer-songwriter, acoustic"
Ford.,1546770,150169,,https://www.last.fm/music/Ford.,0,"electronic, chillout, vocal"
Juan Magán,1475135,150089,fe2d4768-80a4-4a00-b606-4872b6996a6a,https://www.last.fm/music/Juan+Mag%C3%A1n,0,"latin, electro latino, spanish"
DOMENIQUE DUMONT,1413596,150089,,https://www.last.fm/music/DOMENIQUE+DUMONT,0,"electronic, ambient, synthpop"
R5,2618210,150086,b52e99bd-e49d-4371-9fbd-cf1a0c2512ce,https://www.last.fm/music/R5,0,"pop, rock, Disney"
Cartel De Santa,4709764,150026,563f6d35-dbef-403d-aedd-57b5a9250b3d,https://www.last.fm/music/Cartel+De+Santa,0,"Hip-Hop, mexico, hip hop"
Eaeon,8339173,150007,,https://www.last.fm/music/Eaeon,0,"Korean, electronic, ambient"
JeFF BERNAT,2864468,149975,,https://www.last.fm/music/JeFF+BERNAT,0,"soul, acoustic, r&b"
Electric Callboy,7982651,149972,,https://www.last.fm/music/Electric+Callboy,0,"metalcore, trancecore, seen live"
8485,4503782,149893,,https://www.last.fm/music/8485,0,"hyperpop, electronic, electropop"
DJ Screw,3050027,149881,f8c5a61e-8002-423f-ab0d-ced818074d10,https://www.last.fm/music/DJ+Screw,0,"Hip-Hop, Dirty South, screw"
Vacation Manor,1645752,149864,,https://www.last.fm/music/Vacation+Manor,0,"indie pop, indie, alternative"
Elizabeth Cotten,1515500,149783,907f53c2-f7d1-406a-8071-30262ba472ca,https://www.last.fm/music/Elizabeth+Cotten,0,"blues, folk, female vocalists"
jay worthy,1134293,149760,,https://www.last.fm/music/jay+worthy,0,"rap, Hip-Hop, trap"
Tipling Rock,1362335,149702,,https://www.last.fm/music/Tipling+Rock,0,"indie, USA, Indie-Rock"
Chri$tian Gate$,3485489,149636,,https://www.last.fm/music/Chri$tian+Gate$,0,"emo rap, Emo Trap, Hip-Hop"
Alligatoah,9969926,149540,ebf76ca6-a2c5-4d3a-8e84-7fa3be9e22ab,https://www.last.fm/music/Alligatoah,0,"rap, Deutschrap, hip hop"
DRAB MAJESTY,4368974,149535,,https://www.last.fm/music/DRAB+MAJESTY,0,"post-punk, darkwave, new wave"
Video Game Players,1796569,149520,,https://www.last.fm/music/Video+Game+Players,0,"instrumental, chiptune, video game music"
Daron Malakian and Scars On Broadway,3394920,149461,,https://www.last.fm/music/Daron+Malakian+and+Scars+On+Broadway,0,"alternative metal, alternative rock, rock"
Holding Absence,5071533,149441,,https://www.last.fm/music/Holding+Absence,0,"post-hardcore, alternative rock, melodic hardcore"
Hiroshi Yoshimura,3079226,149395,9a197894-1a40-4650-89a2-928dcfcd1ef6,https://www.last.fm/music/Hiroshi+Yoshimura,0,"ambient, electronic, japanese"
Lil Boodang,1968183,149356,,https://www.last.fm/music/Lil+Boodang,0,"vaporwave, Trill, phonk"
OmenXIII,3411879,149328,,https://www.last.fm/music/OmenXIII,0,"cloud rap, rap, Hip-Hop"
Dj Esco,1397535,149262,,https://www.last.fm/music/Dj+Esco,0,"Hip-Hop, rap, american"
Felipe Amorim,3411504,149059,,https://www.last.fm/music/Felipe+Amorim,0,"brazilian, Forro, swingueira"
Tommy february6,4473107,149059,,https://www.last.fm/music/Tommy+february6,0,"j-pop, japanese, female vocalists"
FUKKIT,2334117,149047,,https://www.last.fm/music/FUKKIT,0,"rap, Hip-Hop, trap"
Jeon Soyeon,3140814,149007,,https://www.last.fm/music/Jeon+Soyeon,0,"rap, k-pop, Hip-Hop"
CoVet,2903159,148968,ccf9b801-b1d9-4818-9c53-9cf2bd23db98,https://www.last.fm/music/CoVet,0,"math rock, post-rock, instrumental"
D-Block & S-te-Fan,3594481,148936,c81fd471-e2bd-4c7e-9b0a-fd893e74e523,https://www.last.fm/music/D-Block+&+S-te-Fan,0,"hardstyle, Hardbass, jumpstyle"
Liniker e os Caramelows,6284830,148822,,https://www.last.fm/music/Liniker+e+os+Caramelows,0,"soul, mpb, brazilian"
NUEKI,2209245,148805,,https://www.last.fm/music/NUEKI,0,
Giulia Be,3472159,148732,,https://www.last.fm/music/Giulia+Be,0,"pop, brazil, alternative"
Logic1000,1076744,148724,,https://www.last.fm/music/Logic1000,0,"House, electronic, uk funky"
DJ Guuga,1948393,148621,,https://www.last.fm/music/DJ+Guuga,0,"funk, brazilian, brazil"
SDP,4571400,148538,5e4d768d-ef8e-4082-a57d-e55534df7349,https://www.last.fm/music/SDP,0,"german, hip hop, Hip-Hop"
流線形,1559262,148527,ac2bb6f9-fdac-4fd7-8039-c8a69bc8df5e,https://www.last.fm/music/%E6%B5%81%E7%B7%9A%E5%BD%A2,0,"japanese, pop, j-pop"
Adi Oasis,588941,148517,,https://www.last.fm/music/Adi+Oasis,0,"funk, rnb, female vocalists"
Aitana,6598893,148496,,https://www.last.fm/music/Aitana,0,"spanish, spain, pop"
Simone & Simaria,4746392,148302,,https://www.last.fm/music/Simone+&+Simaria,0,"sertanejo, female vocalists, Forro"
MEDHANE,1744433,148300,,https://www.last.fm/music/MEDHANE,0,"rap, Hip-Hop, hip hop"
Bohnes,2182448,148207,,https://www.last.fm/music/Bohnes,0,"alternative, alternative rock, rock"
Toy-Box,1555682,148187,93e747b8-2896-439d-8c46-29158e8cff90,https://www.last.fm/music/Toy-Box,0,"eurodance, dance, pop"
KID TRUNKS,1513916,148126,,https://www.last.fm/music/KID+TRUNKS,0,"rap, trap, Members only"
Rebecca,2291587,148103,fe1a17f6-5064-4e06-9018-de7c16af0fff,https://www.last.fm/music/Rebecca,0,"j-pop, japanese, 80s"
The Dreadnoughts,3874414,147928,748ec8db-4b7c-4f39-bc4b-aa5eb7ae9be7,https://www.last.fm/music/The+Dreadnoughts,0,"folk punk, celtic punk, punk"
Husbands,1163448,147902,22d0292f-1b47-41ab-9102-9e367cdb4d3d,https://www.last.fm/music/Husbands,0,"indie pop, synthpop, electronic"
Sheena Ringo,4851702,147847,,https://www.last.fm/music/Sheena+Ringo,0,"japanese, J-rock, j-pop"
TileKid,1697815,147834,,https://www.last.fm/music/TileKid,0,"instrumental, ambient, russian"
GWSN,7214035,147810,,https://www.last.fm/music/GWSN,0,"k-pop, Kpop, girl group"
IAMDDB,2308277,147791,,https://www.last.fm/music/IAMDDB,0,"rnb, rap, urban jazz"
Duskus,1079183,147773,,https://www.last.fm/music/Duskus,0,"electronic, Hip-Hop, instrumental"
KillBunk,1971401,147753,,https://www.last.fm/music/KillBunk,0,"hip hop, rap"
Jorge Aragão,2204730,147748,23751694-aad0-45f7-b3bf-bdade42466f6,https://www.last.fm/music/Jorge+Arag%C3%A3o,0,"samba, brasil, Pagode"
Ashes Remain,2594799,147735,2ec86dfd-f3f5-4110-952b-788a27dff787,https://www.last.fm/music/Ashes+Remain,0,"alternative rock, christian rock, rock"
Xmal Deutschland,2330337,147722,4d94cf89-7757-4385-9049-52b7c3509e5f,https://www.last.fm/music/Xmal+Deutschland,0,"post-punk, Gothic Rock, new wave"
The Tech Thieves,2152231,147648,,https://www.last.fm/music/The+Tech+Thieves,0,"electronic, female vocalists, indie pop"
Leaving Time,1375473,147490,,https://www.last.fm/music/Leaving+Time,0,"shoegaze, alternative rock, indie"
Klyne,948285,147483,,https://www.last.fm/music/Klyne,0,"electronic, indie, netherlands"
Marietta,3676310,147454,ca2e24a3-7b2d-4efa-8dad-0401523d774f,https://www.last.fm/music/Marietta,0,"emo, midwest emo, indie"
Luke Chiang,4211105,147395,,https://www.last.fm/music/Luke+Chiang,0,"pop, soul, rnb"
Stegosaurus Rex,1213275,147384,c3642765-09b1-426a-bc8f-8a202b0fb536,https://www.last.fm/music/Stegosaurus+Rex,0,"electronic, electropop, electronica"
Niack,1841902,147354,,https://www.last.fm/music/Niack,0,"funk, brazilian, baile funk"
provoker,1893932,147321,,https://www.last.fm/music/provoker,0,"post-punk, coldwave, darkwave"
Tommy Newport,1134811,147283,,https://www.last.fm/music/Tommy+Newport,0,"indie pop, indie rock, indie"
DEAD POET SOCIETY,3230407,147258,,https://www.last.fm/music/DEAD+POET+SOCIETY,0,"rock, blues rock, alternative rock"
Marie Madeleine,1330262,147242,9b4cc54d-5d00-462f-90e8-3c3b8ad70e91,https://www.last.fm/music/Marie+Madeleine,0,"electronic, Disco, indie"
Eli & Fur,1560151,147211,70d58a6b-c0b2-47de-8ff3-bc8ab817b5f9,https://www.last.fm/music/Eli+&+Fur,0,"House, electronic, dance"
Brooksie,1014520,147144,,https://www.last.fm/music/Brooksie,0,
Pip Blom,1310066,147136,,https://www.last.fm/music/Pip+Blom,0,"indie rock, Lo-Fi, Crank wave"
Black Kray,11126458,147113,,https://www.last.fm/music/Black+Kray,0,"cloud rap, trap, Hip-Hop"
M.A.G.S.,1594609,147082,,https://www.last.fm/music/M.A.G.S.,0,"indie, rock, punk"
Kyle Landry,1560513,146996,ba7ed521-3582-4abe-9856-ff932ef4d1cc,https://www.last.fm/music/Kyle+Landry,0,"piano, Soundtrack, Classical"
10cm,2894969,146945,9f6686f2-7a23-4bf3-9d01-860e4ae9390f,https://www.last.fm/music/10cm,0,"Korean, indie, acoustic"
Point North,3610725,146887,,https://www.last.fm/music/Point+North,0,"pop punk, alternative rock, post-hardcore"
La Factoria,1040771,146842,,https://www.last.fm/music/La+Factoria,0,"Reggaeton, Panama, latin"
Quelle Chris,2831634,146812,b2f60e78-7dca-4cb3-bc55-c62580be8010,https://www.last.fm/music/Quelle+Chris,0,"Hip-Hop, rap, hip hop"
Hype Williams,2630339,146717,fdd6ea04-81fa-45a2-96d8-c29ba08bfbde,https://www.last.fm/music/Hype+Williams,0,"Lo-Fi, experimental, psychedelic"
Vieux Farka Touré,1479197,146688,7682d624-9e0b-45b2-b7d0-d1b18b3ebd05,https://www.last.fm/music/Vieux+Farka+Tour%C3%A9,0,"african, mali, world"
Devin Kennedy,1521640,146633,,https://www.last.fm/music/Devin+Kennedy,0,"alternative, Lo-Fi"
DAX,3095158,146551,1098cc9c-f867-45f9-8bbc-7b6117329c16,https://www.last.fm/music/DAX,0,"rap, Hip-Hop, rock"
Smash Into Pieces,4601061,146547,65b83862-32e4-444a-ad59-aa8f4866a0ad,https://www.last.fm/music/Smash+Into+Pieces,0,"alternative rock, rock, hard rock"
The Dip,1522272,146543,,https://www.last.fm/music/The+Dip,0,"soul, funk, rnb"
Rob Grant,998367,146437,,https://www.last.fm/music/Rob+Grant,0,"jazz, piano, instrumental"
MINMI,2315742,146423,0a2d8d95-9cb1-48da-927c-613b4e12ae72,https://www.last.fm/music/MINMI,0,"japanese, j-pop, reggae"
Shawn Wasabi,2105622,146412,,https://www.last.fm/music/Shawn+Wasabi,0,"electronic, mashup, bubblegum bass"
J Alvarez,1765838,146318,75b8a771-52a3-49a0-b2b6-993ed1250dfa,https://www.last.fm/music/J+Alvarez,0,"Reggaeton, mierda, lo mejor"
Modest Mussorgsky,982470,146303,c1380b12-3909-47d8-a5fd-d20e76123310,https://www.last.fm/music/Modest+Mussorgsky,0,"Classical, russian, romantic"
Louis Cole,2895137,146299,,https://www.last.fm/music/Louis+Cole,0,"funk, electronic, pop"
Love Spirals Downwards,1885958,146248,34b69232-264f-419d-ad62-47d362e2c308,https://www.last.fm/music/Love+Spirals+Downwards,0,"ethereal, darkwave, ambient"
800 Cherries,1964835,146120,4012a50b-a64f-450f-a418-fd473e6ccea4,https://www.last.fm/music/800+Cherries,0,"japanese, indie, twee"
Sarah and the Sundays,2074133,146114,,https://www.last.fm/music/Sarah+and+the+Sundays,0,"indie rock, american, austin"
Younger Hunger,1766882,146112,,https://www.last.fm/music/Younger+Hunger,0,"alternative, indie pop, indie rock"
Jef Martens,892578,146092,,https://www.last.fm/music/Jef+Martens,0,"piano, ambient, belgian"
Vegedream,1924369,146064,,https://www.last.fm/music/Vegedream,0,"hip hop, rnb, urban pop"
Christopher Fitzgerald,1141488,145940,aa6341d6-7ae7-42f9-aedc-3dba6c68e9e6,https://www.last.fm/music/Christopher+Fitzgerald,0,"musical, Broadway, Wicked"
Sisqo,833217,145862,25e0497c-faa4-4765-b232-baa20e5e35a7,https://www.last.fm/music/Sisqo,0,"rnb, Hip-Hop, soul"
Resavoir,1064966,145784,,https://www.last.fm/music/Resavoir,0,"jazz, experimental, vocal"
Mc Teteu,1339074,145728,,https://www.last.fm/music/Mc+Teteu,0,"christmas, funk, brazil"
Paloma Mami,3144109,145715,,https://www.last.fm/music/Paloma+Mami,0,"latin, Reggaeton, trap"
Luis Alberto Spinetta,4837382,145665,78b8c4c6-d329-4b01-98ed-02b183fe0bf8,https://www.last.fm/music/Luis+Alberto+Spinetta,0,"Rock Argentino, rock, argentina"
Hailu Mergia,1674636,145643,0b40d946-2362-4445-90f6-a3a5f333bd30,https://www.last.fm/music/Hailu+Mergia,0,"jazz, ethio-jazz, ethiopia"
Lu,1135330,145640,fe7e13a4-69a0-44e7-9672-6878ca2568e2,https://www.last.fm/music/Lu,0,"latin, spanish, pop"
Sharpay Evans,738360,145585,,https://www.last.fm/music/Sharpay+Evans,0,"pop, female vocalists, dance"
Mustard Service,2534090,145585,,https://www.last.fm/music/Mustard+Service,0,"indie, indie pop, indie rock"
Pile,3127429,145546,edb13821-1a05-4945-8e54-11798a1134d8,https://www.last.fm/music/Pile,0,"post-hardcore, j-pop, indie rock"
Creeds,1135395,145507,,https://www.last.fm/music/Creeds,0,"rock, alternative rock, hard rock"
Cartier God,5423138,145506,,https://www.last.fm/music/Cartier+God,0,"cloud rap, trap, experimental hip hop"
Yoon MiRae,1489781,145492,,https://www.last.fm/music/Yoon+MiRae,0,"k-pop, Korean, pop"
Roc Marciano,4731404,145431,9b14ef6d-119b-47b8-9d06-fc72901451e2,https://www.last.fm/music/Roc+Marciano,0,"Hip-Hop, underground hip-hop, rap"
Ed Helms,1069547,145387,ccceab95-54c4-4cc5-b2a4-8a8cc19f3732,https://www.last.fm/music/Ed+Helms,0,"comedy, Soundtrack, piano"
Nija,1354577,145154,,https://www.last.fm/music/Nija,0,"Hip-Hop, rap, rnb"
CSS,1775757,145099,23b58ea2-1cc3-468a-9e76-5027e196e851,https://www.last.fm/music/CSS,0,"electronic, indie, brazilian"
i9bonsai,3537928,145047,,https://www.last.fm/music/i9bonsai,0,"plugg, cloud rap, digicore"
guccihighwaters,6385333,144979,,https://www.last.fm/music/guccihighwaters,0,"emo rap, cloud rap, emo"
Só Pra Contrariar,1679887,144963,25e9d889-b583-489f-8bf5-b880af8593e0,https://www.last.fm/music/S%C3%B3+Pra+Contrariar,0,"Pagode, samba, brazilian"
Elias,1795805,144944,f6ce89ab-fb30-403c-adb2-5c04a123c587,https://www.last.fm/music/Elias,0,"seen live, swedish, pop"
Rupert Gregson-Williams,1821358,144879,388f9713-09a0-4ef7-acea-1e22e4431424,https://www.last.fm/music/Rupert+Gregson-Williams,0,"Soundtrack, movie score composers, Film Composer"
Kamal.,1593114,144832,,https://www.last.fm/music/Kamal.,0,"hip hop, pop, soul"
NU'EST,6623592,144798,8c00b1aa-68f6-4874-98cb-de24c25ffe67,https://www.last.fm/music/NU%27EST,0,"k-pop, Korean, Kpop"
dua saleh,1371118,144747,,https://www.last.fm/music/dua+saleh,0,"experimental, rnb, soul"
Tiwa Savage,1447501,144709,,https://www.last.fm/music/Tiwa+Savage,0,"nigeria, pop, africa"
Altin Gün,3716214,144557,,https://www.last.fm/music/Altin+G%C3%BCn,0,"Psychedelic Rock, anatolian rock, seen live"
Planning for Burial,3334337,144537,49f035ad-1fa0-4a2b-9d8b-7f67333570e9,https://www.last.fm/music/Planning+for+Burial,0,"shoegaze, drone, post-rock"
Sparky Deathcap,1452808,144534,,https://www.last.fm/music/Sparky+Deathcap,0,"folk, seen live, Lo-Fi"
Jake Scott,2179713,144514,,https://www.last.fm/music/Jake+Scott,0,"indie, pop, indie pop"
Otoboke beaver,3248378,144475,,https://www.last.fm/music/Otoboke+beaver,0,"punk, japanese, punk rock"
Blind Channel,4358892,144467,,https://www.last.fm/music/Blind+Channel,0,"alternative metal, seen live, alternative rock"
Bronson,1871533,144446,caa85493-9b24-4239-a74e-b8187f69fa9b,https://www.last.fm/music/Bronson,0,"hardcore, italian, RAC"
Windows 96,2787385,144436,,https://www.last.fm/music/Windows+96,0,"vaporwave, chillwave, electronic"
The Snuts,2714960,144348,,https://www.last.fm/music/The+Snuts,0,"indie rock, rock, Scottish"
Food House,3866592,144320,,https://www.last.fm/music/Food+House,0,"hyperpop, bubblegum bass, electronic"
ZAYDE WØLF,2104303,144318,,https://www.last.fm/music/ZAYDE+W%C3%98LF,0,"indie, alternative, alternative pop rock"
Yin Yin,1499112,144300,,https://www.last.fm/music/Yin+Yin,0,"Psychedelic Rock, funk, netherlands"
Matroda,1293158,144269,,https://www.last.fm/music/Matroda,0,"dubstep, electronic, croatian"
Morningsiders,1063760,144222,,https://www.last.fm/music/Morningsiders,0,"american, seen live, indie"
yungatita,1445035,144221,,https://www.last.fm/music/yungatita,0,"indie rock, pop rock, bedroom pop"
ppcocaine,1512011,144143,,https://www.last.fm/music/ppcocaine,0,"Hip-Hop, rap, female vocalists"
Doe Boy,1918438,144041,,https://www.last.fm/music/Doe+Boy,0,"southern rap, trap, rap"
LXST CXNTURY,5005466,144029,,https://www.last.fm/music/LXST+CXNTURY,0,"phonk, electronic, belarus"
She Past Away,4133858,143991,6bbb9ed3-bb91-452f-b801-5c9a511de165,https://www.last.fm/music/She+Past+Away,0,"post-punk, darkwave, Gothic Rock"
Valesca Popozuda,1596738,143984,86074988-4a29-46f5-936e-1437ad71c04c,https://www.last.fm/music/Valesca+Popozuda,0,"brazilian, funk, pop"
That Poppy,1849532,143829,,https://www.last.fm/music/That+Poppy,0,"pop, female vocalists, garbage"
Gray,1692633,143772,f612b40f-12cb-4f65-9680-70fba5d3ee7f,https://www.last.fm/music/Gray,0,"experimental, Basquiat, doujin ongaku"
Haley Blais,1549535,143716,,https://www.last.fm/music/Haley+Blais,0,"indie, acoustic, folk"
Gerry Cinnamon,3153956,143706,,https://www.last.fm/music/Gerry+Cinnamon,0,"british, indie, indie rock"
BBY GOYARD,4785019,143689,,https://www.last.fm/music/BBY+GOYARD,0,"cloud rap, plugg, experimental hip hop"
Daniel,1599989,143688,da33f2ad-b087-4bb0-a289-beeca06daf65,https://www.last.fm/music/Daniel,0,"sertanejo, musica brasileira, brazilian country"
The Longest Johns,3649470,143663,,https://www.last.fm/music/The+Longest+Johns,0,"british, folk, sea shanty"
Oracle Sisters,1052294,143649,,https://www.last.fm/music/Oracle+Sisters,0,"indie pop, dream pop, indie"
Helena Deland,1757126,143606,,https://www.last.fm/music/Helena+Deland,0,"folk, singer-songwriter, Canadian"
Monchy & Alexandra,1147764,143601,,https://www.last.fm/music/Monchy+&+Alexandra,0,"bachata, latin, salsa"
Egoist,6294825,143583,fb483f0a-d1ec-4a98-8237-0b1d7542aca7,https://www.last.fm/music/Egoist,0,"Progressive metal, japanese, j-pop"
Sybyr,5942189,143563,,https://www.last.fm/music/Sybyr,0,"trap, Trap Metal, rap"
Flyana Boss,2496806,143422,,https://www.last.fm/music/Flyana+Boss,0,"rap, rnb, Hip-Hop"
RiIZE,5220091,143387,,https://www.last.fm/music/RiIZE,0,"k-pop, Kpop, sm entertainment"
Crystal Lake,3833181,143381,f5c78fe9-6072-4219-97eb-bd62c4cbd87d,https://www.last.fm/music/Crystal+Lake,0,"metalcore, hardcore, japanese"
KYSLINGO,2161375,143285,,https://www.last.fm/music/KYSLINGO,0,"cloud rap, rap, trap"
jev.,1320384,143264,,https://www.last.fm/music/jev.,0,"hip hop, rap, canada"
Folamour,1542360,143223,,https://www.last.fm/music/Folamour,0,"House, deep house, french house"
ITSOKTOCRY,2794584,143181,,https://www.last.fm/music/ITSOKTOCRY,0,"cloud rap, rap, Horrorcore"
Khea,4206809,143135,,https://www.last.fm/music/Khea,0,"seen live, latin, argentina"
Dre'es,1292882,143133,,https://www.last.fm/music/Dre%27es,0,"hip hop, american, United States"
Gigi Masin,1718821,143129,963e93e1-3161-4d1d-9366-1be0e6c910a2,https://www.last.fm/music/Gigi+Masin,0,"ambient, electronic, italian"
Jamie Jones,844698,143072,0ee95a03-3906-4866-bef8-832308342452,https://www.last.fm/music/Jamie+Jones,0,"tech house, minimal, electronic"
Jaded,930249,142984,fbfd1ad2-772b-48e5-906c-3715c3bd96b5,https://www.last.fm/music/Jaded,0,"emo, seen live, hardcore"
Broadside,2810491,142963,,https://www.last.fm/music/Broadside,0,"pop punk, post-hardcore, hardcore"
Kyan,6102874,142961,f4384a22-0a1e-4336-ac83-1b1134c075eb,https://www.last.fm/music/Kyan,0,"british, funk, pop"
Bones UK,1777254,142931,,https://www.last.fm/music/Bones+UK,0,"industrial rock, alternative rock, blues rock"
DJ Gollum,1602240,142898,13a900b2-862b-4c71-b9c9-c5afab1502fc,https://www.last.fm/music/DJ+Gollum,0,"trance, techno, german"
9mm Parabellum Bullet,6099589,142849,cb9b28ec-799f-44d8-a0b2-2eee3e8eb5b1,https://www.last.fm/music/9mm+Parabellum+Bullet,0,"J-rock, japanese, rock"
Hoody,3129111,142784,967bd5ad-a182-4c9b-aa5a-df316a40f00f,https://www.last.fm/music/Hoody,0,"rnb, k-rnb, Korean"
Jake Miller,2255175,142773,9f9683e5-6a7a-4d89-b998-8432d90b0765,https://www.last.fm/music/Jake+Miller,0,"rap, pop, male vocalists"
猫 シ Corp.,2447965,142750,68c6d24f-1750-485b-9763-59cf7ca2a6b1,https://www.last.fm/music/%E7%8C%AB+%E3%82%B7+Corp.,0,"vaporwave, mallsoft, post-internet"
Tobu,2359634,142729,,https://www.last.fm/music/Tobu,0,"electronic, House, dubstep"
Erika de Casier,3320238,142701,,https://www.last.fm/music/Erika+de+Casier,0,"rnb, soul, pop"
Roy Jones Jr.,1391227,142521,4c4c9f4b-d2d1-4835-9c48-f21454b468b9,https://www.last.fm/music/Roy+Jones+Jr.,0,"Hip-Hop, rap, hip hop"
Cory Wong,3118355,142462,,https://www.last.fm/music/Cory+Wong,0,"funk, seen live, jazz"
Hayd,2100304,142450,,https://www.last.fm/music/Hayd,0,"USA, haydn"
Booba,10152441,142394,785c0e9c-89f6-4bf4-8296-443a46632d62,https://www.last.fm/music/Booba,0,"french rap, rap, Hip-Hop"
Dear Nora,2330665,142308,ca9c6507-cbb1-4b66-bfec-c080fbcca972,https://www.last.fm/music/Dear+Nora,0,"twee, indie pop, female vocalists"
ClariS,6962274,142130,f3688ad9-cd14-4cee-8fa0-0f4434e762bb,https://www.last.fm/music/ClariS,0,"j-pop, anime, japanese"
No Te Va Gustar,3801077,142051,bbd05acc-33f0-4db6-bc01-41c8b4bfe2df,https://www.last.fm/music/No+Te+Va+Gustar,0,"rock, uruguay, Rock uruguayo"
Myrkur,5145984,142042,66d4b54b-77f1-4310-a45c-60972fb47ecc,https://www.last.fm/music/Myrkur,0,"black metal, atmospheric black metal, folk"
Sui Generis,3296079,142009,c5036510-eb52-4f96-81f1-aadbe38985f8,https://www.last.fm/music/Sui+Generis,0,"Rock Argentino, argentina, 70s"
Nightly,2529873,141987,,https://www.last.fm/music/Nightly,0,"indie pop, electropop, american"
SASSY 009,1465280,141939,,https://www.last.fm/music/SASSY+009,0,"electronic, experimental, House"
Dystopia,4899456,141918,275ad74d-9f67-4313-9a90-14f27864b98f,https://www.last.fm/music/Dystopia,0,"Sludge, Crust, grindcore"
NTO,1918659,141874,,https://www.last.fm/music/NTO,0,"minimal, electronic, techno"
Emei,1633175,141859,,https://www.last.fm/music/Emei,0,"pop, electronic, electropop"
Lady Lamb,1636728,141851,,https://www.last.fm/music/Lady+Lamb,0,"folk, seen live, female vocalists"
redzed,3646053,141794,,https://www.last.fm/music/redzed,0,"Hip-Hop, rap, underground hip-hop"
Andy Black,2596811,141778,,https://www.last.fm/music/Andy+Black,0,"rock, alternative rock, alternative"
Alexa,3062430,141750,f6e0263c-f4f0-40d6-bca4-b3aa7980f4f4,https://www.last.fm/music/Alexa,0,"pop, rock, AOR"
Kelly Key,1814848,141721,d3325b80-7fa4-41fb-81a3-0fc6552feeb0,https://www.last.fm/music/Kelly+Key,0,"pop, dance, female vocalists"
Galneryus,5997975,141705,679530cc-a02b-4e08-b0d5-68abdf258ffd,https://www.last.fm/music/Galneryus,0,"Power metal, japanese, J-Metal"
Janos Sebestyen,741600,141688,,https://www.last.fm/music/Janos+Sebestyen,0,"Classical, budapest, hungarian"
Maro,1950293,141671,,https://www.last.fm/music/Maro,0,"pop, portuguese, jazz"
Kingo Hamada,1314376,141655,,https://www.last.fm/music/Kingo+Hamada,0,"japanese, city pop, funk"
The Murlocs,3458504,141654,721b292e-721d-49c0-ba26-99fdc54e77e1,https://www.last.fm/music/The+Murlocs,0,"Garage Rock, seen live, Psychedelic Rock"
Tiago PZK,5464405,141617,,https://www.last.fm/music/Tiago+PZK,0,"argentina, Reggaeton, trap"
Sandy,3121014,141604,dcfd1801-60a0-4099-86da-c4298beb0ff7,https://www.last.fm/music/Sandy,0,"alternative, mpb, folk"
Primary,2378849,141538,c7803db2-dbf0-4626-ae7c-8c8937789fcc,https://www.last.fm/music/Primary,0,"australian, japanese, ambient"
Mesita,2051262,141482,99ed8470-42bb-498f-b8c1-ed7679f4afe3,https://www.last.fm/music/Mesita,0,"indie, experimental, american"
Mike Krol,2735741,141475,,https://www.last.fm/music/Mike+Krol,0,"Garage Rock, seen live, wisconsin"
Sipper,1488888,141468,,https://www.last.fm/music/Sipper,0,"indie pop, Lo-Fi, indie rock"
Kazy Lambist,1471977,141456,,https://www.last.fm/music/Kazy+Lambist,0,"chillout, electronic, french"
whitewoods,1847989,141269,,https://www.last.fm/music/whitewoods,0,"chillwave, american, vaporwave"
Mau y Ricky,1862387,141146,,https://www.last.fm/music/Mau+y+Ricky,0,"Reggaeton, pop, dance"
Rad Museum,2449080,141139,,https://www.last.fm/music/Rad+Museum,0,"Korean, Lo-Fi, rnb"
Pussy Riot,1339844,141049,631e3bc5-428a-432b-87f7-5d357a007fc0,https://www.last.fm/music/Pussy+Riot,0,"punk, russian, riot grrrl"
Fagner,2070749,141000,d3d08827-5446-48c3-b795-a897ae6fe77f,https://www.last.fm/music/Fagner,0,"mpb, brazilian, brasil"
Slaughter To Prevail,5127402,140993,,https://www.last.fm/music/Slaughter+To+Prevail,0,"deathcore, death metal, russian"
Brett Young,2614524,140960,,https://www.last.fm/music/Brett+Young,0,"country, USA, american"
Adolescent's Orquesta,2184551,140957,e727df57-b913-4d89-806d-bc2661567f61,https://www.last.fm/music/Adolescent%27s+Orquesta,0,"salsa, latin, venezuela"
Dybbukk,1281470,140923,,https://www.last.fm/music/Dybbukk,0,
Fame On Fire,2924402,140870,,https://www.last.fm/music/Fame+On+Fire,0,"post-hardcore, alternative rock, rock"
Nora Van Elken,1441116,140855,,https://www.last.fm/music/Nora+Van+Elken,0,"electronic, dutch, indie"
Gen Hoshino,2455692,140811,,https://www.last.fm/music/Gen+Hoshino,0,"japanese, j-pop, rnb"
Che,3950782,140687,4d1fef9c-8bda-4d1f-943a-c5c270630e2f,https://www.last.fm/music/Che,0,"Stoner Rock, desert rock, stoner"
Codeine,3175716,140659,cecd5f91-cfdd-45d1-879f-3920c7c76e58,https://www.last.fm/music/Codeine,0,"slowcore, post-rock, sadcore"
Wicca Phase Springs Eternal,5146328,140649,,https://www.last.fm/music/Wicca+Phase+Springs+Eternal,0,"cloud rap, emo rap, electronic"
Juan Luis Guerra 4.40,2667088,140627,,https://www.last.fm/music/Juan+Luis+Guerra+4.40,0,"merengue, bachata, dominican republic"
Kim Dracula,2520437,140595,,https://www.last.fm/music/Kim+Dracula,0,"trap, Trap Metal, alternative metal"
Mikolai Stroinski,4927128,140541,,https://www.last.fm/music/Mikolai+Stroinski,0,"Soundtrack, video game music, instrumental"
Teoman,5896451,140535,5b4237d9-d8e9-462b-a76d-558522a5871c,https://www.last.fm/music/Teoman,0,"turkish rock, turkish, rock"
Divine,1389011,140535,ef86b665-5d05-4a4c-8db3-be6a92a9b51d,https://www.last.fm/music/Divine,0,"Disco, 80s, dance"
Serú Girán,4421260,140521,f1cd52dc-49d1-4df6-93ea-3587d8fba30b,https://www.last.fm/music/Ser%C3%BA+Gir%C3%A1n,0,"Rock Argentino, Progressive rock, argentina"
Aaron Tveit,1926831,140422,5784302d-bca9-4113-86a5-3a03b359ec49,https://www.last.fm/music/Aaron+Tveit,0,"Musical theatre, Broadway, seen live"
Casey Edwards,3234886,140390,,https://www.last.fm/music/Casey+Edwards,0,"Soundtrack, american, electronic"
Fleeting Joys,2376235,140360,03bb2212-22c4-42b5-a9d8-30cd3a3a5937,https://www.last.fm/music/Fleeting+Joys,0,"shoegaze, dream pop, newgaze"
Manga,3652120,140346,98ff22ef-b1df-4c1f-9b5d-01f3fb1b3190,https://www.last.fm/music/Manga,0,"rock, turkish, turkish rock"
C2D,1569488,140265,,https://www.last.fm/music/C2D,0,"pluggnb, graveem1nd, Kuso Kollective"
Ghost Data,3352322,140236,,https://www.last.fm/music/Ghost+Data,0,"electronic, future funk, robots have feelings too"
oso oso,4720403,140174,,https://www.last.fm/music/oso+oso,0,"emo, pop punk, seen live"
Mae Muller,1955767,140135,,https://www.last.fm/music/Mae+Muller,0,"pop, soul, rnb"
Yuridia,2072364,140099,15ba83b7-d89a-4dd6-9695-1290fb567493,https://www.last.fm/music/Yuridia,0,"pop, spanish, yuridia"
Vitor Kley,1948931,140098,,https://www.last.fm/music/Vitor+Kley,0,"pop, Surf, brazil"
The Reytons,1931996,140044,,https://www.last.fm/music/The+Reytons,0,"indie rock, indie, rock"
Coco Jones,1752085,140043,bc089d56-5551-482f-babd-36365f9d9f0f,https://www.last.fm/music/Coco+Jones,0,"pop, rnb, Disney"
Paul Engemann,1088632,140036,db703302-dd01-4535-b35c-e608c4dd82b0,https://www.last.fm/music/Paul+Engemann,0,"pop, 80s, synthpop"
Lost Sky,1925135,140032,,https://www.last.fm/music/Lost+Sky,0,"USA, croatian"
Bathe Alone,463689,140025,,https://www.last.fm/music/Bathe+Alone,0,"dream pop, electronic, indie pop"
A1 x J1,2126966,140020,,https://www.last.fm/music/A1+x+J1,0,"rap, Hip-Hop, british"
Free Cake For Every Creature,1434721,140002,,https://www.last.fm/music/Free+Cake+For+Every+Creature,0,"Lo-Fi, indie, folk"
ミドリ,5175467,139987,895653ce-15c4-46a9-bc24-75eb2a91cf57,https://www.last.fm/music/%E3%83%9F%E3%83%89%E3%83%AA,0,"noise rock, punk, japanese"
Weiland,12760120,139949,,https://www.last.fm/music/Weiland,0,"rock, alternative rock, Grunge"
Tommy heavenly6,4476872,139928,02b99ce4-adae-474b-bd30-37a00e0af272,https://www.last.fm/music/Tommy+heavenly6,0,"J-rock, japanese, j-pop"
yaeow,2053377,139800,,https://www.last.fm/music/yaeow,0,"indie, swedish, acoustic"
Yazmin Lacey,1091369,139790,,https://www.last.fm/music/Yazmin+Lacey,0,"jazz, soul, funk"
dad sports,978953,139777,,https://www.last.fm/music/dad+sports,0,"indie pop, bedroom pop, indie rock"
GRAVECHILL,1159241,139775,,https://www.last.fm/music/GRAVECHILL,0,"phonk, Ukraine, Ukrainian"
Marnik,1186432,139744,c97f8f42-1923-4877-aba5-cd6383b0d053,https://www.last.fm/music/Marnik,0,"electronic, EDM, House"
Gael Garcia Bernal,972491,139702,,https://www.last.fm/music/Gael+Garcia+Bernal,0,"actor, latin, mexico"
Lady Wray,1143007,139671,,https://www.last.fm/music/Lady+Wray,0,"soul, rnb, female vocalists"
Σtella,782064,139599,,https://www.last.fm/music/%CE%A3tella,0,"indie pop, female vocalists, Greek"
The Fearless Flyers,1885434,139536,,https://www.last.fm/music/The+Fearless+Flyers,0,"funk, Supergroup, vulf"
Matt OX,2070571,139395,,https://www.last.fm/music/Matt+OX,0,"gay, Trash, piece of shit"
B.A.P,12313679,139291,cec282f3-95d2-4d2a-860a-78ecd0af9da1,https://www.last.fm/music/B.A.P,0,"k-pop, Korean, Hip-Hop"
Arden Jones,2484409,139226,,https://www.last.fm/music/Arden+Jones,0,"indie, singer-songwriter, USA"
Iayze,8722196,139177,,https://www.last.fm/music/Iayze,0,"plugg, trap, Hip-Hop"
Amalee,3760454,139116,,https://www.last.fm/music/Amalee,0,"female vocalists, cover, american"
Cian Ducrot,1643050,139100,,https://www.last.fm/music/Cian+Ducrot,0,"seen live, singer-songwriter, irish"
IAMNOBODI,919570,139089,59b373fa-ab53-4bd9-ae5e-fa40de9607c7,https://www.last.fm/music/IAMNOBODI,0,"Hip-Hop, beats, Beat Scene"
MC Rogerinho,1963832,139087,,https://www.last.fm/music/MC+Rogerinho,0,"brazil, brasil, brazilian"
Maddie & Tae,1843486,139064,c1c02051-0305-4095-8817-30df19c0b79f,https://www.last.fm/music/Maddie+&+Tae,0,"country, female vocalists, american"
MC Kevin,4520258,139005,f0bb179a-6fe7-4892-8b3b-bf15fd36841e,https://www.last.fm/music/MC+Kevin,0,"funk, brazil, Hip-Hop"
American Pleasure Club,2048305,138931,,https://www.last.fm/music/American+Pleasure+Club,0,"emo, Lo-Fi, ambient"
Matt Martians,1752237,138762,,https://www.last.fm/music/Matt+Martians,0,"ofwgkta, soul, rnb"
KayCyy,2763055,138716,,https://www.last.fm/music/KayCyy,0,"Kenyan, Hip-Hop, hip hop"
Ken Ashcorp,3862486,138597,4135b794-b15e-492f-bf0b-6fccfc1c0b8a,https://www.last.fm/music/Ken+Ashcorp,0,"alternative rock, alternative, Funny rock"
Brick + Mortar,2066774,138564,,https://www.last.fm/music/Brick+%252B+Mortar,0,"indie, indie rock, psychedelic"
Julio Secchin,2010294,138539,,https://www.last.fm/music/Julio+Secchin,0,"indie, bossa, brasil"
DJ Khalil,935669,138522,9989dd93-13d8-4249-99c6-db0aa2ff50d0,https://www.last.fm/music/DJ+Khalil,0,"Hip-Hop, California, west coast"
Johnny Hooker,5155462,138288,7bb3b720-0317-4a7a-bf29-ee74046f99d4,https://www.last.fm/music/Johnny+Hooker,0,"seen live, rock, mpb"
whee in,4156714,138208,,https://www.last.fm/music/whee+in,0,"k-pop, mamamoo, rnb"
Friday Pilots Club,2892742,138110,,https://www.last.fm/music/Friday+Pilots+Club,0,"indie rock, rock, alternative"
Konai,3224628,138095,,https://www.last.fm/music/Konai,0,"Hip-Hop, indie, rap"
Virus,3585632,138077,f16a3481-c67d-49c9-b3d6-3111ab39ad05,https://www.last.fm/music/Virus,0,"Avant-garde Metal, Progressive metal, Avant-Garde"
Barbatuques,1031571,138041,7de5003a-eb88-42bf-b308-57ebd10544f1,https://www.last.fm/music/Barbatuques,0,"experimental, body percussion, brasil"
SCXR SOUL,1308890,138022,,https://www.last.fm/music/SCXR+SOUL,0,"phonk, Ukrainian, ukrainian phonk"
Synapson,1284053,138013,ccfcd925-f1b1-409f-93cb-ff91ecbe9a19,https://www.last.fm/music/Synapson,0,"electronic, electro, french"
Tobe Nwigwe,1518017,137977,,https://www.last.fm/music/Tobe+Nwigwe,0,"rap, Hip-Hop, hip hop"
Gabríel Ólafs,858054,137923,,https://www.last.fm/music/Gabr%C3%ADel+%C3%93lafs,0,"piano, modern classical, Classical"
TTNG,4029064,137904,,https://www.last.fm/music/TTNG,0,"math rock, seen live, emo"
PRXSXNT FXTURE,1402131,137809,,https://www.last.fm/music/PRXSXNT+FXTURE,0,"phonk, Russia"
Babyxsosa,2099418,137805,,https://www.last.fm/music/Babyxsosa,0,"trap, Hip-Hop, surf gang"
Paktofonika,12816239,137755,6b7b9277-4196-497b-b2f0-5dc07fa4e0ac,https://www.last.fm/music/Paktofonika,0,"Hip-Hop, rap, polish"
Khalil?,1971375,137702,,https://www.last.fm/music/Khalil%3F,0,
Blut aus Nord,6572809,137647,c21db200-1f7c-4c23-b518-cf7fac6b8e85,https://www.last.fm/music/Blut+aus+Nord,0,"black metal, atmospheric black metal, ambient black metal"
bru-c,2858626,137621,,https://www.last.fm/music/bru-c,0,"Drum and bass, Hip-Hop, electronic"
dkj,1114915,137586,,https://www.last.fm/music/dkj,0,"lofi, indian classical, carnatic"
PLOHO,2899794,137538,3e9e3456-b9ad-41d8-a3d0-0497805e31fc,https://www.last.fm/music/PLOHO,0,"post-punk, coldwave, russian"
Bobby,2727282,137537,de69e711-bc6b-49b2-a826-92006936ada4,https://www.last.fm/music/Bobby,0,"synthpop, swedish, Hip-Hop"
Trudy and the Romance,1307142,137488,,https://www.last.fm/music/Trudy+and+the+Romance,0,"Garage Rock, indie rock, rock"
Papatinho,1825498,137470,,https://www.last.fm/music/Papatinho,0,"brazilian, Hip-Hop, electronic"
As It Is,4906297,137396,f3ab417e-07c7-468a-8631-808051d5d843,https://www.last.fm/music/As+It+Is,0,"pop punk, seen live, emo"
FLOOR CRY,1168586,137389,,https://www.last.fm/music/FLOOR+CRY,0,"dream pop, indie pop, female vocalists"
Ben Crosland,719396,137388,,https://www.last.fm/music/Ben+Crosland,0,"UK, composer"
Luh Kel,1773161,137326,,https://www.last.fm/music/Luh+Kel,0,"rnb, soul, pop"
The Treblemakers,1543461,137313,fd887e4c-e8f5-4e85-8333-c17af53d4c20,https://www.last.fm/music/The+Treblemakers,0,"Soundtrack, a cappella, pop"
daste.,614716,137290,,https://www.last.fm/music/daste.,0,"pop, rnb, australia"
Zach Hood,1772675,137253,,https://www.last.fm/music/Zach+Hood,0,"USA, pop"
ANN ANNIE,1017791,137251,,https://www.last.fm/music/ANN+ANNIE,0,"ambient, electronic, instrumental"
Night Tempo,2355462,137128,,https://www.last.fm/music/Night+Tempo,0,"future funk, Korean, vaporwave"
Portwave,2280246,137124,,https://www.last.fm/music/Portwave,0,"witch house, 8-bit, electronic"
Mc Menor HR,1368967,137111,,https://www.last.fm/music/Mc+Menor+HR,0,"funk, brazil"
Maneva,2950271,137028,,https://www.last.fm/music/Maneva,0,"reggae, brazil, jah"
Moon Byul,4034848,136997,,https://www.last.fm/music/Moon+Byul,0,"k-pop, Korean, mamamoo"
J.I the Prince of N.Y,3239467,136972,,https://www.last.fm/music/J.I+the+Prince+of+N.Y,0,"Hip-Hop, rap, hip hop"
Xuxa,2745405,136937,cf07508b-4762-4650-990a-23376e023f55,https://www.last.fm/music/Xuxa,0,"brazil, infantil, doom metal"
architecture in tokyo,1261892,136910,f2adccbf-70cf-430f-b08a-992261845c99,https://www.last.fm/music/architecture+in+tokyo,0,"vaporwave, electronic, plunderphonics"
Bar Italia,3377952,136885,,https://www.last.fm/music/Bar+Italia,0,"indie rock, Lo-Fi, hypnagogic pop"
TeddyLoid,2934799,136879,e53069c1-2b09-4c1b-98f0-e87b36f628a5,https://www.last.fm/music/TeddyLoid,0,"electronic, japanese, techno"
VIOLENT VIRA,2557618,136823,,https://www.last.fm/music/VIOLENT+VIRA,0,"alternative, alternative rock, shoegaze"
Himalayas,1266681,136808,3d5b8cf9-3402-49a5-be0a-a3417274f311,https://www.last.fm/music/Himalayas,0,"Garage Rock, indie rock, welsh"
Cheriimoya,2135188,136780,,https://www.last.fm/music/Cheriimoya,0,"german, female vocalist, german rap"
Frank Iero,5774201,136714,358db9a2-3c78-4afb-93b5-d18b34b86eab,https://www.last.fm/music/Frank+Iero,0,"god, amazing, rock"
A.C.E,6221914,136634,,https://www.last.fm/music/A.C.E,0,"k-pop, Korean, ace"
Suggi,2118883,136520,,https://www.last.fm/music/Suggi,0,"indie, Hip-Hop, Korean"
Michigander,1026702,136481,,https://www.last.fm/music/Michigander,0,"indie pop, indie rock, seen live"
Beast in Black,6446274,136480,,https://www.last.fm/music/Beast+in+Black,0,"Power metal, heavy metal, seen live"
Forrest.,2245713,136411,e149fa73-11a1-4cda-b0bf-548faee1ec28,https://www.last.fm/music/Forrest.,0,"emo, alternative, pop punk"
Prismo,1782991,136369,,https://www.last.fm/music/Prismo,0,"chillout, electronic, trap"
Pedro Infante,1479564,136326,35b17a3b-601b-4049-9bdd-4933d8ec4e10,https://www.last.fm/music/Pedro+Infante,0,"ranchera, mexico, mariachi"
Koven,2556305,136302,ad110705-cbe6-4c47-9b99-8526e6db0f41,https://www.last.fm/music/Koven,0,"dubstep, electronic, Drum and bass"
Ka,3904993,136273,e7d4f00b-2938-4049-aa44-e69a59a7b3da,https://www.last.fm/music/Ka,0,"Hip-Hop, rap, underground hip-hop"
TM88,1896375,136235,,https://www.last.fm/music/TM88,0,"rap, trap, Hip-Hop"
SoYou,1750434,136226,,https://www.last.fm/music/SoYou,0,"k-pop, Korean, Ballad"
"Peter, Paul and Mary",1372131,136213,,"https://www.last.fm/music/Peter,+Paul+and+Mary",0,"folk, 60s, singer-songwriter"
MIEL DE MONTAGNE,1190148,136192,,https://www.last.fm/music/MIEL+DE+MONTAGNE,0,"france, dream pop, french"
WC no Beat,2155790,136190,,https://www.last.fm/music/WC+no+Beat,0,"urban, better than selena gomez, Hip-Hop"
Two Friends,1496288,136186,9f8e8bae-9515-4834-ba36-b334335461dd,https://www.last.fm/music/Two+Friends,0,"seen live, USA, House"
Battle Beast,6413026,136185,d0cb5651-e1f2-4ffb-8ae1-b4b263af75fa,https://www.last.fm/music/Battle+Beast,0,"heavy metal, Power metal, seen live"
HyunA&DAWN,1838368,136148,,https://www.last.fm/music/HyunA&DAWN,0,"k-pop, pop, Korean"
MC ANJIM,1954361,136105,,https://www.last.fm/music/MC+ANJIM,0,"Bh, funk bh, funk"
Diane Guerrero,1270493,136083,,https://www.last.fm/music/Diane+Guerrero,0,"american, actresses, jane the virgin"
Banda Eva,1966139,136076,38e2bd6c-c8f0-4e63-ae1e-ccbd2e085772,https://www.last.fm/music/Banda+Eva,0,"Axe, brasil, brazilian"
DOWNHILL2k01,1291499,136056,,https://www.last.fm/music/DOWNHILL2k01,0,"electronic, electronica, ambient"
Trouble Maker,2104224,135998,f036332f-8648-46ae-9885-0d1412659a7c,https://www.last.fm/music/Trouble+Maker,0,"k-pop, Kpop, hyuna"
Sik-K,5463116,135930,,https://www.last.fm/music/Sik-K,0,"best of 2017, rnb, Hip-Hop"
Voyage,2049486,135854,ca7b8e98-5dfa-4147-9d9a-29b51d1f7f87,https://www.last.fm/music/Voyage,0,"Disco, 70s, symphonic metal"
lvusm,977778,135781,,https://www.last.fm/music/lvusm,0,"instrumental, USA, funk"
Miracle Tones,22089427,135576,,https://www.last.fm/music/Miracle+Tones,0,"ambient, drone, Sleep"
Tempest,11978996,135506,e8e6d061-15be-44da-bcf3-a5bbfb43c5fe,https://www.last.fm/music/Tempest,0,"Progressive rock, hardcore, Crust"
Zero,1144588,135461,dd4129ed-37d3-4988-b820-a58ea7a73b96,https://www.last.fm/music/Zero,0,"rock, post-punk, indian rock"
LAY,11745645,135298,949c09fe-e253-4375-ac10-73a61a77c7ba,https://www.last.fm/music/LAY,0,"chinese, C-pop, rap"
NewDad,1233018,135247,,https://www.last.fm/music/NewDad,0,"shoegaze, indie, dream pop"
Ethan Bortnick,1878962,135220,,https://www.last.fm/music/Ethan+Bortnick,0,"jazz, jazz piano, electronic"
Planet Hemp,6584781,135172,c42caf47-70e0-4c82-a262-3c9aa8e2b475,https://www.last.fm/music/Planet+Hemp,0,"hardcore, Hip-Hop, rap"
Pentakill,5673063,135142,293e99bd-b55a-404f-bc9e-9b950852b064,https://www.last.fm/music/Pentakill,0,"Power metal, heavy metal, metal"
Chris Staples,940150,135125,6497d95c-a383-4e8a-8302-724a90264aa8,https://www.last.fm/music/Chris+Staples,0,"folk, seen live, singer-songwriter"
Reggie,963396,135057,43f5de9b-215a-491e-9fa8-e848e1ac3941,https://www.last.fm/music/Reggie,0,"Hip-Hop, jazz, pop"
The Little Dippers,805433,134994,57c32f5e-33bd-421d-9704-6b17071e56a6,https://www.last.fm/music/The+Little+Dippers,0,"pop, USA, american"
Sofia Kourtesis,1328911,134875,,https://www.last.fm/music/Sofia+Kourtesis,0,"electronic, House, deep house"
Mild Orange,1641189,134805,,https://www.last.fm/music/Mild+Orange,0,"New Zealand, dream pop, indie"
Unusual Demont,1231037,134742,,https://www.last.fm/music/Unusual+Demont,0,"pop, soul, rnb"
Funeral,6307519,134730,6c579905-5249-4109-8550-cc010b0cb5ba,https://www.last.fm/music/Funeral,0,"doom metal, funeral doom metal, funeral doom"
LP Giobbi,1004526,134691,,https://www.last.fm/music/LP+Giobbi,0,"House, electronic, synthpop"
Del The Funky Homosapien,1248870,134664,a31a5e0c-d37a-41a8-90d5-9e256a47d83b,https://www.last.fm/music/Del+The+Funky+Homosapien,0,"Hip-Hop, rap, underground hip-hop"
Makaveli,1349758,134617,e263a1d8-8228-4ede-9e17-7acf8470165a,https://www.last.fm/music/Makaveli,0,"rap, Hip-Hop, Gangsta Rap"
VGR,1293334,134612,,https://www.last.fm/music/VGR,0,"electronic, japanese, folk"
HotBoii,3176405,134578,,https://www.last.fm/music/HotBoii,0,"rap, american, trap"
MC Kekel,1249768,134519,,https://www.last.fm/music/MC+Kekel,0,"funk, brazil, brazilian"
Seb Wildblood,1080651,134513,,https://www.last.fm/music/Seb+Wildblood,0,"deep house, House, electronic"
Blvck Svm,1353103,134498,,https://www.last.fm/music/Blvck+Svm,0,"Hip-Hop, rap, 954"
Jesse Jo Stark,1322948,134496,,https://www.last.fm/music/Jesse+Jo+Stark,0,"rock, indie rock, female vocalists"
Fever 333,3179542,134456,,https://www.last.fm/music/Fever+333,0,"rapcore, seen live, post-hardcore"
yvngxchris,3237484,134394,,https://www.last.fm/music/yvngxchris,0,"seen live, rap, Trash"
GUILHERME & BENUTO,3125823,134381,,https://www.last.fm/music/GUILHERME+&+BENUTO,0,"brazil, brazilian, sertanejo"
Bethel Music,4607440,134349,d736e4c1-94ef-4bf6-b9f1-63b09eda2702,https://www.last.fm/music/Bethel+Music,0,"worship, christian, bethel"
Maeta,1003864,134322,,https://www.last.fm/music/Maeta,0,"milkers, rnb, booba"
Joe P,1627090,134308,,https://www.last.fm/music/Joe+P,0,"rock, indie pop, indie rock"
That Kid,3293398,134294,,https://www.last.fm/music/That+Kid,0,"hyperpop, pop, american"
iamnotshane,1491129,134250,,https://www.last.fm/music/iamnotshane,0,"pop, USA, Passion of Discovery"
Calpurnia,1472402,134248,,https://www.last.fm/music/Calpurnia,0,"indie rock, alternative, alternative rock"
Yasuaki Shimizu,1519338,134208,217d2250-cc74-479b-91be-847d3393917c,https://www.last.fm/music/Yasuaki+Shimizu,0,"japanese, jazz, experimental"
PIP MILLETT,1382178,134187,,https://www.last.fm/music/PIP+MILLETT,0,"rnb, soul, british"
The Hellp,2306873,134153,,https://www.last.fm/music/The+Hellp,0,"synth punk, indie, experimental"
DJ Muggs,1804640,134087,d9c25451-bec6-4273-abe2-15ce0f0e0621,https://www.last.fm/music/DJ+Muggs,0,"Hip-Hop, trip-hop, rap"
Fredo,3491405,134087,df8a1df4-ef85-48fa-8611-c953dde665b4,https://www.last.fm/music/Fredo,0,"electronic, Grime, trap"
Costa Gold,4211396,134027,,https://www.last.fm/music/Costa+Gold,0,"rap, Hip-Hop, brazil"
Brainstory,936343,133927,,https://www.last.fm/music/Brainstory,0,"rock, soul, experimental"
Pretty Boy Aaron,947399,133882,,https://www.last.fm/music/Pretty+Boy+Aaron,0,"Hip-Hop, indie, rnb"
Kaleida,2006798,133842,07876ad1-652e-42fc-9c04-a904305c1173,https://www.last.fm/music/Kaleida,0,"indie pop, electronic, indie"
Yorushika,7025645,133803,,https://www.last.fm/music/Yorushika,0,"japanese, japan, yakousei"
AVAION,1418597,133746,,https://www.last.fm/music/AVAION,0,"christian, contemporary christian, Progressive metal"
Roedelius,956434,133656,57cf7d67-5372-420a-9c89-77c7513d6506,https://www.last.fm/music/Roedelius,0,"ambient, krautrock, electronic"
Jenna Raine,1151491,133592,,https://www.last.fm/music/Jenna+Raine,0,"pop, female vocalists, singer-songwriter"
Cypis,1640885,133590,,https://www.last.fm/music/Cypis,0,"Hip-Hop, polish, rap"
Gleemer,2439190,133490,,https://www.last.fm/music/Gleemer,0,"shoegaze, dream pop, alternative rock"
Xasthur,5249970,133041,39e92581-e59d-4070-b157-abadd9969f3f,https://www.last.fm/music/Xasthur,0,"black metal, depressive black metal, Suicidal Black Metal"
Mc Marcinho,744020,132928,950fec35-23cc-4541-b747-f8c11a16b5c0,https://www.last.fm/music/Mc+Marcinho,0,"funk, Funk Carioca, brazilian"
Sonu Nigam,1710671,132887,93622908-0806-4173-94c1-9e42597af011,https://www.last.fm/music/Sonu+Nigam,0,"bollywood, Hindi, sonu nigam"
Watchhouse,1661540,132879,,https://www.last.fm/music/Watchhouse,0,"folk, USA, american"
Rashid,2523372,132849,7681bdca-84ee-466c-bb9e-1868b27deeed,https://www.last.fm/music/Rashid,0,"rap, Hip-Hop, brazilian"
Joyryde,2080661,132762,,https://www.last.fm/music/Joyryde,0,"bass house, House, electronic"
Lisa Ono,1916212,132759,c9cc87e1-5913-49ca-ac94-7055cf145d3f,https://www.last.fm/music/Lisa+Ono,0,"Bossa Nova, jazz, japanese"
Bernadette Carroll,843089,132738,2adcf101-ffcd-4032-b23a-0f560410237a,https://www.last.fm/music/Bernadette+Carroll,0,"female vocalists, 60s girls, pop"
Quando Rondo,4169949,132689,,https://www.last.fm/music/Quando+Rondo,0,"rap, Hip-Hop, trap"
Power Trip,3990980,132634,a9369e73-e7f3-421b-8f03-579c64c93b10,https://www.last.fm/music/Power+Trip,0,"thrash metal, crossover, hardcore"
Slutever,1585717,132597,,https://www.last.fm/music/Slutever,0,"Garage Rock, riot grrrl, punk"
Woo,1772860,132580,e2fe69a3-a852-4402-96ec-0e951d974144,https://www.last.fm/music/Woo,0,"ambient, electronic, Korean"
DC The Don,14569451,132496,,https://www.last.fm/music/DC+The+Don,0,"rap, hip hop, trap"
Sundial,1156592,132491,,https://www.last.fm/music/Sundial,0,"ambient, psychill, psychedelic"
Hako,1985981,132438,,https://www.last.fm/music/Hako,0,"rap, HIM, new jazz"
Fur,1681023,132297,f3227d03-4224-488a-a169-7efc6c8de568,https://www.last.fm/music/Fur,0,"idm, post-punk, indie"
MAVE:,1774286,132253,,https://www.last.fm/music/MAVE:,0,"k-pop, Korean, Kpop"
Polimá Westcoast,3406257,132114,,https://www.last.fm/music/Polim%C3%A1+Westcoast,0,"latin, chile, trap latino"
Philippe Sarde,702521,132036,0ac4021c-ccbc-4a86-a565-83364ef51e42,https://www.last.fm/music/Philippe+Sarde,0,"Soundtrack, french, Classical"
Weiss,925472,132015,d5d791a8-6f35-45c8-b8b7-aa49f6361870,https://www.last.fm/music/Weiss,0,"House, german, tech house"
Kamaitachi,4657992,132008,,https://www.last.fm/music/Kamaitachi,0,"indie, 80s, punk"
Rochelle Jordan,2076340,131954,,https://www.last.fm/music/Rochelle+Jordan,0,"rnb, soul, r&b"
vowl.,1373566,131927,,https://www.last.fm/music/vowl.,0,"electronic, instrumental, Lo-Fi"
Amanaz,1224672,131917,2c2f217c-83f9-4ebb-8ab9-dd5c612ecd65,https://www.last.fm/music/Amanaz,0,"Psychedelic Rock, zambia, african"
wüsh,789856,131913,,https://www.last.fm/music/w%C3%BCsh,0,"Lo-Fi, german, Hip-Hop"
Harbour,1628248,131898,249da81c-d644-4bdd-8f22-18954571dd38,https://www.last.fm/music/Harbour,0,"hardcore, indie, punk"
Softwilly,7845044,131894,,https://www.last.fm/music/Softwilly,0,"USA, comedy, youtuber"
Triple H,2047720,131831,,https://www.last.fm/music/Triple+H,0,"wwe, k-pop, speedcore"
Jean-Michel Jarre,2267061,131710,,https://www.last.fm/music/Jean-Michel+Jarre,0,"electronic, ambient, new age"
G Flip,1394424,131707,,https://www.last.fm/music/G+Flip,0,"pop, electronic, indie pop"
Alessandra,2029194,131621,bc322ce3-9b42-438d-93fa-3e0ee2abb3bc,https://www.last.fm/music/Alessandra,0,"pop, norwegian, female vocalists"
NICO Touches the Walls,3876751,131579,21bb7399-b4e5-4f2f-8312-a7ad51273c87,https://www.last.fm/music/NICO+Touches+the+Walls,0,"J-rock, japanese, rock"
JVLA,1462970,131568,,https://www.last.fm/music/JVLA,0,"EDM, Bosnian, dark edm"
Eli Brown,1037417,131533,,https://www.last.fm/music/Eli+Brown,0,"techno, House, tech house"
Rata Blanca,2327330,131519,c7e3d0fe-a1e7-490f-8d8d-7580e67e6d52,https://www.last.fm/music/Rata+Blanca,0,"heavy metal, Power metal, rock"
Prep,1876535,131486,,https://www.last.fm/music/Prep,0,"rnb, funk, indie pop"
Yoh Kamiyama,2101542,131448,,https://www.last.fm/music/Yoh+Kamiyama,0,"japanese, j-pop, utaite"
SAD FROSTY,1708034,131402,,https://www.last.fm/music/SAD+FROSTY,0,"rap, trap, Southern Hip Hop"
Steve Hauschildt,2217076,131366,9cb75e85-f33a-4f49-9674-72940a94880c,https://www.last.fm/music/Steve+Hauschildt,0,"ambient, drone, experimental"
Nemzzz,2682009,131297,,https://www.last.fm/music/Nemzzz,0,UK hip hop
Token,2913434,131208,aed1f8dd-c6c3-4605-8f7c-4a7a83c70578,https://www.last.fm/music/Token,0,"rap, Hip-Hop, hip hop"
Chad,600967,131207,358993bd-c99f-4016-ad70-1ff28e4b0099,https://www.last.fm/music/Chad,0,"chillout, electronic, lounge"
MC Zaquin,1816960,131139,,https://www.last.fm/music/MC+Zaquin,0,"funk, brasil, baile funk"
Dismemberment Plan,3147808,131135,,https://www.last.fm/music/Dismemberment+Plan,0,"indie rock, indie, post-punk"
my!lane,1962254,131111,,https://www.last.fm/music/my%21lane,0,"phonk, wave, drift phonk"
Viper,2520679,131016,d2fe7bdc-6553-4aa3-8a31-5d5f1a666db0,https://www.last.fm/music/Viper,0,"Power metal, heavy metal, speed metal"
Tryhardninja,2184358,130892,ab2910b1-8b43-481d-81c1-47646069874f,https://www.last.fm/music/Tryhardninja,0,"FNAF, video game music, EDM"
Arianne,1964671,130888,3d796c64-4fc5-4112-9f6b-edc64dd571c8,https://www.last.fm/music/Arianne,0,"japanese, female vocalists, Soundtrack"
Maddie Zahm,1720769,130856,,https://www.last.fm/music/Maddie+Zahm,0,"pop, queer, electropop"
the peggies,3514439,130846,,https://www.last.fm/music/the+peggies,0,"japanese, pop, rock"
Edvard Kravchuk,659251,130809,,https://www.last.fm/music/Edvard+Kravchuk,0,"piano, contemporary classical, composer"
BLUE ENCOUNT,1919539,130797,3f00a58f-7aaa-4830-a929-a057a3ab003d,https://www.last.fm/music/BLUE+ENCOUNT,0,"japanese, J-rock, rock"
Banda MS De Sergio Lizárraga,3080706,130712,,https://www.last.fm/music/Banda+MS+De+Sergio+Liz%C3%A1rraga,0,"latin, mexico, BANDA"
Tobi,1145492,130593,,https://www.last.fm/music/Tobi,0,"Hip-Hop, underground hip-hop, rap"
Geraldo Azevedo,1680322,130480,145a7738-d7fb-4041-9da6-1c26790f899d,https://www.last.fm/music/Geraldo+Azevedo,0,"mpb, brasil, pernambuco"
Benjamin Ingrosso,3127273,130399,,https://www.last.fm/music/Benjamin+Ingrosso,0,"pop, Sweden, swedish"
Şebnem Ferah,4488947,130355,4e6a53e1-e27e-4cf0-9f6e-b51fc0335d0a,https://www.last.fm/music/%C5%9Eebnem+Ferah,0,"turkish rock, rock, female vocalists"
WonWoo,2219081,130224,,https://www.last.fm/music/WonWoo,0,"seventeen, k-pop, Korean"
CeCe Peniston,819204,130195,,https://www.last.fm/music/CeCe+Peniston,0,"dance, House, 90s"
Angel Du$t,3128016,130145,36c8b01c-cd8b-4ecd-b3fd-9f4f73371d2b,https://www.last.fm/music/Angel+Du$t,0,"hardcore punk, hardcore, punk"
NEGATIVE XP,4030110,130145,,https://www.last.fm/music/NEGATIVE+XP,0,"incelcore, punk, Lo-Fi"
Mili,7540618,130096,d2a92ee2-27ce-4e71-bfc5-12e34fe8ef56,https://www.last.fm/music/Mili,0,"japanese, pop, contemporary classical"
Michel Colombier,639225,130055,d89c963e-3aec-4063-85e6-90574da2578e,https://www.last.fm/music/Michel+Colombier,0,"jazz, Fusion, Soundtrack"
SPYAIR,4413093,130011,668d4190-f273-4470-9d1a-15d4d2d589c6,https://www.last.fm/music/SPYAIR,0,"J-rock, japanese, rock"
AKB48,17708403,129987,be547bca-8718-4762-bf1b-34a3bdb4938f,https://www.last.fm/music/AKB48,0,"j-pop, japanese, idol"
Rodrigo Alarcon,2750255,129938,,https://www.last.fm/music/Rodrigo+Alarcon,0,"indie, brazil, mpb"
Girls' Generation-Oh!GG,1628152,129914,,https://www.last.fm/music/Girls%27+Generation-Oh%21GG,0,"k-pop, Kpop, SNSD"
Nancy Ajram,2382989,129904,c5fb9677-b013-4cd7-b89b-bb6e73ad851b,https://www.last.fm/music/Nancy+Ajram,0,"arabic, lebanese, pop"
K Suave,3743206,129893,,https://www.last.fm/music/K+Suave,0,"rap, seen live, hip hop"
Elijah Kelley,937808,129891,910ffd64-6956-4f87-ad60-3b67dcdd4022,https://www.last.fm/music/Elijah+Kelley,0,"Soundtrack, musical, Hairspray"
Alpha Wolf,3961162,129859,,https://www.last.fm/music/Alpha+Wolf,0,"metalcore, Nu Metal, nu metalcore"
Jakey,3942569,129848,,https://www.last.fm/music/Jakey,0,"rap, Hip-Hop, hip hop"
High Sunn,1135576,129837,,https://www.last.fm/music/High+Sunn,0,"Lo-Fi, Garage Rock, indie rock"
Oxxxymiron,16969353,129781,fb2a8279-79cf-4849-b692-1ce674709159,https://www.last.fm/music/Oxxxymiron,0,"Hip-Hop, Grime, rap"
Jane Remover,5905812,129767,,https://www.last.fm/music/Jane+Remover,0,"digicore, hyperpop, indietronica"
Habstrakt,1270259,129706,0288aeff-5cf1-48b6-8a5a-b8709f0c9ef7,https://www.last.fm/music/Habstrakt,0,"dubstep, glitch hop, electronic"
Vitão,3402294,129699,,https://www.last.fm/music/Vit%C3%A3o,0,"brazil, Hip-Hop, pop"
Softcult,1449028,129687,,https://www.last.fm/music/Softcult,0,"shoegaze, Grunge, alternative rock"
泰葉,909829,129661,f3f9fae8-663a-4a30-8ba5-e4a551c7d664,https://www.last.fm/music/%E6%B3%B0%E8%91%89,0,"j-pop, female vocalists, JPop"
Mikel,6165256,129659,,https://www.last.fm/music/Mikel,0,"beats, chill, instrumental"
nascar aloe,5086359,129645,,https://www.last.fm/music/nascar+aloe,0,"Trap Metal, punk, seen live"
Alice Gas,2830762,129637,,https://www.last.fm/music/Alice+Gas,0,"hyperpop, happy hardcore, electronic"
pornograffitti,1472453,129601,,https://www.last.fm/music/pornograffitti,0,"J-rock, japanese, j-pop"
Sangam,1154638,129496,,https://www.last.fm/music/Sangam,0,"ambient, future garage, electronic"
Planet 1999,1564282,129473,,https://www.last.fm/music/Planet+1999,0,"dream pop, hyperpop, electronic"
Patience & Prudence,836821,129379,970ec756-6038-4627-a8d0-379a0123cdd7,https://www.last.fm/music/Patience+&+Prudence,0,"female vocalists, jazz, twee"
Da Tweekaz,2997402,129362,1127158d-787a-4dbe-8180-b9e695c02504,https://www.last.fm/music/Da+Tweekaz,0,"hardstyle, norwegian, techno"
No Buses,1852143,129352,,https://www.last.fm/music/No+Buses,0,"seen live, indie, japanese"
Robert Lester Folsom,1225079,129344,851ed4f5-5754-4175-a566-77ab082f72cc,https://www.last.fm/music/Robert+Lester+Folsom,0,"folk, soft rock, folk rock"
Salute,1053437,129309,9b8f0b42-aa70-4aa5-b71e-0e07b50f7346,https://www.last.fm/music/Salute,0,"thrash metal, heavy metal, electronic"
Tony Anderson,1610562,129307,a856938c-662a-415d-a98f-671834e10129,https://www.last.fm/music/Tony+Anderson,0,"ambient, cinematic, electronic"
Wombo,1001725,129305,,https://www.last.fm/music/Wombo,0,"post-punk, Crank wave, indie rock"
DeathbyRomy,1383835,129236,,https://www.last.fm/music/DeathbyRomy,0,"pop, Hip-Hop, rap"
Jacob LaVallee,597732,129200,,https://www.last.fm/music/Jacob+LaVallee,0,piano
Hi-Lo,1112620,129104,b1970403-8cf4-4905-be3e-d265fea0ede7,https://www.last.fm/music/Hi-Lo,0,"electronic, House, techno"
KIRINJI,2433542,129068,6348af47-dbd0-4935-b1ae-9fe23c88daef,https://www.last.fm/music/KIRINJI,0,"japanese, j-pop, pop"
Gioachino Rossini,820858,129050,846be3c9-5f94-46ab-97b9-531335dd3658,https://www.last.fm/music/Gioachino+Rossini,0,"Classical, opera, romantic"
Lemaitre,1705691,129048,7bc012a7-c5cc-4e7a-9ca6-15db02bbcde4,https://www.last.fm/music/Lemaitre,0,"electronic, electronica, glitch"
Ber,987689,129041,,https://www.last.fm/music/Ber,0,"indie pop, electronic, pop"
Athletic Progression,1067088,129011,,https://www.last.fm/music/Athletic+Progression,0,"danish, Hip-Hop, jazz"
BLKSMIITH,1905335,129008,,https://www.last.fm/music/BLKSMIITH,0,"breakcore, electronic, glitch"
Palmistry,1623208,128992,df178740-b2c2-4b95-9222-7289f1556aa6,https://www.last.fm/music/Palmistry,0,"electronic, dancehall, doom metal"
Jósean Log,2042106,128909,,https://www.last.fm/music/J%C3%B3sean+Log,0,"indie, pop, mexico"
Laura Shigihara,2185426,128837,e6be9a18-87fe-47c4-9c46-e6e92b88878c,https://www.last.fm/music/Laura+Shigihara,0,"Soundtrack, video game music, female vocalists"
PRISTIN V,1939795,128777,,https://www.last.fm/music/PRISTIN+V,0,"k-pop, Kpop, pop"
Sophie Holohan,883096,128772,,https://www.last.fm/music/Sophie+Holohan,0,"indie, pop, indie pop"
Alexander Borodin,645500,128764,560b5e65-8d53-41b4-9913-83368f4721a0,https://www.last.fm/music/Alexander+Borodin,0,"Classical, russian, romantic"
Stephen Rennicks,1364875,128764,bf8ae143-b6f6-486e-a7cd-818728681c4a,https://www.last.fm/music/Stephen+Rennicks,0,"Soundtrack, irish, Frank"
Wale the Sage,1443552,128764,,https://www.last.fm/music/Wale+the+Sage,0,"Southern Hip Hop, hip hop, soul"
amazarashi,4065881,128758,105f5e66-9742-40e8-a1f2-bc9781f935e8,https://www.last.fm/music/amazarashi,0,"J-rock, japanese, rock"
A Banda Mais Bonita da Cidade,3266816,128625,260bff77-1d4f-49b6-9e8c-1e2797ce0528,https://www.last.fm/music/A+Banda+Mais+Bonita+da+Cidade,0,"mpb, brazilian, indie"
Pezet,13819332,128619,0dcb2b7e-8e3a-41ad-a662-811d5902189d,https://www.last.fm/music/Pezet,0,"Hip-Hop, rap, polish"
Saint Asonia,2764050,128605,,https://www.last.fm/music/Saint+Asonia,0,"alternative rock, post-grunge, hard rock"
Rio,2085170,128569,bf25e739-5339-4199-9609-13f12e2e1984,https://www.last.fm/music/Rio,0,"House, pop rock, AOR"
Sadfriendd,1737768,128518,,https://www.last.fm/music/Sadfriendd,0,"american, phonk"
Rick and Morty,1295331,128498,,https://www.last.fm/music/Rick+and+Morty,0,"pop, comedy, music to get the pussy wet"
Musiq Soulchild,1577815,128489,01872118-3238-4f46-a849-26a0901a0da7,https://www.last.fm/music/Musiq+Soulchild,0,"soul, rnb, Neo-Soul"
Luh Tyler,2259484,128465,,https://www.last.fm/music/Luh+Tyler,0,"rap, florida, Hip-Hop"
Lexie Liu,5963161,128447,,https://www.last.fm/music/Lexie+Liu,0,"C-pop, chinese, mandopop"
Rimon,949266,128368,,https://www.last.fm/music/Rimon,0,"rnb, soul, eritrea"
Cypariss,1178879,128363,,https://www.last.fm/music/Cypariss,0,"rap, glitchcore, hyperpop"
Hockey Dad,2590645,128334,,https://www.last.fm/music/Hockey+Dad,0,"Garage Rock, surf rock, rock"
Dombresky,953125,128298,,https://www.last.fm/music/Dombresky,0,"House, french, electronic"
SAFETY TRANCE,2446454,128263,,https://www.last.fm/music/SAFETY+TRANCE,0,"neoperreo, electronic, venezuela"
Polkadot Stingray,3935428,128204,,https://www.last.fm/music/Polkadot+Stingray,0,"rock, japanese, indie rock"
Being As An Ocean,6657032,128170,956f5b24-6734-4d4d-94f2-411113485736,https://www.last.fm/music/Being+As+An+Ocean,0,"melodic hardcore, post-hardcore, hardcore"
Peter Cat Recording Co.,1876256,128142,6e0e0dca-d124-48d7-86e4-567280d83d32,https://www.last.fm/music/Peter+Cat+Recording+Co.,0,"psychedelic, cabaret, Indian"
Topaz Jones,1226848,128125,31957aa1-24f6-435f-9ab5-355e9876fc46,https://www.last.fm/music/Topaz+Jones,0,"Hip-Hop, rap, soul"
Hank Levy,757469,128050,,https://www.last.fm/music/Hank+Levy,0,"jazz, indie, american"
Nines,4341483,128044,d32c17bc-e621-4f22-a642-cd065fd2a598,https://www.last.fm/music/Nines,0,"hip hop, game remixes, rap"
Hillsong Worship,7011580,128033,,https://www.last.fm/music/Hillsong+Worship,0,"christian, worship, praise"
Kanaria,3136945,127947,,https://www.last.fm/music/Kanaria,0,"japanese, vocaloid, japan"
Yumi Arai,1263902,127907,bdfa9f72-f643-438f-98a8-3787acd08e3f,https://www.last.fm/music/Yumi+Arai,0,"j-pop, japanese, female vocalists"
Miso,1411796,127900,e8bd6140-9002-4fd8-bce3-4d4e0f158b69,https://www.last.fm/music/Miso,0,"rnb, trip-hop, Korean"
Bickle,1113454,127852,,https://www.last.fm/music/Bickle,0,"indie, pop, indie pop"
dosi,648466,127839,,https://www.last.fm/music/dosi,0,Lekker Verjaar
SIDOKA,7181173,127725,,https://www.last.fm/music/SIDOKA,0,"trap, brazil, brazilian"
SOLENCE,2634963,127719,,https://www.last.fm/music/SOLENCE,0,"modern metal, metal, alternative metal"
Barış Manço,3412921,127699,33736d61-e2a2-4070-88dd-ad2e173d174c,https://www.last.fm/music/Bar%C4%B1%C5%9F+Man%C3%A7o,0,"turkish, anatolian rock, turkish rock"
Freak Slug,839102,127643,,https://www.last.fm/music/Freak+Slug,0,"UK, rare sads, indie"
OhGeesy,1951426,127520,,https://www.last.fm/music/OhGeesy,0,"rap, Hip-Hop, California"
2 Mello,2694956,127483,f5dd24ca-611d-4ad1-bb43-04601901ac0d,https://www.last.fm/music/2+Mello,0,"Hip-Hop, Soundtrack, jazz"
Sisyfuss,1416751,127465,,https://www.last.fm/music/Sisyfuss,0,"alternative, alternative rock, Lo-Fi"
Jeri Southern,410730,127445,c1037532-e43b-48c5-a138-fcfc50ee846f,https://www.last.fm/music/Jeri+Southern,0,"jazz, female vocalists, jazz vocal"
Javi Lobe,589780,127416,,https://www.last.fm/music/Javi+Lobe,0,"spanish, piano, peaceful"
Oriente,2608246,127353,,https://www.last.fm/music/Oriente,0,"rap, brazil, rap oriente"
suisside,1626323,127351,,https://www.last.fm/music/suisside,0,emo rap
Phonk Killer,1234189,127317,,https://www.last.fm/music/Phonk+Killer,0,"Ukraine, Ukrainian, phonk"
Cody Johnson,3476811,127241,faabeed5-3dd0-4be5-aec5-e6486e68db2f,https://www.last.fm/music/Cody+Johnson,0,"country, contemporary country, USA"
Malibu,1169497,127237,ee27266a-0bc7-4d7a-bd45-50df7ea5daef,https://www.last.fm/music/Malibu,0,"ambient, electronic, dance"
Bellakath,1250876,127128,,https://www.last.fm/music/Bellakath,0,"mexico, Reggaeton, cumbiaton"
Rosenfeld,1311143,127109,,https://www.last.fm/music/Rosenfeld,0,"thrash metal, japanese, J-Metal"
Fairuz,3530922,127008,338bbb53-5b96-447a-9444-8906844a0790,https://www.last.fm/music/Fairuz,0,"arabic, lebanese, female vocalists"
ANOTR,1022940,126990,,https://www.last.fm/music/ANOTR,0,"dutch, netherlands"
Dayseeker,6261626,126900,,https://www.last.fm/music/Dayseeker,0,"post-hardcore, metalcore, alternative rock"
blackwinterwells,3539341,126890,,https://www.last.fm/music/blackwinterwells,0,"hyperpop, cloud rap, emo rap"
Ben Reilly,1673340,126879,,https://www.last.fm/music/Ben+Reilly,0,"trance, electronica, alternative"
Alice,1909901,126864,e32f2cd6-8695-4914-9c24-72e02ebd09ee,https://www.last.fm/music/Alice,0,"italian, pop, female vocalists"
Shreya Ghoshal,1845964,126842,a8740949-50a8-4e71-8133-17d31b7cf69c,https://www.last.fm/music/Shreya+Ghoshal,0,"bollywood, Hindi, Indian"
shRk,1546308,126815,,https://www.last.fm/music/shRk,0,
Macky Gee,2141198,126799,,https://www.last.fm/music/Macky+Gee,0,"Drum and bass, jump up, dnb"
punctual,936245,126784,,https://www.last.fm/music/punctual,0,"electronic, dance, House"
Os Originais Do Samba,1539593,126679,bd9533fa-8628-4ac2-a5e4-61ba567c31f5,https://www.last.fm/music/Os+Originais+Do+Samba,0,"samba, brasil, brazilian"
The Shacks,852667,126673,,https://www.last.fm/music/The+Shacks,0,"indie, seen live, folk"
Dan Bull,2251507,126595,f1597ac6-6cc6-4769-9751-69f681f015da,https://www.last.fm/music/Dan+Bull,0,"rap, Hip-Hop, indie"
BLOND:ISH,681605,126575,598ded27-65cd-481b-b1d1-173f03e459de,https://www.last.fm/music/BLOND:ISH,0,"House, electronic, minimal"
hitkidd,961874,126552,,https://www.last.fm/music/hitkidd,0,"rap, american, memphis"
Furacão 2000,811320,126517,683c2192-bbd4-4a6c-9d37-91eb6b412cbf,https://www.last.fm/music/Furac%C3%A3o+2000,0,"funk, Funk Carioca, nacionais"
Mike Sherm,3230410,126442,,https://www.last.fm/music/Mike+Sherm,0,"rap, United States, Cali rap"
Borrtex,958698,126425,,https://www.last.fm/music/Borrtex,0,"piano, Classical, instrumental"
Pink Turns Blue,2370748,126415,66c82752-3488-472e-8bc1-89b853da56df,https://www.last.fm/music/Pink+Turns+Blue,0,"post-punk, darkwave, Gothic Rock"
young friend,1166594,126362,,https://www.last.fm/music/young+friend,0,"indie, pop, indie pop"
The Dead South,2476726,126348,,https://www.last.fm/music/The+Dead+South,0,"bluegrass, folk, seen live"
Bilmuri,5662832,126341,,https://www.last.fm/music/Bilmuri,0,"post-hardcore, alternative rock, rock"
Yoshiki,1779611,126161,c64da7fc-a073-49fc-a26e-494217afbc6a,https://www.last.fm/music/Yoshiki,0,"japanese, Classical, J-rock"
Nation Of Language,2005092,126115,,https://www.last.fm/music/Nation+Of+Language,0,"synthpop, post-punk, new wave"
Mc Kitinho,1105840,126017,,https://www.last.fm/music/Mc+Kitinho,0,"funk, brasil"
Frédéric Schubert,543148,126010,,https://www.last.fm/music/Fr%C3%A9d%C3%A9ric+Schubert,0,
Marigold,836795,125985,bcb9135c-4986-4429-84fe-5fd1667a4d93,https://www.last.fm/music/Marigold,0,"indie, rock, swedish"
Toledo,1024056,125981,6796f79f-9105-4572-b583-2dd08a6537b5,https://www.last.fm/music/Toledo,0,"jazz, Smooth Jazz, indie folk"
lvl1,1212093,125960,,https://www.last.fm/music/lvl1,0,"spain, spanish, deep house"
Muppet DJ,783208,125950,,https://www.last.fm/music/Muppet+DJ,0,
Felipe Araújo,2630470,125913,,https://www.last.fm/music/Felipe+Ara%C3%BAjo,0,"sertanejo, Sertanejo Universitario, pop"
Katie Gregson-MacLeod,1305529,125852,,https://www.last.fm/music/Katie+Gregson-MacLeod,0,"Scottish, indie folk, indie"
Current Blue,874048,125847,,https://www.last.fm/music/Current+Blue,0,"indie, Lo-Fi, bedroom pop"
Dylan Brady,1579988,125817,,https://www.last.fm/music/Dylan+Brady,0,"electronic, hyperpop, Hip-Hop"
DJ Arana,2229534,125802,,https://www.last.fm/music/DJ+Arana,0,"industrial, brazil, funk mandelao"
Duke Deuce,1621190,125755,,https://www.last.fm/music/Duke+Deuce,0,"Crunk, rap, hip hop"
平田志穂子,6181323,125660,0f6aad7f-c48e-4e1d-94a6-0833d0380cae,https://www.last.fm/music/%E5%B9%B3%E7%94%B0%E5%BF%97%E7%A9%82%E5%AD%90,0,"Soundtrack, japanese, j-pop"
iñigo quintero,1114403,125534,,https://www.last.fm/music/i%C3%B1igo+quintero,0,"spain, spanish, pop"
Big Scarr,2822848,125533,,https://www.last.fm/music/Big+Scarr,0,"rap, Hip-Hop, memphis"
9Lives,1718404,125521,,https://www.last.fm/music/9Lives,0,"rapcore, rap, Hip-Hop"
The Shapeshifters,808239,125487,f43b00ef-66cd-4c60-9c81-2c55236b5006,https://www.last.fm/music/The+Shapeshifters,0,"House, dance, electronic"
The Pied Pipers,784028,125366,a1cb32a5-7da8-4c35-a2c3-333f0a5f6920,https://www.last.fm/music/The+Pied+Pipers,0,"40s, swing, Big Band"
Misogi,1635263,125337,,https://www.last.fm/music/Misogi,0,"trap, electronic, black metal"
Wine Lips,818031,125324,,https://www.last.fm/music/Wine+Lips,0,"Garage Rock, punk rock, seen live"
Luke Faulkner,726397,125286,,https://www.last.fm/music/Luke+Faulkner,0,"Classical, piano, london"
Will Wood and the Tapeworms,9445240,125274,,https://www.last.fm/music/Will+Wood+and+the+Tapeworms,0,"cabaret, dark cabaret, Experimental Rock"
Katy Kirby,1223526,125196,,https://www.last.fm/music/Katy+Kirby,0,"seen live, indie folk, indie pop"
Charlie Parker Quartet,729658,125091,fa7b378b-cbcc-4ffc-8eee-d0d8c7e17161,https://www.last.fm/music/Charlie+Parker+Quartet,0,"jazz, bebop, saxophone"
Mortician,4664007,125044,e79731e0-4af1-4104-825e-e070b9592bf0,https://www.last.fm/music/Mortician,0,"Brutal Death Metal, death metal, grindcore"
Hareton Salvanini,1213267,125040,,https://www.last.fm/music/Hareton+Salvanini,0,"soul jazz, jazz, soul"
Restart,2311155,125038,fe630c4c-868a-40a9-af06-c814b49e68ea,https://www.last.fm/music/Restart,0,"powerpop, rock, pop punk"
Austin Millz,850132,125003,,https://www.last.fm/music/Austin+Millz,0,"Hip-Hop, electronic, USA"
Bay Faction,1923467,125001,,https://www.last.fm/music/Bay+Faction,0,"indie, emo, indie pop"
稲葉曇,2914160,124939,,https://www.last.fm/music/%E7%A8%B2%E8%91%89%E6%9B%87,0,"japan, J-rock, j-pop"
Notion,1388553,124737,2ee2136b-a7e8-476e-b97f-7f2c31196e17,https://www.last.fm/music/Notion,0,"liquid funk, Drum and bass, All"
Little Beaver,670664,124705,50538ff2-70b3-4c45-90f7-587b056dced4,https://www.last.fm/music/Little+Beaver,0,"funk, soul, soul jazz records"
Dizzy,1908048,124676,ef4ca2ad-ae11-4e57-a5cd-2a3f060263f3,https://www.last.fm/music/Dizzy,0,"finnish, indie pop, alternative"
Bayli,1117685,124635,,https://www.last.fm/music/Bayli,0,"pop, soul, rnb"
Million Eyes,963801,124596,,https://www.last.fm/music/Million+Eyes,0,"ambient, instrumental, piano"
The Brook & The Bluff,1733395,124580,,https://www.last.fm/music/The+Brook+&+The+Bluff,0,"indie, indie pop, dream pop"
NYXJVH,830593,124573,,https://www.last.fm/music/NYXJVH,0,"alternative, postpunk, darkwave"
Maximo Park,1709533,124565,,https://www.last.fm/music/Maximo+Park,0,"seen live, indie, indie rock"
Lia Clark,4903869,124549,,https://www.last.fm/music/Lia+Clark,0,"bomba, chernobyl, merda"
Hector & Tito,827053,124536,,https://www.last.fm/music/Hector+&+Tito,0,"Reggaeton, latin, classic rock"
MC JottaPê,1209430,124521,,https://www.last.fm/music/MC+JottaP%C3%AA,0,"urban, funk, dance"
Valium Aggelein,1789352,124504,6b2194dc-0b56-4230-b792-aeec2ae48d7f,https://www.last.fm/music/Valium+Aggelein,0,"slowcore, space rock, shoegaze"
Chau Sara,1070557,124474,,https://www.last.fm/music/Chau+Sara,0,"electronic, Lo-Fi, chill"
Arijit Singh,5149975,124464,ed3f4831-e3e0-4dc0-9381-f5649e9df221,https://www.last.fm/music/Arijit+Singh,0,"Hindi, india, All"
Madison Cunningham,1260363,124447,,https://www.last.fm/music/Madison+Cunningham,0,"folk, singer-songwriter, seen live"
Automatic,1057742,124432,d9377410-255f-40ba-90b8-9cbba6261f4a,https://www.last.fm/music/Automatic,0,"indie rock, indie, british"
Alex Lustig,923689,124410,,https://www.last.fm/music/Alex+Lustig,0,"Lo-Fi, electronic, chill"
BIGBABYGUCCI,5302717,124323,,https://www.last.fm/music/BIGBABYGUCCI,0,"trap, rap, North Carolina"
Stella Jang,1634225,124287,,https://www.last.fm/music/Stella+Jang,0,"Korean, k-pop, k-indie"
S. Kiyotaka & Omega Tribe,1716138,124284,,https://www.last.fm/music/S.+Kiyotaka+&+Omega+Tribe,0,"city pop, japanese, soul"
Landon Cube,2248182,124269,,https://www.last.fm/music/Landon+Cube,0,"Hip-Hop, rock, alternative rock"
SadEyeS,4622830,124258,,https://www.last.fm/music/SadEyeS,0,"emo rap, Hip-Hop, alternative"
Wax Motif,996636,124245,cef964b5-6f27-4a79-ac78-26b9e05c44c8,https://www.last.fm/music/Wax+Motif,0,"electro house, Progressive House, future house"
Lord of the Lost,5803941,124215,8cf95123-5023-4257-933e-4d7ebbc5d8a2,https://www.last.fm/music/Lord+of+the+Lost,0,"Gothic Rock, Gothic Metal, german"
lojii,1022994,124149,,https://www.last.fm/music/lojii,0,"rap, Hip-Hop, hip hop"
3Teeth,2474499,124138,358278f1-e0c5-4f8d-99de-9815bff2d15b,https://www.last.fm/music/3Teeth,0,"industrial metal, industrial, industrial rock"
re6ce,2008720,124116,,https://www.last.fm/music/re6ce,0,"Hip-Hop, rock, UK"
Strawberry Milk Cult,1448901,124044,,https://www.last.fm/music/Strawberry+Milk+Cult,0,"Lo-Fi, dream pop, indie"
Modern Color,2266616,123990,,https://www.last.fm/music/Modern+Color,0,"shoegaze, post-hardcore, emo"
Victon,7153894,123940,,https://www.last.fm/music/Victon,0,"k-pop, Kpop, boy group"
FORGOTTENAGE,1219334,123893,,https://www.last.fm/music/FORGOTTENAGE,0,"phonk, electronic, instrumental"
Lily-Rose Depp,1416529,123876,,https://www.last.fm/music/Lily-Rose+Depp,0,"pop, synthpop, actress"
líue,1303690,123774,,https://www.last.fm/music/l%C3%ADue,0,"electronic, rap, UK"
SEKAI NO OWARI,3395701,123733,d9dbfe6a-8346-4337-8614-fe96aab63927,https://www.last.fm/music/SEKAI+NO+OWARI,0,"J-rock, electronic, japanese"
Ryan Caraveo,3345374,123724,,https://www.last.fm/music/Ryan+Caraveo,0,"Hip-Hop, electronic, rap"
Naiara Azevedo,1632904,123723,,https://www.last.fm/music/Naiara+Azevedo,0,"sertanejo, Brega, sofrencia"
1991,1524897,123717,dd4b099e-a6a8-4e9c-b394-be4ae47d2d58,https://www.last.fm/music/1991,0,"ambient, electronic, experimental"
YOURA,2035306,123654,,https://www.last.fm/music/YOURA,0,"electronic, Korean, Hip-Hop"
BE'O,2125734,123617,,https://www.last.fm/music/BE%27O,0,"Hip-Hop, rap, Korean"
NatuREM,1341573,123531,,https://www.last.fm/music/NatuREM,0,
Thalia,2660631,123513,,https://www.last.fm/music/Thalia,0,"latin, pop, female vocalists"
James Jackson Jazz Trio,518964,123460,,https://www.last.fm/music/James+Jackson+Jazz+Trio,0,"jazz, instrumental, NYC"
Blaze Foley,2038665,123450,519629b9-a971-4e27-9736-5e042555c211,https://www.last.fm/music/Blaze+Foley,0,"country, folk, singer-songwriter"
Brytiago,1609419,123391,,https://www.last.fm/music/Brytiago,0,"latin, Reggaeton, male vocalists"
Tiffany Day,2198499,123341,,https://www.last.fm/music/Tiffany+Day,0,"pop, indie pop, female vocalists"
Diego & Victor Hugo,2329934,123278,,https://www.last.fm/music/Diego+&+Victor+Hugo,0,brazil
venbee,1288991,123272,,https://www.last.fm/music/venbee,0,"electronic, british, House"
Cowgirl Clue,1851011,123272,,https://www.last.fm/music/Cowgirl+Clue,0,"electronic, vada vada, country"
Amaria,1018554,123233,,https://www.last.fm/music/Amaria,0,"soul, USA, rnb"
Bbygirl,918249,123187,,https://www.last.fm/music/Bbygirl,0,tiktokcore
Monster High,1431146,123181,,https://www.last.fm/music/Monster+High,0,"monster high, urban, dolls"
Edwin Raphael,631342,123175,,https://www.last.fm/music/Edwin+Raphael,0,"indie, singer-songwriter, Canadian"
HOYO-MiX,13421198,123172,,https://www.last.fm/music/HOYO-MiX,0,"video game music, Soundtrack, chinese"
Eden Project,2533287,123079,,https://www.last.fm/music/Eden+Project,0,"trance, electronic, indie"
Asian Glow,2972291,123078,,https://www.last.fm/music/Asian+Glow,0,"emo, shoegaze, noise pop"
The SteelDrivers,1912643,123060,,https://www.last.fm/music/The+SteelDrivers,0,"bluegrass, country, Alt-country"
tisaKOREAN,2031191,123006,,https://www.last.fm/music/tisaKOREAN,0,"silly, trap, Hip-Hop"
Mixed Matches,4162451,122973,,https://www.last.fm/music/Mixed+Matches,0,"cloud rap, emo rap, ambient pop"
OGRE Sound,1323804,122956,,https://www.last.fm/music/OGRE+Sound,0,"synthwave, electronic, instrumental"
Eliza,1267812,122880,17f56346-c22d-439f-ae6d-7bc6f5548fa6,https://www.last.fm/music/Eliza,0,"heavy metal, soul, rnb"
Diogo Nogueira,1442299,122875,fe4e7dc9-adf8-4436-a1b0-79f6465928d8,https://www.last.fm/music/Diogo+Nogueira,0,"samba, mpb, brazilian"
Sodikken,1962830,122797,,https://www.last.fm/music/Sodikken,0,"electropop, pop, United States"
Hotel Pools,1981708,122791,,https://www.last.fm/music/Hotel+Pools,0,"electronic, chillwave, synthwave"
Nação Zumbi,3408885,122747,e3954b21-0d05-45ea-a057-e8cc4c9b1ab5,https://www.last.fm/music/Na%C3%A7%C3%A3o+Zumbi,0,"manguebeat, brazilian, alternative"
CheVy,1286180,122684,febda65d-6127-4e9b-9e64-7ccf2220f394,https://www.last.fm/music/CheVy,0,"NWOBHM, heavy metal, hard rock"
LANDMVRKS,3664272,122684,,https://www.last.fm/music/LANDMVRKS,0,"metalcore, post-hardcore, french"
Dutch Melrose,1679973,122644,,https://www.last.fm/music/Dutch+Melrose,0,"pop, rock, alternative"
LØLØ,1476659,122629,,https://www.last.fm/music/L%C3%98L%C3%98,0,"pop, pop punk, female vocalists"
Eydie Gormé,1490406,122567,36b31034-0dcb-4543-9aaf-5acf9fd3c2e6,https://www.last.fm/music/Eydie+Gorm%C3%A9,0,"jazz, vocal, female vocalists"
Residente,1528441,122514,,https://www.last.fm/music/Residente,0,"puerto rico, rap, latin"
Mc TH,1011576,122481,,https://www.last.fm/music/Mc+TH,0,"funk, Urban conceitual, hard rock"
Oceans Ate Alaska,2999520,122426,c6bf185b-3a3b-408e-a8b9-f51e5ed7371b,https://www.last.fm/music/Oceans+Ate+Alaska,0,"metalcore, post-hardcore, Progressive Metalcore"
Mau P,839872,122421,,https://www.last.fm/music/Mau+P,0,"tech house, House, techno"
Full Tac,1069313,122151,,https://www.last.fm/music/Full+Tac,0,"american, electronic, experimental"
Borislav Slavov,3690077,122076,ec62bda5-4563-4db4-bdb7-9ab6bde8f29b,https://www.last.fm/music/Borislav+Slavov,0,"Soundtrack, instrumental, video game music"
The Millennial Club,1587169,122047,,https://www.last.fm/music/The+Millennial+Club,0,"american, hopebeat"
Elijah Woods,1352543,122029,,https://www.last.fm/music/Elijah+Woods,0,Canadian
Yussef Dayes,1502327,122004,,https://www.last.fm/music/Yussef+Dayes,0,"jazz, funk, jazz fusion"
Hugh Grant,1082686,121997,c7e6fa51-487d-47ca-b6da-422da2e1104e,https://www.last.fm/music/Hugh+Grant,0,"Soundtrack, pop, british"
Delroy Edwards,1525572,121979,840523b6-1896-4bab-bdba-2b44982cc77c,https://www.last.fm/music/Delroy+Edwards,0,"House, electronic, outsider house"
Claudinho & Buchecha,1079859,121920,593b16bb-f2f8-48a1-a519-0ccc7fbc4bd0,https://www.last.fm/music/Claudinho+&+Buchecha,0,"funk melody, funk, pop"
Vilma Palma E Vampiros,1322200,121920,a03c336b-5295-4ad8-baa9-0309b47603c4,https://www.last.fm/music/Vilma+Palma+E+Vampiros,0,"Rock en Espanol, rock, argentina"
Nate Smith,1372466,121858,,https://www.last.fm/music/Nate+Smith,0,"jazz, seen live, drums"
bathe,581274,121827,,https://www.last.fm/music/bathe,0,"grindcore, mathcore, Sludge"
Alex Brightman,1873323,121807,,https://www.last.fm/music/Alex+Brightman,0,"american, musical, Broadway"
Lijay,1393695,121798,,https://www.last.fm/music/Lijay,0,"hip hop, rap, not good at all"
NUMBER GIRL,5753421,121786,808fe413-ff00-4a68-99fe-0ab265a7e2be,https://www.last.fm/music/NUMBER+GIRL,0,"japanese, rock, alternative"
Heilung,3802524,121747,,https://www.last.fm/music/Heilung,0,"neofolk, folk, dark folk"
Mars Argo,1950886,121733,4b1e6dd1-490a-4c17-8cfb-3ba993a90c80,https://www.last.fm/music/Mars+Argo,0,"indie pop, indie, synthpop"
Jannabi,3194811,121666,,https://www.last.fm/music/Jannabi,0,"k-indie, indie rock, Korean"
Twin Tribes,1847421,121572,,https://www.last.fm/music/Twin+Tribes,0,"post-punk, darkwave, Gothic Rock"
Passing Currents,1305224,121495,,https://www.last.fm/music/Passing+Currents,0,"liquid funk, jungle, Liquid"
Jay1,1800179,121468,,https://www.last.fm/music/Jay1,0,"hip hop, Grime, UK"
MC Maneirinho,1111638,121432,,https://www.last.fm/music/MC+Maneirinho,0,"funk, brazilian, urban"
DJ Blyatman,2439805,121403,,https://www.last.fm/music/DJ+Blyatman,0,"Hardbass, russian, slovak"
Rvfv,1815849,121332,,https://www.last.fm/music/Rvfv,0,"Hip-Hop, spanish, rap"
Getter Jaani,1208733,121292,570fa5db-6287-48bf-a1e7-e2d88953a040,https://www.last.fm/music/Getter+Jaani,0,"estonian, pop, Eurovision"
Mari Fernandez,3002546,121284,,https://www.last.fm/music/Mari+Fernandez,0,"Forro, piseiro, brazilian"
Sauce Walka,1043314,121149,,https://www.last.fm/music/Sauce+Walka,0,"rap, Hip-Hop, trap"
Ghostluvme,681762,121095,,https://www.last.fm/music/Ghostluvme,0,"USA, talentless, carried by the feature every time"
Ashes To Amber,959383,121030,,https://www.last.fm/music/Ashes+To+Amber,0,"metalcore, Melodic Death Metal, death metal"
Tasha & Tracie,7179470,120939,,https://www.last.fm/music/Tasha+&+Tracie,0,"seen live, Hip-Hop, rap"
Coone,2242852,120939,8ec5439a-ff50-4b0f-9e75-fc3e517e75ff,https://www.last.fm/music/Coone,0,"hardstyle, jumpstyle, Belgium"
Zach Templar,1135433,120850,,https://www.last.fm/music/Zach+Templar,0,
Taylor Deupree,1278212,120822,dab5cf68-b079-4f84-bb1a-888600cbf4db,https://www.last.fm/music/Taylor+Deupree,0,"ambient, minimal, glitch"
Laurindo Almeida,863360,120803,c23280a8-abc8-4435-ab44-43762ce0c89c,https://www.last.fm/music/Laurindo+Almeida,0,"jazz, Bossa Nova, brazilian"
Hugo & Guilherme,3523640,120786,,https://www.last.fm/music/Hugo+&+Guilherme,0,"brazil, brazilian, sertanejo"
Sumo,2999972,120769,abfbd5c8-c763-45e0-b321-14f6268c8410,https://www.last.fm/music/Sumo,0,"Rock Argentino, post-punk, rock"
Madison McFerrin,736030,120665,,https://www.last.fm/music/Madison+McFerrin,0,"soul, rnb, Neo-Soul"
Gibran Alcocer,1756188,120618,,https://www.last.fm/music/Gibran+Alcocer,0,
Micah Preite,982187,120604,,https://www.last.fm/music/Micah+Preite,0,"indie, singer-songwriter, american"
FILV,1362585,120572,,https://www.last.fm/music/FILV,0,"pop, electronic, russian"
TWRP,3587277,120567,,https://www.last.fm/music/TWRP,0,"synthwave, synthpop, retrowave"
ryo (supercell),1184562,120546,,https://www.last.fm/music/ryo+(supercell),0,"vocaloid, japanese, supercell"
Shordie Shordie,2402340,120534,,https://www.last.fm/music/Shordie+Shordie,0,"rap, trap, Baltimore"
AB6IX,4770746,120498,,https://www.last.fm/music/AB6IX,0,"k-pop, Korean, pop"
John Wasson,731323,120489,a71e248f-4aef-4318-bcb7-2563b7d2c421,https://www.last.fm/music/John+Wasson,0,"jazz, swing, american"
Ambré,915361,120436,,https://www.last.fm/music/Ambr%C3%A9,0,"electronic, indie, soul"
MC K.K,1316208,120417,,https://www.last.fm/music/MC+K.K,0,"shoegaze, brazil, brazilian"
MC Mazzie,1011473,120407,,https://www.last.fm/music/MC+Mazzie,0,"brazil, brazilian"
Masakatsu Takagi,2262465,120360,477d1c52-3100-4493-a049-473d8f183e23,https://www.last.fm/music/Masakatsu+Takagi,0,"japanese, electronic, ambient"
Danny Towers,895712,120341,,https://www.last.fm/music/Danny+Towers,0,"rap, Hip-Hop, seen live"
Brye,1032895,120291,,https://www.last.fm/music/Brye,0,"pop, alternative, female vocalists"
Chaos in the CBD,1340124,120246,ae534b5f-95e5-40d9-9ce0-75e4b777cad1,https://www.last.fm/music/Chaos+in+the+CBD,0,"House, deep house, electronic"
OOHYO,2200254,120239,,https://www.last.fm/music/OOHYO,0,"electronic, indie, Korean"
Lil Mariko,1985862,120195,,https://www.last.fm/music/Lil+Mariko,0,"pop, Trap Metal, electronic"
Hello Sleepwalkers,2235283,120106,9365b23a-8d8e-48cd-8706-c861479dbaa8,https://www.last.fm/music/Hello+Sleepwalkers,0,"J-rock, japanese, rock"
A Beacon School,1239763,120044,,https://www.last.fm/music/A+Beacon+School,0,"dream pop, indie pop, indie rock"
Vida,696868,120011,8bee1d64-6e5e-430d-be54-6b763fdf3b9b,https://www.last.fm/music/Vida,0,"indie, melodic, brazilian"
Dave Rodgers,2073248,119881,9298d14c-ddf0-40b0-b6df-427e319524b3,https://www.last.fm/music/Dave+Rodgers,0,"eurobeat, Initial D, anime"
Belo,2714687,119845,6e9412c2-642b-404b-afa5-047ab0d6ce3f,https://www.last.fm/music/Belo,0,"Pagode, belo, samba"
Haikaiss,3324184,119762,864b4862-85ac-41e5-a07e-bea41c438913,https://www.last.fm/music/Haikaiss,0,"rap, brazilian, Hip-Hop"
PNL,17647896,119646,,https://www.last.fm/music/PNL,0,"cloud rap, hip hop, rap"
Junko Yagami,1212723,119592,,https://www.last.fm/music/Junko+Yagami,0,"pop, japanese, j-pop"
Peach PRC,2484333,119567,,https://www.last.fm/music/Peach+PRC,0,"pop, queer, female vocalists"
Sam Ryder,1455365,119564,,https://www.last.fm/music/Sam+Ryder,0,"pop, british, Eurovision"
Eternal Raijin,1532268,119556,,https://www.last.fm/music/Eternal+Raijin,0,"instrumental hip-hop, beats, bad"
Hi-C,10301649,119548,b57e1e17-3b77-4958-b9d0-b2a58d7d2dfd,https://www.last.fm/music/Hi-C,0,"rap, cloud rap, Hip-Hop"
Tokyo Machine,2041548,119495,,https://www.last.fm/music/Tokyo+Machine,0,"EDM, electronic, electro"
Teenage Wrist,2084855,119479,,https://www.last.fm/music/Teenage+Wrist,0,"shoegaze, alternative rock, Grunge"
kurffew,1329007,119474,,https://www.last.fm/music/kurffew,0,"indie, indie rock, cringe"
Kimiko Glenn,1280918,119466,,https://www.last.fm/music/Kimiko+Glenn,0,"american, musical, Broadway"
Alfons,1261176,119443,,https://www.last.fm/music/Alfons,0,"electro hip-hop reggae rap, Hip-Hop, electronic"
Jay Eazy,1069291,119432,,https://www.last.fm/music/Jay+Eazy,0,"Hip-Hop, rap, new york"
Zé Vaqueiro,2772349,119432,,https://www.last.fm/music/Z%C3%A9+Vaqueiro,0,"Forro, brazil, brazilian"
Jelly Roll,2183144,119303,ab5a7a60-1b71-4e5b-b622-e0ae2ce84c32,https://www.last.fm/music/Jelly+Roll,0,"rap, Hip-Hop, country"
Bremer/McCoy,1453952,119289,d3fe0251-0d0d-4d3a-ad2e-53188d7065d5,https://www.last.fm/music/Bremer%2FMcCoy,0,"jazz, meditative, danish"
DJ Patrick Muniz,1053523,119257,,https://www.last.fm/music/DJ+Patrick+Muniz,0,"funk, brazil, brasil"
たかやん,3071861,119254,,https://www.last.fm/music/%E3%81%9F%E3%81%8B%E3%82%84%E3%82%93,0,"Hip-Hop, japanese, rap"
Matt Watson,3071880,119250,b4f76441-4a26-4833-b818-f5f234f2fdde,https://www.last.fm/music/Matt+Watson,0,"pop, rap, Lo-Fi"
kx5,1197826,119187,,https://www.last.fm/music/kx5,0,"electronic, Progressive House, House"
A.L.I.S.O.N,1742541,119181,,https://www.last.fm/music/A.L.I.S.O.N,0,"chillwave, synthwave, electronic"
Mike Faist,1287289,119142,,https://www.last.fm/music/Mike+Faist,0,"american, Broadway"
Masayuki Suzuki,2026945,119137,,https://www.last.fm/music/Masayuki+Suzuki,0,"pop, rock, 90s"
Rosie Darling,1327652,119092,,https://www.last.fm/music/Rosie+Darling,0,"indie, indie pop, pop"
Specimen,1409298,119087,e4f83d2b-334a-43cd-b9ac-8bbff6a111eb,https://www.last.fm/music/Specimen,0,"batcave, deathrock, post-punk"
Wos,7828310,119076,,https://www.last.fm/music/Wos,0,"argentina, rap argentino, Hip-Hop"
Epic Rap Battles Of History,4186560,119058,322b62f3-ffbb-455d-af90-3f7c38baa01f,https://www.last.fm/music/Epic+Rap+Battles+Of+History,0,"rap, comedy, hip hop"
Luiz Lins,2383999,119057,,https://www.last.fm/music/Luiz+Lins,0,"Hip-Hop, rap, underground hip-hop"
Lord Apex,1516810,118969,,https://www.last.fm/music/Lord+Apex,0,"rap, Hip-Hop, hip hop"
a girl and a cat,861286,118965,,https://www.last.fm/music/a+girl+and+a+cat,0,"Lo-Fi, electronic, chill"
Tekno,1137249,118926,,https://www.last.fm/music/Tekno,0,"afrobeats, Hip-Hop, african"
Beast Coast,1669069,118912,,https://www.last.fm/music/Beast+Coast,0,"Lo-Fi, indie, seen live"
Siinamota,2442904,118882,,https://www.last.fm/music/Siinamota,0,"electronic, japanese, melodic"
LOOΠΔ 1/3,5320092,118852,,https://www.last.fm/music/LOO%CE%A0%CE%94+1%2F3,0,"k-pop, Loona, pop"
sped up 8282,1063435,118805,,https://www.last.fm/music/sped+up+8282,0,south korea
Less Gravity,891270,118779,,https://www.last.fm/music/Less+Gravity,0,"Lo-Fi, helsinki, Suomi"
Camellia,6393546,118739,d754d664-e8f0-4681-ad34-e0e0644a5f3e,https://www.last.fm/music/Camellia,0,"electronic, japanese, electro"
Lola Young,887308,118684,,https://www.last.fm/music/Lola+Young,0,"pop, rnb, soul"
Leo Dan,1263580,118630,9766faa7-8786-4a55-8d7e-a35bb24b9844,https://www.last.fm/music/Leo+Dan,0,"leo dan, balada, argentina"
Masatoshi Ono,1189037,118514,82acbd32-0347-4fa4-9b76-242867aec688,https://www.last.fm/music/Masatoshi+Ono,0,"japanese, japan, j-pop"
TRASHXRL,1486639,118495,,https://www.last.fm/music/TRASHXRL,0,"brazil, brazilian, phonk"
Always Never,1843562,118466,,https://www.last.fm/music/Always+Never,0,"rnb, electronic, pop"
SMiLE.dk,1384152,118384,891abb2e-0156-411b-bf60-f4104e71ddfa,https://www.last.fm/music/SMiLE.dk,0,"dance, eurodance, ddr"
O Grilo,3567872,118349,,https://www.last.fm/music/O+Grilo,0,"rock, indie rock, indie"
Nils Hoffmann,766000,118322,6b359560-c448-44c0-84d0-d540f474d32e,https://www.last.fm/music/Nils+Hoffmann,0,"electronic, minimal, Lo-Fi"
Matheus Fernandes,1401547,118300,,https://www.last.fm/music/Matheus+Fernandes,0,"Forro, indie, rock"
Alessandro Alessandroni,815978,118274,19fc62c0-3241-499d-bc75-739e50cab1c1,https://www.last.fm/music/Alessandro+Alessandroni,0,"Soundtrack, lounge, jazz"
flowerovlove,605907,118231,,https://www.last.fm/music/flowerovlove,0,"indie pop, Lo-Fi, seen live"
deadman 死人,1039034,118187,,https://www.last.fm/music/deadman+%E6%AD%BB%E4%BA%BA,0,"rap, Hip-Hop, instrumental"
LiNikEr,5241591,118173,,https://www.last.fm/music/LiNikEr,0,"soul, mpb, black music"
OnlyOneOf,7272108,118132,,https://www.last.fm/music/OnlyOneOf,0,"k-pop, pop, Korean"
Hermanos Gutiérrez,2291659,118127,,https://www.last.fm/music/Hermanos+Guti%C3%A9rrez,0,"instrumental, latin, seen live"
Delacruz,2003445,117935,,https://www.last.fm/music/Delacruz,0,"Hip-Hop, rap, seen live"
Yung Bruh,6837623,117824,,https://www.last.fm/music/Yung+Bruh,0,"cloud rap, Hip-Hop, rap"
Armando Trovajoli,919360,117815,14815d08-f46a-4aec-8328-f46727bb7aab,https://www.last.fm/music/Armando+Trovajoli,0,"Soundtrack, lounge, jazz"
New Medicine,1820267,117793,1cd048f5-6144-457d-b8e0-bd7dbea2d9e6,https://www.last.fm/music/New+Medicine,0,"alternative rock, punk rock, rock"
Bad Nerves,1405434,117726,,https://www.last.fm/music/Bad+Nerves,0,"seen live, british, punk rock"
ana roxanne,1384990,117609,,https://www.last.fm/music/ana+roxanne,0,"ambient, electronic, ambient pop"
BashfortheWorld,3289088,117576,,https://www.last.fm/music/BashfortheWorld,0,"trap, Southern Hip Hop, hip hop"
WARHOL.SS,1685290,117562,,https://www.last.fm/music/WARHOL.SS,0,"Hip-Hop, rap, chicago"
Chet Baker Quartet,633520,117537,58f9c836-30a1-4330-9274-e2dd5bc75008,https://www.last.fm/music/Chet+Baker+Quartet,0,"jazz, trumpet, free jazz"
Rio Da Yung Og,5805265,117493,,https://www.last.fm/music/Rio+Da+Yung+Og,0,"rap, Hip-Hop, hip hop"
Sarah Kang,1449398,117412,,https://www.last.fm/music/Sarah+Kang,0,"indie, folk, indie pop"
They Are Gutting a Body of Water,2337223,117342,,https://www.last.fm/music/They+Are+Gutting+a+Body+of+Water,0,"shoegaze, slowcore, indie"
Deeper,1148977,117333,fbe8df26-c269-4505-942d-e0d8586b9877,https://www.last.fm/music/Deeper,0,"post-punk, indie rock, art punk"
Cristobal Tapia de Veer,2953550,117313,17c75aa5-5e1a-4ad3-b9b3-6c4adb8f7817,https://www.last.fm/music/Cristobal+Tapia+de+Veer,0,"electronic, psychedelic, Soundtrack"
niteboi,1336119,117302,,https://www.last.fm/music/niteboi,0,"witch house, electronic, synthwave"
Babyfather,2772858,117236,,https://www.last.fm/music/Babyfather,0,"Hip-Hop, experimental, Grime"
Atif Aslam,3325916,117235,2c26fddb-3926-4004-ae27-22a3896a4f26,https://www.last.fm/music/Atif+Aslam,0,"pakistani rock, pakistani, Hindi"
Julio Jaramillo,1676798,117218,70a11cff-9bed-46a6-9cc2-e6239191bfce,https://www.last.fm/music/Julio+Jaramillo,0,"bolero, pasillo, Julio Jaramillo"
Kwengface,1760605,117171,,https://www.last.fm/music/Kwengface,0,"drill, rap, Grime"
Queen Bee,2192166,117161,fd31549e-6a5f-4ff8-94fa-5a68638952fc,https://www.last.fm/music/Queen+Bee,0,"female vocalists, german, J-rock"
SeptembersRich,2815811,117145,,https://www.last.fm/music/SeptembersRich,0,"plugg, Hip-Hop, rap"
Doss,1648337,117143,33c60988-ede6-4337-83e8-95825704d194,https://www.last.fm/music/Doss,0,"trance, electronic, dream trance"
XANAKIN SKYWOK,2586032,117118,,https://www.last.fm/music/XANAKIN+SKYWOK,0,"Trap Metal, Hip-Hop, rap"
Jim Yosef,1838826,117087,,https://www.last.fm/music/Jim+Yosef,0,"electronic, House, electro"
Holy Hive,786586,117062,,https://www.last.fm/music/Holy+Hive,0,"soul, folk, indie rock"
Indigo,1075480,117061,f954a9e8-e9bc-4eb5-bfa7-8fcd7a5f8eae,https://www.last.fm/music/Indigo,0,"dubstep, electronic, dub"
Vieze Asbak,1584144,117026,,https://www.last.fm/music/Vieze+Asbak,0,"dutch, uptempo, Gabber"
須田景凪,1710320,116976,,https://www.last.fm/music/%E9%A0%88%E7%94%B0%E6%99%AF%E5%87%AA,0,"j-pop, japan, vocaloid"
the buttress,1629076,116905,,https://www.last.fm/music/the+buttress,0,"Horrorcore, hip hop, Hip-Hop"
d0llywood1,2764752,116874,,https://www.last.fm/music/d0llywood1,0,"digicore, cloud rap, hyperpop"
Airbag,3573065,116864,fa8ec1e9-6020-4478-b939-cf5c80fec696,https://www.last.fm/music/Airbag,0,"Progressive rock, rock, norwegian"
Scene Queen,2366062,116864,,https://www.last.fm/music/Scene+Queen,0,"bimbocore, metal, Nu Metal"
dedwrite,1799232,116817,,https://www.last.fm/music/dedwrite,0,"United States, cloud rap, experimental"
gabriels,940672,116804,,https://www.last.fm/music/gabriels,0,"soul, rnb, Power metal"
The Red Pears,1225289,116736,,https://www.last.fm/music/The+Red+Pears,0,"seen live, alternative, indie rock"
Ninja Sex Party,6256659,116575,5b2cc0d6-9075-4fc8-a88e-61d1a22199f5,https://www.last.fm/music/Ninja+Sex+Party,0,"comedy, synthpop, Retro"
Evinha,1176203,116567,0e649bfa-5e63-4454-9449-81ff21093920,https://www.last.fm/music/Evinha,0,"brazilian, Jovem Guarda, world"
or3o,1710144,116553,,https://www.last.fm/music/or3o,0,"USA, otacore"
Peezy,1487492,116536,,https://www.last.fm/music/Peezy,0,"rap, detroit rap, Hip-Hop"
millennium parade,1891780,116517,,https://www.last.fm/music/millennium+parade,0,"Soundtrack, electronic, hip hop"
Khantrast,2772053,116506,,https://www.last.fm/music/Khantrast,0,"rap, american, hiphop"
N.Flying,4761798,116495,,https://www.last.fm/music/N.Flying,0,"Korean, k-pop, k-rock"
Garoto,627583,116438,1b9664ff-0b33-464c-92f2-186affa9cd80,https://www.last.fm/music/Garoto,0,"choro, guitar, brazilian"
Fredo Bang,2085426,116398,,https://www.last.fm/music/Fredo+Bang,0,"rap, Hip-Hop, hip hop"
Web,792732,116396,b1b88a20-0861-42ee-8497-55c4d3647e1e,https://www.last.fm/music/Web,0,"Progressive rock, thrash metal, Jazz Rock"
J Lloyd,780941,116392,,https://www.last.fm/music/J+Lloyd,0,"electronic, british, UK"
I Hate Myself Because,1182960,116386,,https://www.last.fm/music/I+Hate+Myself+Because,0,"indie rock, Lo-Fi, Garage Rock"
Purple Mountains,2682813,116381,,https://www.last.fm/music/Purple+Mountains,0,"Alt-country, indie rock, singer-songwriter"
Victony,1264846,116376,,https://www.last.fm/music/Victony,0,"nigeria, afrobeats, pop"
Bailey Zimmerman,2794427,116368,,https://www.last.fm/music/Bailey+Zimmerman,0,"country, contemporary country, singer-songwriter"
Lee So Ra,2125073,116367,,https://www.last.fm/music/Lee+So+Ra,0,"Korean, female vocalists, soul"
Too Close To Touch,3318249,116360,,https://www.last.fm/music/Too+Close+To+Touch,0,"post-hardcore, alternative rock, alternative"
Alek Olsen,1427298,116347,,https://www.last.fm/music/Alek+Olsen,0,
Stela Cole,1626034,116327,,https://www.last.fm/music/Stela+Cole,0,"pop, female vocalists, USA"
Caleb Hyles,1612174,116324,5a042df9-dcd9-4e4b-ad3d-5e6cdcfba598,https://www.last.fm/music/Caleb+Hyles,0,"american, All, otacore"
Trixie Mattel,2901951,116287,,https://www.last.fm/music/Trixie+Mattel,0,"country, folk, Alt-country"
Lute,1457937,116244,,https://www.last.fm/music/Lute,0,"rap, Hip-Hop, hip hop"
Mindchatter,1018161,116239,,https://www.last.fm/music/Mindchatter,0,"electronic, experimental, indie pop"
Zaac,916959,116191,,https://www.last.fm/music/Zaac,0,"funk, brazilian, Funk Carioca"
Yuno Miles,1122583,116155,,https://www.last.fm/music/Yuno+Miles,0,"rap, experimental hip hop, comedy rap"
Launder,906920,116128,,https://www.last.fm/music/Launder,0,"shoegaze, dream pop, post-punk"
MC Ryan SP,1904062,116115,,https://www.last.fm/music/MC+Ryan+SP,0,"rap, brazil, brasil"
Marcos & Belutti,1501895,116087,c05ad303-fad7-4919-9dc7-626eaccf923e,https://www.last.fm/music/Marcos+&+Belutti,0,"sertanejo, brazilian, Sertanejo Universitario"
Inji,1229522,116087,,https://www.last.fm/music/Inji,0,"pop, electropop, female vocalists"
Dc,1013800,116052,eb1e16f4-4c3b-4b39-af41-0878b4442539,https://www.last.fm/music/Dc,0,"AC/DC, ACDC, rap"
AL-90,1867556,116035,,https://www.last.fm/music/AL-90,0,"House, outsider house, Lo-Fi"
Leanna Firestone,2266025,115984,,https://www.last.fm/music/Leanna+Firestone,0,"indie, indie pop, female vocalists"
Intervals,3919341,115979,,https://www.last.fm/music/Intervals,0,"Progressive metal, DJENT, math metal"
Can't Swim,2961406,115969,,https://www.last.fm/music/Can%27t+Swim,0,"post-hardcore, pop punk, rock"
Tiagz,782464,115923,,https://www.last.fm/music/Tiagz,0,Canadian
JayDaYoungan,3139550,115906,,https://www.last.fm/music/JayDaYoungan,0,"Hip-Hop, rap, american"
Ghost and Pals,4537215,115903,,https://www.last.fm/music/Ghost+and+Pals,0,"vocaloid, electronic, horror"
Lil Yawh,1179253,115827,,https://www.last.fm/music/Lil+Yawh,0,"scenecore, hexd, vampboiclique"
the scary jokes,3388759,115809,,https://www.last.fm/music/the+scary+jokes,0,"electropop, indie, synthpop"
Nero's Day at Disneyland,3506097,115809,41b7da82-f627-4fa5-8557-6430b2389531,https://www.last.fm/music/Nero%27s+Day+at+Disneyland,0,"breakcore, electronic, experimental"
Darell,998724,115796,,https://www.last.fm/music/Darell,0,"latin, male vocalists, puerto rico"
Yasuharu Takanashi,5424715,115789,c7b20a7d-bf0e-45f8-9ea4-6ddcae9c49dd,https://www.last.fm/music/Yasuharu+Takanashi,0,"Soundtrack, japanese, instrumental"
That Mexican OT,1845316,115780,,https://www.last.fm/music/That+Mexican+OT,0,"rap, trap, Hip-Hop"
Chris Christodoulou,3590643,115661,bec6b28b-68be-443b-a3c3-b370ea9b5ce5,https://www.last.fm/music/Chris+Christodoulou,0,"Soundtrack, instrumental, Greek"
The Hails,1078104,115654,,https://www.last.fm/music/The+Hails,0,"indie pop, pop rock, indie rock"
Kowloon,785931,115579,772bf334-513a-4e96-a088-000fb24866e5,https://www.last.fm/music/Kowloon,0,"japanese, math rock, nu jazz"
MC Xenon,986356,115563,,https://www.last.fm/music/MC+Xenon,0,
Memba,1364945,115555,,https://www.last.fm/music/Memba,0,"electronic, dance, trap"
the booyah! kids,1055121,115481,,https://www.last.fm/music/the+booyah%21+kids,0,"electronic, pop, new york"
GORDÃO DO PC,1185412,115474,,https://www.last.fm/music/GORD%C3%83O+DO+PC,0,"brazil, brazilian, baile funk"
Robb Bank$,2885527,115470,decaf88d-365d-4441-bfef-f3fc8a7eac21,https://www.last.fm/music/Robb+Bank$,0,"rap, Hip-Hop, cloud rap"
Cryogeyser,1183328,115463,,https://www.last.fm/music/Cryogeyser,0,"shoegaze, electronic, seen live"
Scalene,4934256,115427,4277a466-22c2-4ec5-8789-80fa6d4cee77,https://www.last.fm/music/Scalene,0,"rock, hardcore, brazilian"
Cazzu,2413767,115424,,https://www.last.fm/music/Cazzu,0,"Hip-Hop, pop, latin"
Christina Vantzou,1510774,115394,a610ad55-7520-461d-a9fb-32f9e31e201a,https://www.last.fm/music/Christina+Vantzou,0,"ambient, electronic, minimalism"
The Flying Stars Of Brooklyn NY,482594,115393,,https://www.last.fm/music/The+Flying+Stars+Of+Brooklyn+NY,0,"soul, rnb, gospel"
Natalie jane,1206525,115382,,https://www.last.fm/music/Natalie+jane,0,"pop, american, soul"
Mc Pipokinha,1227248,115349,,https://www.last.fm/music/Mc+Pipokinha,0,"brazil, funk, brazilian"
Streaming Music Studios,1924972,115304,,https://www.last.fm/music/Streaming+Music+Studios,0,"USA, piano, film"
Berlinist,1759425,115260,fdfb2dad-fb50-45f1-981c-1f9e45a921c2,https://www.last.fm/music/Berlinist,0,"ambient, Soundtrack, spanish"
Elevation Worship,5669352,115182,f3bb45c8-dcb3-4358-ab21-645e6d0935e4,https://www.last.fm/music/Elevation+Worship,0,"christian, worship, christian rock"
Jorge Vercillo,1810270,115173,,https://www.last.fm/music/Jorge+Vercillo,0,"mpb, vercillo, Jorge Vercillo"
Lou Val,859570,115161,,https://www.last.fm/music/Lou+Val,0,"rnb, experimental, canada"
Fit For An Autopsy,5370982,115120,4d884695-d088-40d7-92e7-1f48470bb9fa,https://www.last.fm/music/Fit+For+An+Autopsy,0,"deathcore, death metal, brutal deathcore"
DYVN,364636,115090,,https://www.last.fm/music/DYVN,0,
Easha,1078851,115054,,https://www.last.fm/music/Easha,0,"indie, pop, new jersey"
Namasenda,3340687,115042,,https://www.last.fm/music/Namasenda,0,"hyperpop, pop, bubblegum bass"
Drug Church,3640231,114957,32d2897c-4c91-46db-8161-f51d3f4f0d93,https://www.last.fm/music/Drug+Church,0,"hardcore, post-hardcore, hardcore punk"
Matt Duncan,843571,114874,b9011c25-790c-4258-a6d2-4a6e9edc1a99,https://www.last.fm/music/Matt+Duncan,0,"indie, seen live, indie rock"
Jul,7930048,114870,8e6c44df-06fc-4852-83d0-ef0efed6630a,https://www.last.fm/music/Jul,0,"Hip-Hop, fragile, Marseille"
Carol Biazin,7415439,114866,,https://www.last.fm/music/Carol+Biazin,0,"pop, mpb, rnb"
B1A4,7835998,114857,f42c30e7-3298-4df9-890c-ee8db3c859e2,https://www.last.fm/music/B1A4,0,"k-pop, Korean, Kpop"
Old Gray,3135805,114848,ddae9a60-a349-4f05-a75c-51240ae31ab6,https://www.last.fm/music/Old+Gray,0,"screamo, emo, indie"
MAKAVELIGODD,1938931,114744,,https://www.last.fm/music/MAKAVELIGODD,0,"phonk, hip hop, rap"
pinkshift,1716928,114696,,https://www.last.fm/music/pinkshift,0,"pop punk, punk, punk rock"
Art Popular,1411030,114676,9c9d31ec-01ac-4d4e-a4b5-fce93b6b2618,https://www.last.fm/music/Art+Popular,0,"Pagode, samba, Art popular"
Bon Entendeur,1397823,114652,,https://www.last.fm/music/Bon+Entendeur,0,"electronic, french, france"
Samurai,2295404,114612,fdf22bf0-deb6-433f-9c79-c92cf8aad2a0,https://www.last.fm/music/Samurai,0,"NWOBHM, Progressive rock, heavy metal"
Aflacko,1717874,114511,,https://www.last.fm/music/Aflacko,0,"USA, american"
Heavy Baile,2000090,114510,,https://www.last.fm/music/Heavy+Baile,0,"seen live, Hip-Hop, funk"
Airways,1166587,114494,,https://www.last.fm/music/Airways,0,"rock, alternative rock, indie rock"
Haze,1420158,114485,ef60cd50-25ed-4bdb-9fff-9d40d3b1e022,https://www.last.fm/music/Haze,0,"hardstyle, Progressive rock, Hip-Hop"
The Olympians,915994,114457,305386be-ef0f-4c62-a2b7-97c3e9e42b15,https://www.last.fm/music/The+Olympians,0,"soul, jazz, funk"
Annisokay,4441558,114448,,https://www.last.fm/music/Annisokay,0,"post-hardcore, metalcore, german"
Cornelia Murr,1194284,114349,,https://www.last.fm/music/Cornelia+Murr,0,"indie pop, art pop, indie"
BewhY,2703120,114306,,https://www.last.fm/music/BewhY,0,"Hip-Hop, rap, Korean"
Peter Gundry,1999006,114301,,https://www.last.fm/music/Peter+Gundry,0,"folk, neoclassical, australian"
Fiddlehead,3228761,114301,84b5a13b-7510-447d-90dc-20f490367288,https://www.last.fm/music/Fiddlehead,0,"post-hardcore, emo, noise rock"
Big Boss Vette,601616,114300,,https://www.last.fm/music/Big+Boss+Vette,0,"Hip-Hop, rap, female vocalist"
Dpsht,456286,114274,,https://www.last.fm/music/Dpsht,0,"lofi, chill, Lo-Fi"
given,2413482,114260,,https://www.last.fm/music/given,0,"Nu Metal, rapcore, J-rock"
Geese,2142359,114164,7c0fa31b-b43a-464d-935f-dc3a772c1c0a,https://www.last.fm/music/Geese,0,"indie rock, post-punk, art punk"
Shawn James,2149315,114063,,https://www.last.fm/music/Shawn+James,0,"soul, folk, blues"
Josiah and the Bonnevilles,1118059,114055,,https://www.last.fm/music/Josiah+and+the+Bonnevilles,0,"indie, folk, americana"
Davichi,2306497,113998,0f98037f-80de-405d-afd5-30433abd872a,https://www.last.fm/music/Davichi,0,"k-pop, Korean, davichi"
ヨルシカ,4167847,113944,,https://www.last.fm/music/%E3%83%A8%E3%83%AB%E3%82%B7%E3%82%AB,0,"j-pop, japanese, female vocalists"
Jimmy Whoo,957626,113929,4d9865fb-0630-4a33-8547-6fc70df189be,https://www.last.fm/music/Jimmy+Whoo,0,"Hip-Hop, french, beats"
April June,546081,113926,,https://www.last.fm/music/April+June,0,"electronic, indie pop, dream pop"
The Ponderosa Twins Plus One,792553,113885,,https://www.last.fm/music/The+Ponderosa+Twins+Plus+One,0,"USA, Ohio, United States"
Rousseau,1285351,113865,0beea40e-efd4-4bf3-bde0-e06243cc0623,https://www.last.fm/music/Rousseau,0,"Progressive rock, german, metal"
You Blew It!,2513513,113858,5d38d649-ea95-4096-b34b-9bf59e0e2d0a,https://www.last.fm/music/You+Blew+It%21,0,"emo, indie rock, math rock"
Obskür,846846,113855,,https://www.last.fm/music/Obsk%C3%BCr,0,"House, techno, germany"
Yard Act,2070204,113812,,https://www.last.fm/music/Yard+Act,0,"post-punk, Crank wave, indie rock"
Faye Wong,3062925,113748,692e367d-2846-442d-b13d-1177c3681c65,https://www.last.fm/music/Faye+Wong,0,"chinese, pop, female vocalists"
Zero 9:36,1439115,113727,,https://www.last.fm/music/Zero+9:36,0,"rapcore, electronic, rock"
Faceless 1-7,2183374,113682,,https://www.last.fm/music/Faceless+1-7,0,"Hip-Hop, trap, phone"
Banshee,2043533,113678,9cdffdcc-8103-4195-ab45-cc4d8bb8cd1a,https://www.last.fm/music/Banshee,0,"heavy metal, US Power Metal, folk"
Marc Rebillet,1782396,113638,,https://www.last.fm/music/Marc+Rebillet,0,"funk, electronic, jazz"
Mickey Darling,2705003,113617,,https://www.last.fm/music/Mickey+Darling,0,"pop, indie pop, USA"
Joeyy,7376481,113578,,https://www.last.fm/music/Joeyy,0,"cloud rap, trap, nod"
Wolfine,888196,113553,,https://www.last.fm/music/Wolfine,0,"Reggaeton, Colombia, colombian"
Woodlock,683789,113536,,https://www.last.fm/music/Woodlock,0,"indie, folk, indie rock"
TRE SAVAGE,1089009,113472,,https://www.last.fm/music/TRE+SAVAGE,0,
Lovelyz,6360377,113467,75d74780-dfbe-409b-ba34-a0e8a2439881,https://www.last.fm/music/Lovelyz,0,"k-pop, Korean, pop"
Trash Boat,2797149,113309,,https://www.last.fm/music/Trash+Boat,0,"pop punk, seen live, british"
Gloryhammer,5061145,113269,85997032-ff48-4383-b86a-a920d4230a0b,https://www.last.fm/music/Gloryhammer,0,"Power metal, symphonic metal, symphonic power metal"
Blanks,1883360,113250,,https://www.last.fm/music/Blanks,0,"a capella, scrubs, a cappella"
Jeff Williams,6008236,113213,373981b7-b102-4782-831d-c2108e4b7340,https://www.last.fm/music/Jeff+Williams,0,"Soundtrack, electronic, rock"
Riven,2054231,113208,,https://www.last.fm/music/Riven,0,"instrumental, the music maker society, acoustic"
Nattan,2667054,113208,,https://www.last.fm/music/Nattan,0,"brazil, brazilian, Forro"
Banda UÓ,5785853,113197,15d55c10-aee2-4669-9074-e9b14ad6244a,https://www.last.fm/music/Banda+U%C3%93,0,"brazilian, electrobrega, electropop"
Trophy Eyes,4240395,113193,c4d34bbb-8dbf-468e-bd44-4e5b20200eb2,https://www.last.fm/music/Trophy+Eyes,0,"melodic hardcore, pop punk, hardcore"
Maddix,901091,113169,baaaf955-f46b-471e-8e04-a9b44ff86ac4,https://www.last.fm/music/Maddix,0,"techno, electro, electro house"
Glocca Morra,3207245,113148,53514aa5-b0b8-4d0e-8326-b7bb8dfe080a,https://www.last.fm/music/Glocca+Morra,0,"emo, punk, indie rock"
Seafood Sam,932512,113136,,https://www.last.fm/music/Seafood+Sam,0,"Hip-Hop, rap, west coast"
prodby668,1196468,113126,,https://www.last.fm/music/prodby668,0,"electronic, instrumental, trap"
Asake,2676280,113106,,https://www.last.fm/music/Asake,0,"afrobeats, nigeria, amapiano"
Zezé Di Camargo & Luciano,2037135,113015,17022e90-a743-4c5f-89b4-c9243be7b7ad,https://www.last.fm/music/Zez%C3%A9+Di+Camargo+&+Luciano,0,"sertanejo, brasil, brazilian"
Mumuzinho,1358279,113003,02889713-e8cf-4325-ba1e-1824fd3989ca,https://www.last.fm/music/Mumuzinho,0,"Pagode, brazilian, samba"
Metaroom,2034865,112998,,https://www.last.fm/music/Metaroom,0,"electronic, EDM, hardcore breaks"
Yung Hurn,5456921,112990,,https://www.last.fm/music/Yung+Hurn,0,"cloud rap, rap, Hip-Hop"
Bennett Coast,907574,112952,,https://www.last.fm/music/Bennett+Coast,0,
Almendra,2642256,112947,0b144888-0e76-465c-be88-882cf4f4cb5e,https://www.last.fm/music/Almendra,0,"Rock Argentino, argentina, rock"
Etta Marcus,847228,112916,,https://www.last.fm/music/Etta+Marcus,0,"indie pop, female vocalists, indie rock"
Puterrier,1641472,112834,,https://www.last.fm/music/Puterrier,0,"Grime, atabagrime, rap"
Fabich,639866,112759,,https://www.last.fm/music/Fabich,0,"british, electronic, dance"
ben&ben,4791896,112724,,https://www.last.fm/music/ben&ben,0,"pop, folk, philippines"
Kant,1247849,112607,c7ba050a-2a69-4715-a694-d148820bebb7,https://www.last.fm/music/Kant,0,"deep house, Hip-Hop, rap"
Penomeco,2629796,112542,,https://www.last.fm/music/Penomeco,0,"rap, Hip-Hop, Korean"
Charlotte de Witte,1252010,112538,,https://www.last.fm/music/Charlotte+de+Witte,0,"techno, minimal techno, flanders"
$atori Zoom,1798478,112509,,https://www.last.fm/music/$atori+Zoom,0,"Hip-Hop, trap, phonk"
POiSON GiRL FRiEND,1921610,112502,,https://www.last.fm/music/POiSON+GiRL+FRiEND,0,"dream pop, trip-hop, japanese"
CURSEDEVIL,1229340,112441,,https://www.last.fm/music/CURSEDEVIL,0,"funk, Kazakhstan, kazakh"
Cola,904501,112419,2de8ba69-c2b7-4f89-8bca-a3a1043b3061,https://www.last.fm/music/Cola,0,"post-punk, indie rock, Crank wave"
Sushi Soucy,1740959,112377,,https://www.last.fm/music/Sushi+Soucy,0,"queer, Non binary vocalist, indie"
slipmami,5312100,112370,,https://www.last.fm/music/slipmami,0,"rap, trap, brazil"
Michele Leigh,828334,112301,,https://www.last.fm/music/Michele+Leigh,0,"indie pop, female vocalists, american"
Rscl,643164,112245,,https://www.last.fm/music/Rscl,0,"House, electronic, producer"
Lit Killah,4314770,112143,,https://www.last.fm/music/Lit+Killah,0,"rap, trap, argentina"
Arc De Soleil,1422307,112132,,https://www.last.fm/music/Arc+De+Soleil,0,"Psychedelic Rock, surf rock, surf funk"
Shankar-Ehsaan-Loy,2104359,112104,d8d3e7de-793e-49fa-8bb8-6bc732d4c8aa,https://www.last.fm/music/Shankar-Ehsaan-Loy,0,"bollywood, Hindi, Indian"
Hardy,2895080,112102,,https://www.last.fm/music/Hardy,0,"country, heavy metal, alternative rock"
Austin Moon,1691776,112034,,https://www.last.fm/music/Austin+Moon,0,"under 500 listeners, disney channel, youngstar"
Brutalismus 3000,2509004,112022,,https://www.last.fm/music/Brutalismus+3000,0,"techno, Gabber, hardcore"
Spectrum,1013367,112021,fbd2b374-cf5f-49d6-bad3-c9ab6bb7e9b5,https://www.last.fm/music/Spectrum,0,"space rock, psychedelic, experimental"
Warhaus,2269457,111985,,https://www.last.fm/music/Warhaus,0,"seen live, Belgium, rock"
MC Ingryd,868160,111934,,https://www.last.fm/music/MC+Ingryd,0,brasil
Ghost Town,2164328,111923,f953cc21-0ea2-4374-a492-8d9ecec14ba6,https://www.last.fm/music/Ghost+Town,0,"hardcore, electronic, metalcore"
strxwberrymilk,1931770,111905,,https://www.last.fm/music/strxwberrymilk,0,"breakcore, ambient, germany"
Bambam,3636398,111892,,https://www.last.fm/music/Bambam,0,"got7, pop, thai"
Pristin,2784060,111847,,https://www.last.fm/music/Pristin,0,"k-pop, pop, Korean"
Dept,2250651,111816,,https://www.last.fm/music/Dept,0,"rock, catala, catalunya"
Alabaster Deplume,1266255,111812,4c1d0414-f5d7-4882-92fc-ba2421b82d40,https://www.last.fm/music/Alabaster+Deplume,0,"jazz, folk, experimental"
38 Special,894826,111750,2a078e98-9360-48cd-b49c-6eac987b3d92,https://www.last.fm/music/38+Special,0,"Southern Rock, classic rock, rock"
Suriel Hess,1180820,111723,,https://www.last.fm/music/Suriel+Hess,0,"pop, indie pop"
Haruhisa Tanaka,838355,111708,,https://www.last.fm/music/Haruhisa+Tanaka,0,"ambient, japanese, drone"
Lola Indigo,3726033,111706,,https://www.last.fm/music/Lola+Indigo,0,"spanish, pop, dance"
Madeline The Person,918644,111661,,https://www.last.fm/music/Madeline+The+Person,0,"indie pop, pop, female vocalists"
Teethe,1105426,111647,,https://www.last.fm/music/Teethe,0,"slowcore, Lo-Fi, indie rock"
Damso,14685737,111647,,https://www.last.fm/music/Damso,0,"rap, Hip-Hop, Belgium"
Chefin,1987976,111634,,https://www.last.fm/music/Chefin,0,"brazil, brazilian, trap"
AveNoir,1325943,111628,,https://www.last.fm/music/AveNoir,0,"rnb, alternative rnb"
DJ GUDOG,1039717,111567,,https://www.last.fm/music/DJ+GUDOG,0,brazil
Max Graef,642307,111538,e87c97b2-0350-40c4-9d23-2fc4a6783966,https://www.last.fm/music/Max+Graef,0,"House, downtempo, electronic"
Manuel,1397176,111489,5e8b8db3-543d-40d3-ac79-761ef137a6a5,https://www.last.fm/music/Manuel,0,"eurobeat, Initial D, electronic"
Chloe Adams,1007127,111432,,https://www.last.fm/music/Chloe+Adams,0,"female vocalists, indie, pop"
CRAVITY,7392632,111428,,https://www.last.fm/music/CRAVITY,0,"k-pop, Kpop, Korean"
NANORAY,2207251,111427,,https://www.last.fm/music/NANORAY,0,"hardcore breaks, Drum and bass, breakcore"
Borges,2448550,111404,,https://www.last.fm/music/Borges,0,"trap, rap, brazil"
Ski Aggu,3813578,111300,,https://www.last.fm/music/Ski+Aggu,0,"electronic, rap, germany"
Izaya Tiji,14802215,111278,,https://www.last.fm/music/Izaya+Tiji,0,"plugg, cloud rap, slayworld"
BLOODbath64,1201966,111277,,https://www.last.fm/music/BLOODbath64,0,"vaporwave, psychedelic pop, lofi"
Agroplay,1578889,111264,,https://www.last.fm/music/Agroplay,0,"mexico, Reggaeton"
Confidence Man,1718536,111253,,https://www.last.fm/music/Confidence+Man,0,"seen live, pop, australian"
Quarters of Change,1161039,111241,,https://www.last.fm/music/Quarters+of+Change,0,"indie, rock, alternative"
Ollie,2673055,111228,fd0a3708-2c68-433d-b691-d7e3dbac3295,https://www.last.fm/music/Ollie,0,"dubstep, seen live, male vocalists"
Jeito Moleque,1387329,111227,eface19c-0669-4136-a6c9-dc261848849c,https://www.last.fm/music/Jeito+Moleque,0,"Pagode, jeito moleque, samba"
Próxima Parada,804749,111212,,https://www.last.fm/music/Pr%C3%B3xima+Parada,0,"folk, soul, alternative"
Yoko Shimomura,4043396,111161,b3933fd6-fba9-44b1-992a-1e8128324ca1,https://www.last.fm/music/Yoko+Shimomura,0,"Soundtrack, video game music, japanese"
The Silhouettes Project,983119,111101,,https://www.last.fm/music/The+Silhouettes+Project,0,"Hip-Hop, electronic, trip-hop"
Esteman,1907515,111089,2aab5497-8f25-4adf-a1c5-247dd5ac270a,https://www.last.fm/music/Esteman,0,"Colombia, latin pop, pop"
MC Tairon,1030469,111032,,https://www.last.fm/music/MC+Tairon,0,"funk, brazil, baile funk"
KiNG MALA,1664702,110967,,https://www.last.fm/music/KiNG+MALA,0,"pop, electronic, alternative"
Music Factory,955915,110959,11c32ea2-56d7-48e7-a1f8-c18409474df1,https://www.last.fm/music/Music+Factory,0,"funk, hip hop, 80s"
Inzo,1339986,110932,,https://www.last.fm/music/Inzo,0,"electronic, USA, bass"
melvitto,1199372,110913,,https://www.last.fm/music/melvitto,0,nigeria
Varials,2181974,110853,,https://www.last.fm/music/Varials,0,"metalcore, deathcore, hardcore"
The Correspondents,1710364,110842,4d8d2c7c-978e-47ac-ba4a-9e798424bf83,https://www.last.fm/music/The+Correspondents,0,"swing, swing-hop, electro swing"
Bradio,2159049,110737,,https://www.last.fm/music/Bradio,0,"japanese, funk, Disco"
Biscits,840422,110680,,https://www.last.fm/music/Biscits,0,"UK, tech house, british"
Sneaks,1122901,110641,,https://www.last.fm/music/Sneaks,0,"post-punk, Crank wave, spoken word"
Slimesito,3031553,110613,,https://www.last.fm/music/Slimesito,0,"trap, Hip-Hop, Jurassic Park"
Pierce Brosnan,671800,110555,36b9a5da-8213-457a-aeaa-25fbdbafe8a6,https://www.last.fm/music/Pierce+Brosnan,0,"Mamma mia, Soundtrack, musical"
Sierra Ferrell,1268427,110553,,https://www.last.fm/music/Sierra+Ferrell,0,"country, seen live, folk"
Full of Hell,4856101,110545,af2373bf-4b18-4e06-954c-ab83946992c9,https://www.last.fm/music/Full+of+Hell,0,"grindcore, powerviolence, hardcore"
Vein.FM,2728726,110526,,https://www.last.fm/music/Vein.FM,0,"mathcore, metalcore, Nu Metal"
Krooked Kings,893836,110298,,https://www.last.fm/music/Krooked+Kings,0,
Angie McMahon,1511070,110290,,https://www.last.fm/music/Angie+McMahon,0,"folk, indie, singer-songwriter"
Rory in early 20s,3193719,110276,,https://www.last.fm/music/Rory+in+early+20s,0,"breakcore, Ukraine, lolicore"
Bess Atwell,920635,110168,,https://www.last.fm/music/Bess+Atwell,0,"folk, indie, female vocalists"
The Caretaker,5520431,110147,82c770d1-8c62-4f4d-9021-7bd8a097f7dd,https://www.last.fm/music/The+Caretaker,0,"ambient, dark ambient, experimental"
SAAY,1743501,110135,,https://www.last.fm/music/SAAY,0,"Korean, rnb, k-pop"
Mixtape Madness,2241515,110054,,https://www.last.fm/music/Mixtape+Madness,0,"Hip-Hop, hip hop, british"
Raspberries,539415,110000,,https://www.last.fm/music/Raspberries,0,"power pop, 70s, rock"
Rael,1753285,109958,b5c13325-f56f-4a0f-b424-c4cba2bad99e,https://www.last.fm/music/Rael,0,"Hip-Hop, Progressive rock, rap"
Benzz,1289603,109931,,https://www.last.fm/music/Benzz,0,"UK Drill, rap, UK"
MYTH & ROID,3745437,109885,,https://www.last.fm/music/MYTH+&+ROID,0,"j-pop, japanese, female vocalists"
Anthony Keyrouz,1089434,109817,,https://www.last.fm/music/Anthony+Keyrouz,0,"Lebanon, lebanese, electronic"
Layto,1699328,109781,,https://www.last.fm/music/Layto,0,"indie, bop, electronic"
Jaz Karis,647659,109725,,https://www.last.fm/music/Jaz+Karis,0,"pop, soul, UK"
amindi,754540,109641,,https://www.last.fm/music/amindi,0,"reggae, rnb, dancehall"
Lauana Prado,2990765,109626,,https://www.last.fm/music/Lauana+Prado,0,"singer-songwriter, brazil, sertanejo"
Graham Kartna,1936446,109621,,https://www.last.fm/music/Graham+Kartna,0,"experimental, electronic, electronica"
The Oozes,1418898,109527,,https://www.last.fm/music/The+Oozes,0,"punk, queer, queercore"
Grupo Fundo De Quintal,1319223,109510,04f71d27-a65f-4516-acc0-e078839b4db0,https://www.last.fm/music/Grupo+Fundo+De+Quintal,0,"samba, mpb, brasil"
HXVRMXN,1508157,109507,,https://www.last.fm/music/HXVRMXN,0,"phonk, Hip-Hop, rap"
YungManny,1254077,109494,,https://www.last.fm/music/YungManny,0,"Hip-Hop, rap, trap"
No Jumper,976140,109475,,https://www.last.fm/music/No+Jumper,0,"podcast, USA, youtube"
Froid,5465136,109448,,https://www.last.fm/music/Froid,0,"rap, trap, Hip-Hop"
SHISHAMO,2391338,109428,b4ec0834-e5e4-4dab-b909-10cb21ebf3b2,https://www.last.fm/music/SHISHAMO,0,"female vocalists, J-rock, japanese"
Lil Kleine,2259745,109423,,https://www.last.fm/music/Lil+Kleine,0,"Hip-Hop, rap, electronic"
Chalino Sanchez,1966839,109410,,https://www.last.fm/music/Chalino+Sanchez,0,"corridos, chalino, mexico"
Lah Pat,817285,109353,,https://www.last.fm/music/Lah+Pat,0,"rap, trap, Houston"
Normandie,3146314,109284,8d8c7102-e862-4b39-ba54-d9d726007ab0,https://www.last.fm/music/Normandie,0,"post-hardcore, alternative rock, metalcore"
Torren Foot,799022,109268,,https://www.last.fm/music/Torren+Foot,0,"australian, House, electronic"
Lou Garcia,1806232,109231,,https://www.last.fm/music/Lou+Garcia,0,"seen live, brazilian, 🇧🇷"
Black Balloons,1131066,109210,8fc9cdba-fce4-4b06-9479-69a96787a3fc,https://www.last.fm/music/Black+Balloons,0,"breakcore, Drum and bass, Nintendocore"
KAMAUU,913326,109124,,https://www.last.fm/music/KAMAUU,0,"Hip-Hop, soul, rap"
Gesu No Kiwami Otome,2484109,109078,,https://www.last.fm/music/Gesu+No+Kiwami+Otome,0,"japanese, math rock, J-rock"
Sik World,2591214,109055,,https://www.last.fm/music/Sik+World,0,rap
Early Eyes,1486508,109053,,https://www.last.fm/music/Early+Eyes,0,"indie pop, funk, indie"
Lilypichu,4043938,109046,,https://www.last.fm/music/Lilypichu,0,"Classical, piano, Lo-Fi"
I-Land,2148591,109010,1ef11458-7f5b-4c58-a650-89e2ef6110bb,https://www.last.fm/music/I-Land,0,"Korean, pop, k-pop"
RXKNephew,2869686,108994,,https://www.last.fm/music/RXKNephew,0,"plugg, trap, rap"
Static Dress,3080613,108970,,https://www.last.fm/music/Static+Dress,0,"post-hardcore, metalcore, emo"
zzoilo,1324675,108930,,https://www.last.fm/music/zzoilo,0,"spanish, pop, spain"
Øfdream,1313518,108926,,https://www.last.fm/music/%C3%98fdream,0,"electronic, chill, beats"
jaydes,10692275,108895,,https://www.last.fm/music/jaydes,0,"experimental, ethereal, taliban"
Favored Nations,975727,108881,b5758677-1bdd-49f4-9ea8-9f90c231b5b3,https://www.last.fm/music/Favored+Nations,0,"electronic, indie, pop"
Luedji Luna,3639379,108810,,https://www.last.fm/music/Luedji+Luna,0,"seen live, mpb, brazilian"
Vishal-Shekhar,3245427,108739,2df4ce6a-87d6-49e5-b140-4e71066f996c,https://www.last.fm/music/Vishal-Shekhar,0,"bollywood, Hindi, Soundtrack"
Drain Gang Archive,8584065,108700,,https://www.last.fm/music/Drain+Gang+Archive,0,"Sweden, trap, cloud rap"
Pet Symmetry,2074556,108647,1d3efa22-086e-43c9-aef9-57dd26fb60b4,https://www.last.fm/music/Pet+Symmetry,0,"emo, pop punk, power pop"
P.T. Adamczyk,2122725,108625,,https://www.last.fm/music/P.T.+Adamczyk,0,"Soundtrack, polish, instrumental"
Leandro & Leonardo,1241600,108579,c1139317-02cf-4310-8722-93a095f5b1fa,https://www.last.fm/music/Leandro+&+Leonardo,0,"sertanejo, brazilian, country"
Have Mercy,2855137,108552,b591c1bb-32a2-4e7f-bb1f-574c18885e92,https://www.last.fm/music/Have+Mercy,0,"emo, indie rock, thrash metal"
IVAN CORNEJO,4458851,108530,,https://www.last.fm/music/IVAN+CORNEJO,0,"latin, corridos, Corridos tumbados"
Marco Mengoni,3399254,108474,0e9b1b8f-a5ab-43e0-bf63-1ff7a4c3e1db,https://www.last.fm/music/Marco+Mengoni,0,"pop, italian, X factor"
Alvaro Diaz,5277995,108464,,https://www.last.fm/music/Alvaro+Diaz,0,"rap, urban, Hip-Hop"
Ran-D,1848987,108431,aa901f16-b91a-476f-ad41-ad09348c2244,https://www.last.fm/music/Ran-D,0,"hardstyle, electronic, Hard Dance"
Natural Sound Makers,918723,108411,,https://www.last.fm/music/Natural+Sound+Makers,0,"rain, Nature, nature sounds"
Foxtails,2402297,108371,,https://www.last.fm/music/Foxtails,0,"screamo, emo, post-hardcore"
Jayo,698482,108345,,https://www.last.fm/music/Jayo,0,"rap, hip hop, rnb"
Jessie Mueller,2055922,108301,231c6457-40a7-4190-b7e9-80e52d4a1daa,https://www.last.fm/music/Jessie+Mueller,0,"musical, american, Broadway"
hot milk,2819120,108265,,https://www.last.fm/music/hot+milk,0,"pop punk, alternative rock, british"
Courteeners,2184974,108239,,https://www.last.fm/music/Courteeners,0,"indie rock, indie, british"
Henrique & Diego,1252883,108190,5900600e-9614-44fa-b481-ce01177d4b2d,https://www.last.fm/music/Henrique+&+Diego,0,"sertanejo, brazil, Brasilian"
Maston,762366,108119,a5f1d7cc-bd25-474a-a30f-cf01c064c768,https://www.last.fm/music/Maston,0,"psychedelic, surf rock, baroque"
BIG Naughty,2500008,108067,,https://www.last.fm/music/BIG+Naughty,0,"rap, Korean, k-rnb"
Ed Maverick,4430244,108051,,https://www.last.fm/music/Ed+Maverick,0,"curifeo, folk, mexico"
Big Moochie Grape,950787,107998,,https://www.last.fm/music/Big+Moochie+Grape,0,"rap, trap, Hip-Hop"
Kitty Kallen,616206,107961,0822ea07-20f8-4740-a97a-a827cb6ce883,https://www.last.fm/music/Kitty+Kallen,0,"female vocalists, 50s, jazz"
Terry Presume,932690,107922,,https://www.last.fm/music/Terry+Presume,0,"hip hop, pop, rap"
Jeremy Passion,1200664,107885,8d89e8d4-8fb0-41b6-bfd7-8fb24b6a55f9,https://www.last.fm/music/Jeremy+Passion,0,"soul, Neo-Soul, reggae"
Elephant Gym,1322168,107876,,https://www.last.fm/music/Elephant+Gym,0,"math rock, post-rock, taiwanese"
LaVern,651597,107832,,https://www.last.fm/music/LaVern,0,"electronic, House, dutch"
draag me,834469,107817,,https://www.last.fm/music/draag+me,0,"experimental, glitch, chillwave"
NSG,1897610,107790,ecebea6a-c064-4409-9699-b0bf6b5df720,https://www.last.fm/music/NSG,0,"Grime, metalcore, hip hop"
Andrew Prahlow,3500714,107739,e4724dd1-9c39-455f-a599-1131e1676508,https://www.last.fm/music/Andrew+Prahlow,0,"Soundtrack, ambient, electronic"
Marc Seguí,1699929,107691,,https://www.last.fm/music/Marc+Segu%C3%AD,0,spanish
Fortuna,1157539,107691,d69c8eea-e769-4aa1-9778-147579fbaabb,https://www.last.fm/music/Fortuna,0,"jewish, klezmer, female vocalists"
Magnolia Park,1855272,107648,,https://www.last.fm/music/Magnolia+Park,0,"pop punk, emo, alternative rock"
buerak,2265501,107646,,https://www.last.fm/music/buerak,0,"post-punk, russian, new wave"
Fernando Velázquez,868889,107614,4d529a14-0c10-4310-b0c3-e54ae7e8c3d6,https://www.last.fm/music/Fernando+Vel%C3%A1zquez,0,"Soundtrack, contemporary classical, score"
Dadju,2380243,107557,,https://www.last.fm/music/Dadju,0,"french, Hip-Hop, french pop"
Yuki Hayashi,4235594,107523,,https://www.last.fm/music/Yuki+Hayashi,0,"Soundtrack, japanese, composer"
GAAB,1371053,107474,,https://www.last.fm/music/GAAB,0,"brasil, mpb, rnb"
Ninho,6821253,107453,,https://www.last.fm/music/Ninho,0,"Hip-Hop, french, rap"
Carter Ace,1223161,107443,,https://www.last.fm/music/Carter+Ace,0,"Hip-Hop, rnb, los angeles"
The Pom-Poms,1346032,107381,,https://www.last.fm/music/The+Pom-Poms,0,"electropop, pop, female vocalists"
R.A.P. Ferreira,3274607,107380,,https://www.last.fm/music/R.A.P.+Ferreira,0,"jazz rap, Hip-Hop, abstract hip hop"
Sunidhi Chauhan,1123343,107372,f3100dc5-fbd9-4f07-9456-b5eb065a649f,https://www.last.fm/music/Sunidhi+Chauhan,0,"bollywood, Hindi, Indian"
12 Rods,1774193,107327,6b69ad23-4b6d-4d58-8818-ff00b4e1b024,https://www.last.fm/music/12+Rods,0,"indie rock, indie, rock"
DJ DOZABRI,682116,107254,,https://www.last.fm/music/DJ+DOZABRI,0,"brazil, brazilian, Funk Carioca"
Full Crate,652842,107246,79724ec7-c90c-458c-b11f-8565a2663e15,https://www.last.fm/music/Full+Crate,0,"Hip-Hop, instrumental hip-hop, soul"
Dizzy Fae,1037629,107149,,https://www.last.fm/music/Dizzy+Fae,0,"rnb, alternative rnb, Hip-Hop"
Elliott Fullam,1152418,107119,,https://www.last.fm/music/Elliott+Fullam,0,"folk, slowcore, indie"
Soolking,2263439,107113,,https://www.last.fm/music/Soolking,0,"algerian, algeria, Hip-Hop"
Sean Leon,1060449,107069,,https://www.last.fm/music/Sean+Leon,0,"Hip-Hop, hip hop, experimental hip hop"
Mark,2657990,107065,f53888c9-8bdc-4cc3-b2ab-ddab6bc5afb7,https://www.last.fm/music/Mark,0,"NCT, rock, k-pop"
Hoax,1128586,107055,f7b36557-db8c-48df-8bd6-24b443809d14,https://www.last.fm/music/Hoax,0,"hardcore, punk, hardcore punk"
Hande Yener,3050271,107040,ebef6120-fbb3-4537-84bc-27902d5760c1,https://www.last.fm/music/Hande+Yener,0,"turkish, electronic, pop"
Rusowsky,1706139,106952,,https://www.last.fm/music/Rusowsky,0,"spanish, electronic, pop"
jank,2453451,106880,,https://www.last.fm/music/jank,0,"emo, weed pop, punk"
Hardrock,4828548,106835,ed8bfe40-0d3a-452b-bc97-9cbf9c077fda,https://www.last.fm/music/Hardrock,0,"atlanta, cloud rap, hip hop"
Chuck Strangers,679918,106750,,https://www.last.fm/music/Chuck+Strangers,0,"hip hop, underground hip hop, pro era"
Locust,700193,106749,9cdbbd26-b4e0-4b4d-bfd3-c65d447af9a1,https://www.last.fm/music/Locust,0,"electronic, trip-hop, grindcore"
Ryan Oakes,1633931,106736,,https://www.last.fm/music/Ryan+Oakes,0,"Hip-Hop, rap, hip hop"
Dj Gabriel do Borel,1021046,106708,,https://www.last.fm/music/Dj+Gabriel+do+Borel,0,"dance, urban, funk"
Yurie Kokubu,758608,106706,,https://www.last.fm/music/Yurie+Kokubu,0,"japanese, pop, j-pop"
pasteboard,1879569,106694,eedf2a3a-1c30-4b93-adc4-04dcc1a94c1f,https://www.last.fm/music/pasteboard,0,"shoegaze, dream pop, japanese"
KK,1611613,106689,bd84ddbb-e822-4884-a302-7c929431805f,https://www.last.fm/music/KK,0,"Hindi, Indian, bollywood"
The Murder Capital,1916696,106675,,https://www.last.fm/music/The+Murder+Capital,0,"post-punk, Crank wave, art punk"
George Henrique & Rodrigo,1216077,106660,bb09b47c-5eae-47ce-856e-7b837f3faacc,https://www.last.fm/music/George+Henrique+&+Rodrigo,0,"sertanejo, country, brazil"
Dr. Peacock,2542005,106648,,https://www.last.fm/music/Dr.+Peacock,0,"frenchcore, Gabber, dutch"
Knock2,2151229,106625,,https://www.last.fm/music/Knock2,0,"electronic, bass house, USA"
okvsho,573383,106612,,https://www.last.fm/music/okvsho,0,"electronic, jazz, ambient"
Kevin Roldan,1305349,106550,,https://www.last.fm/music/Kevin+Roldan,0,"Reggaeton, Colombia, latin"
Wednesday Campanella,3039264,106532,,https://www.last.fm/music/Wednesday+Campanella,0,"electronic, japanese, j-pop"
inabakumori,2829395,106362,,https://www.last.fm/music/inabakumori,0,"japanese, vocaloid, japan"
Yuragi,1758061,106333,1c16d496-abf3-43f8-9b97-0fd05f658bd4,https://www.last.fm/music/Yuragi,0,"shoegaze, japanese, post-rock"
DJ Matt D,1310081,106285,,https://www.last.fm/music/DJ+Matt+D,0,"trap, trapfunk"
The Vernon Spring,849990,106270,,https://www.last.fm/music/The+Vernon+Spring,0,"jazz, electronic, ambient"
Derivakat,4209381,106186,,https://www.last.fm/music/Derivakat,0,"pop, electronic, electropop"
Sumika,1909535,106166,,https://www.last.fm/music/Sumika,0,"japanese, J-rock, j-pop"
Motoi Sakuraba,1977220,106126,ea809832-657d-4335-b492-1daa3d46a322,https://www.last.fm/music/Motoi+Sakuraba,0,"video game music, Soundtrack, japanese"
b Young,1462503,106104,,https://www.last.fm/music/b+Young,0,"british, Hip-Hop, hip hop"
Nelward,2436579,106100,,https://www.last.fm/music/Nelward,0,"electronic, digital fusion, Soundtrack"
Grayscale,3834864,106084,b2be6b95-b13e-4fec-a83b-58edd7818db6,https://www.last.fm/music/Grayscale,0,"pop punk, Gothic Metal, rock"
Martial Solal,697156,106083,13b00208-fff9-4dbd-bfc1-f769c182fbf8,https://www.last.fm/music/Martial+Solal,0,"jazz, piano, french"
Carin Leon,2142799,106054,,https://www.last.fm/music/Carin+Leon,0,"mexico, 2, Sierreno"
charlieonnafriday,1491938,106032,,https://www.last.fm/music/charlieonnafriday,0,"pop, Hip-Hop, seen live"
KIDD KEO,4269719,105973,,https://www.last.fm/music/KIDD+KEO,0,"trap, spain, spanish"
Aperture Science Psychoacoustic Laboratories,2049260,105962,,https://www.last.fm/music/Aperture+Science+Psychoacoustic+Laboratories,0,"Soundtrack, electronic, ambient"
Caloncho,1592925,105950,,https://www.last.fm/music/Caloncho,0,"folk, spanish, mexico"
Lomepal,7576168,105947,5386511f-b7bd-4058-9b5e-2c5dc426e1c9,https://www.last.fm/music/Lomepal,0,"Hip-Hop, french, rap"
Imminence,4073575,105937,431ed486-4606-485a-b11d-f05feb860257,https://www.last.fm/music/Imminence,0,"metalcore, post-hardcore, swedish"
Hungria Hip Hop,2316470,105937,,https://www.last.fm/music/Hungria+Hip+Hop,0,"hip hop, brazil, All"
Jazzy,682728,105908,aa1cbee5-a8c8-48bd-ba35-326eb32c7c94,https://www.last.fm/music/Jazzy,0,"pop, soul, rnb"
Sydney Rose,843576,105826,1b8c2534-f4fd-47bd-b8b9-c869623fba78,https://www.last.fm/music/Sydney+Rose,0,"pop, rise, Sydney Rose"
Nive,1452662,105794,,https://www.last.fm/music/Nive,0,"Korean, pop, singer-songwriter"
S.E.S.,2146447,105782,62814dab-64fe-4b70-b870-81c0145ba552,https://www.last.fm/music/S.E.S.,0,"k-pop, Korean, Kpop"
Frank Sativa,896956,105739,,https://www.last.fm/music/Frank+Sativa,0,"american, kansas"
annapantsu,1858595,105730,,https://www.last.fm/music/annapantsu,0,"cover, canada, Canadian"
Kevin Atwater,1075565,105723,,https://www.last.fm/music/Kevin+Atwater,0,"pop, indie, queer"
DIA,3472186,105661,4c6537d0-be4d-4c80-892d-6b9be412b783,https://www.last.fm/music/DIA,0,"k-pop, pop, Korean"
KNOWER,1943745,105624,b6014a14-a511-4004-b17a-636450edabec,https://www.last.fm/music/KNOWER,0,"electronic, seen live, experimental"
Ramsey,1294098,105546,1bf293ec-dab6-4403-afad-2c82cb5ac470,https://www.last.fm/music/Ramsey,0,"electronic, dark pop, pop"
jonah kagen,967998,105545,,https://www.last.fm/music/jonah+kagen,0,"pop, american, Passion of Discovery"
Roy Montgomery,1155095,105505,f7017559-4045-4ae7-b819-83e06a415b31,https://www.last.fm/music/Roy+Montgomery,0,"post-rock, space rock, ambient"
Little Jesus,2587511,105496,,https://www.last.fm/music/Little+Jesus,0,"mexico, seen live, TropiPop"
MIIA,937055,105467,,https://www.last.fm/music/MIIA,0,"pop, swedish, french"
Morgenshtern,3838875,105461,,https://www.last.fm/music/Morgenshtern,0,"folk metal, industrial, noise"
Deko,3122610,105417,1475c892-0079-4347-8d9d-549fbbbe7e86,https://www.last.fm/music/Deko,0,"canada, toronto, trap"
Wind Rose,2060776,105367,592b488d-dd42-4d9a-a343-d7ca4f69d0bb,https://www.last.fm/music/Wind+Rose,0,"Power metal, Progressive metal, folk metal"
Tarcísio do Acordeon,2247220,105236,,https://www.last.fm/music/Tarc%C3%ADsio+do+Acordeon,0,"brazil, brasil, screamo"
0to8,974032,105173,,https://www.last.fm/music/0to8,0,
Lloyd Vaan,1430840,105156,,https://www.last.fm/music/Lloyd+Vaan,0,"trance, electronic, indie"
Enjambre,5608873,105082,acc7cb5a-8f3a-4f61-b199-a62d45374dec,https://www.last.fm/music/Enjambre,0,"indie, indie rock, alternative"
Rory Webley,1653828,105075,,https://www.last.fm/music/Rory+Webley,0,"indie, pop, USA"
Brave Little Abacus,3983656,105068,,https://www.last.fm/music/Brave+Little+Abacus,0,"midwest emo, math rock, emo"
Xxtarlit⚸,2122839,105068,,https://www.last.fm/music/Xxtarlit%E2%9A%B8,0,"breakcore, hexd, noise"
alex g online,1584574,105058,,https://www.last.fm/music/alex+g+online,0,"singer-songwriter, indie, lofi"
fnonose,818269,105041,,https://www.last.fm/music/fnonose,0,"electronic, Lo-Fi, Norway"
Cristiano Araújo,1840788,104953,bbd367e4-cd91-459f-8437-9ef3fe67a6ab,https://www.last.fm/music/Cristiano+Ara%C3%BAjo,0,"sertanejo, Sertanejo Universitario, brazilian"
Silver Mt. Zion,1524577,104895,,https://www.last.fm/music/Silver+Mt.+Zion,0,"post-rock, experimental, instrumental"
Taco Hemingway,28089935,104882,,https://www.last.fm/music/Taco+Hemingway,0,"seen live, rap, Hip-Hop"
Abby Sage,575514,104782,,https://www.last.fm/music/Abby+Sage,0,"pop, indie pop, indie"
DP Beats,992763,104734,,https://www.last.fm/music/DP+Beats,0,"trap, plugg, glo gang"
Calcinha Preta,2825263,104714,0e3f5f4e-4ae1-422b-b451-298f87a8c922,https://www.last.fm/music/Calcinha+Preta,0,"Forro, brazilian, brazil"
okaywill,482132,104710,,https://www.last.fm/music/okaywill,0,"indie pop, USA, south carolina"
Night Tapes,881053,104671,,https://www.last.fm/music/Night+Tapes,0,"dream pop, shoegaze, electronic"
Frederic,2633915,104649,d39e558e-d222-4a1a-a807-d169be5c0237,https://www.last.fm/music/Frederic,0,"psychedelic, J-rock, bard"
ODECORE,1888445,104645,,https://www.last.fm/music/ODECORE,0,
yosuf,2112403,104605,,https://www.last.fm/music/yosuf,0,"electronic, USA, Hard Dance"
Ritchie,720286,104583,f9c78c5d-205a-4339-a1d4-9f93e1a91ae4,https://www.last.fm/music/Ritchie,0,"80s, rock, brazil"
DJ Grumble,712092,104576,,https://www.last.fm/music/DJ+Grumble,0,"Hip-Hop, hip hop, instrumental"
Devita,1602813,104528,,https://www.last.fm/music/Devita,0,"pop, Korean, k-pop"
RIN,5620987,104519,862b8567-9dee-43e8-8c83-e968c1d0e477,https://www.last.fm/music/RIN,0,"japanese, j-pop, instrumental"
Shermanology,538615,104439,580893fe-dfcc-4263-89ed-e870a1e7458b,https://www.last.fm/music/Shermanology,0,"electronic, dance, curacao"
Holly Macve,475192,104393,,https://www.last.fm/music/Holly+Macve,0,"folk, country, ireland"
Aviões do Forró,1867797,104360,b1cfc5be-c703-4141-a251-05e2b915f9f0,https://www.last.fm/music/Avi%C3%B5es+do+Forr%C3%B3,0,"Forro, brazilian, nordeste"
Dylan Scott,1302528,104343,6f614d38-ad89-4130-9aef-835ad53c9653,https://www.last.fm/music/Dylan+Scott,0,"furry, furrycore, breakcore"
Palastic,669415,104247,,https://www.last.fm/music/Palastic,0,"pop, dance, Austria"
Sophie May,701333,104241,,https://www.last.fm/music/Sophie+May,0,"indie, indie pop, indie rock"
Rocket Punch,5022549,104196,,https://www.last.fm/music/Rocket+Punch,0,"k-pop, Korean, pop"
60 juno,625925,104087,,https://www.last.fm/music/60+juno,0,"alternative, USA, Post punk"
Bodega,1118148,104084,a3926486-a765-4dec-8ff2-a11e241d0e51,https://www.last.fm/music/Bodega,0,"post-punk, Crank wave, indie rock"
GLWKMOD,650709,104039,,https://www.last.fm/music/GLWKMOD,0,
Tom Santa,630474,104034,,https://www.last.fm/music/Tom+Santa,0,australia
Chris Jedi,1024064,104016,,https://www.last.fm/music/Chris+Jedi,0,"Hip-Hop, latin, Reggaeton"
Tz da Coronel,3521378,104006,,https://www.last.fm/music/Tz+da+Coronel,0,"trap, Hip-Hop, rap"
Wheeler Walker Jr.,1269107,103981,,https://www.last.fm/music/Wheeler+Walker+Jr.,0,"country, comedy, country rock"
Chris Remo,1527535,103977,79a68eda-2f67-45af-a7b4-328d73544dc8,https://www.last.fm/music/Chris+Remo,0,"rock, video game music, baboo"
DE'WAYNE,1260277,103976,,https://www.last.fm/music/DE%27WAYNE,0,"rap, alternative, seen live"
Crush 40,3153883,103963,b5404b0a-2f16-4926-ac87-a7af655ec54e,https://www.last.fm/music/Crush+40,0,"hard rock, rock, video game music"
Calibre 50,2181190,103945,28c7230b-cf8f-49c8-aac9-92d36fb7a067,https://www.last.fm/music/Calibre+50,0,"mexico, BANDA, latin"
Larry Lovestein & The Velvet Revival,1291544,103855,31c3554c-5c1e-4ca8-b2f5-54508d84b570,https://www.last.fm/music/Larry+Lovestein+&+The+Velvet+Revival,0,"jazz, mac miller, nu jazz"
Invisible,2593921,103841,d6774608-337a-49ee-89a9-55623e515993,https://www.last.fm/music/Invisible,0,"Progressive rock, Rock Argentino, argentina"
Woesum,3346776,103833,,https://www.last.fm/music/Woesum,0,"electronic, cloud rap, Sweden"
Life On Venus,1237748,103811,,https://www.last.fm/music/Life+On+Venus,0,"shoegaze, dream pop, indie"
ギヴン,1504416,103792,,https://www.last.fm/music/%E3%82%AE%E3%83%B4%E3%83%B3,0,"japanese, rock, anime"
Khamari,872807,103791,,https://www.last.fm/music/Khamari,0,"pop, USA, rnb"
kets4eki,3601185,103788,,https://www.last.fm/music/kets4eki,0,"Rave, electronic, dance"
Barbara Pravi,1789447,103711,,https://www.last.fm/music/Barbara+Pravi,0,"chanson, pop, french"
Alex Rose,1555505,103661,,https://www.last.fm/music/Alex+Rose,0,"USA, urban, latin"
hakushi hasegawa,1738924,103647,,https://www.last.fm/music/hakushi+hasegawa,0,"jazz, japanese, breakcore"
Chase Icon,2595219,103644,,https://www.last.fm/music/Chase+Icon,0,"pc music inspired, hyperpop, electropop"
Kids That Fly,765785,103572,,https://www.last.fm/music/Kids+That+Fly,0,"indie pop, indie rock, USA"
Gerry Mulligan Sextet,730008,103564,be86d9c6-4228-489d-9928-91d766b83b94,https://www.last.fm/music/Gerry+Mulligan+Sextet,0,"jazz, saxophone, USA"
Landon Conrath,1228817,103503,,https://www.last.fm/music/Landon+Conrath,0,"electronic, Minnesota, indie pop"
Bobby V.,696891,103488,,https://www.last.fm/music/Bobby+V.,0,"rnb, trance, pop"
Mackned,1337178,103488,,https://www.last.fm/music/Mackned,0,"cloud rap, trap, emo rap"
Mindful Measures,970842,103486,,https://www.last.fm/music/Mindful+Measures,0,nature sounds
Shankar Mahadevan,1215728,103467,bdbafa57-cf3f-4b7e-b956-fb6e0071ecd4,https://www.last.fm/music/Shankar+Mahadevan,0,"Hindi, bollywood, Indian"
Remember Sports,2373655,103461,,https://www.last.fm/music/Remember+Sports,0,"indie rock, indie, power pop"
Derek,8213718,103456,946ab8cd-2786-46e0-9d39-eb2c078226a5,https://www.last.fm/music/Derek,0,"trap, rock, instrumental"
Sitcom,765995,103442,,https://www.last.fm/music/Sitcom,0,"indie pop, alternative pop, indie"
Traitrs,1150364,103422,,https://www.last.fm/music/Traitrs,0,"post-punk, Gothic Rock, canada"
Alejo,1429010,103421,,https://www.last.fm/music/Alejo,0,"latin, bass, Reggaeton"
Toco,864510,103415,cab1a16f-a193-42ee-a5a5-a5037bfe03b8,https://www.last.fm/music/Toco,0,"Bossa Nova, brazil, latin"
griselda,2225282,103415,e2a7b748-77a8-4a8a-8495-7e58931bc0c3,https://www.last.fm/music/griselda,0,"rap, Hip-Hop, Gangsta Rap"
Summer Cem,2526338,103366,11f4adc5-afc5-4b6b-b6dd-f2c0aeb578f4,https://www.last.fm/music/Summer+Cem,0,"Deutschrap, rap, ersguterjunge"
BNNY,527175,103349,,https://www.last.fm/music/BNNY,0,"indie pop, Lo-Fi, slowcore"
zheani,2756718,103341,,https://www.last.fm/music/zheani,0,"trap, Trap Metal, rap"
Los Temerarios,1630643,103330,b77c86fb-8b31-44d3-95fe-398fbb12c7ce,https://www.last.fm/music/Los+Temerarios,0,"mexico, latin, Baladas"
Jorge Ben & Toquinho,592416,103314,19499124-36d4-4ccc-b28d-04dde3d2076f,https://www.last.fm/music/Jorge+Ben+&+Toquinho,0,"brasil, classic rock, heavy metal"
Jengi,576898,103293,,https://www.last.fm/music/Jengi,0,"electronic, trance, dance"
Mc Gabzin,1405492,103260,,https://www.last.fm/music/Mc+Gabzin,0,"brazilian funk, funk bh"
Lil God Dan,1680773,103246,,https://www.last.fm/music/Lil+God+Dan,0,cloud rap
Mathbonus,911701,103224,efbfaaa6-879f-4867-aac3-c95a56131942,https://www.last.fm/music/Mathbonus,0,"witch house, ambient, downtempo"
Nekfeu,10200564,103195,d721866d-5640-44ee-87f7-23dd062abd8a,https://www.last.fm/music/Nekfeu,0,"rap, Hip-Hop, french"
Esbe,869931,103190,53368f3a-0459-4d39-805f-16652109da8a,https://www.last.fm/music/Esbe,0,"trip-hop, instrumental hip-hop, downtempo"
Lambo4oe,890323,103188,,https://www.last.fm/music/Lambo4oe,0,
Neru,1817101,103183,eb38967c-9db5-441d-8ec6-4f63dc672e42,https://www.last.fm/music/Neru,0,"vocaloid, chillout, japanese"
My Dead Girlfriend,3019669,103150,e5cdf85f-cc1b-4fa2-be52-ef88360e4127,https://www.last.fm/music/My+Dead+Girlfriend,0,"shoegaze, dream pop, japanese"
Surprise Chef,1028658,103099,,https://www.last.fm/music/Surprise+Chef,0,"jazz, australian, funk"
Banda Calypso,4725187,103061,49c2fb4d-5bb4-4b88-834e-79431dcfab08,https://www.last.fm/music/Banda+Calypso,0,"calypso, Brega, Forro"
Jung Seung Hwan,1583670,103041,,https://www.last.fm/music/Jung+Seung+Hwan,0,"Korean, Ballad, ost"
5 A Seco,3206867,103010,30c47264-546d-488f-a7c5-370a9c5068ff,https://www.last.fm/music/5+A+Seco,0,"mpb, brazilian, alternative"
Veeze,4637145,102949,,https://www.last.fm/music/Veeze,0,"rap, hip hop, detroit"
JBEE,1757782,102929,,https://www.last.fm/music/JBEE,0,seen live
Ananda,1252351,102924,f729fd77-2578-4195-a295-835a966521de,https://www.last.fm/music/Ananda,0,"screamo, metalcore, chaotic hardcore"
Jaloo,5574742,102914,,https://www.last.fm/music/Jaloo,0,"brazilian, electronic, alternative"
Nabihah Iqbal,801186,102870,,https://www.last.fm/music/Nabihah+Iqbal,0,"dream pop, electronic, female vocalists"
Varg²™,2345508,102846,,https://www.last.fm/music/Varg%C2%B2%E2%84%A2,0,"techno, ambient, minimal techno"
Syzz,581272,102821,,https://www.last.fm/music/Syzz,0,"dutch, electronic, House"
Luan Pereira,1279060,102793,,https://www.last.fm/music/Luan+Pereira,0,"brazil, brazilian, sertanejo"
Orgânico,1326456,102775,,https://www.last.fm/music/Org%C3%A2nico,0,"hardcore, emo, melodic"
DEVILISH TRIO,3420434,102759,,https://www.last.fm/music/DEVILISH+TRIO,0,"phonk, rap, Hip-Hop"
Tom Cardy,2503094,102753,,https://www.last.fm/music/Tom+Cardy,0,"electronic, comedy, australian"
Sea of Lettuce,616794,102739,,https://www.last.fm/music/Sea+of+Lettuce,0,"indie, indie rock, canada"
L'Rain,1274705,102711,,https://www.last.fm/music/L%27Rain,0,"Neo-Soul, Neo-Psychedelia, art pop"
NU'EST W,1647157,102610,,https://www.last.fm/music/NU%27EST+W,0,"k-pop, Korean, nuest"
Kawe,1335034,102559,,https://www.last.fm/music/Kawe,0,"rap, brasil, trap"
49th & Main,737451,102506,,https://www.last.fm/music/49th+&+Main,0,"electronic, House, electropop"
Brenn!,821461,102489,,https://www.last.fm/music/Brenn%21,0,"indie, folk, singer-songwriter"
Loving Caliber,1244916,102478,,https://www.last.fm/music/Loving+Caliber,0,"swedish, indie, indie pop"
1986 OMEGA TRIBE,1045708,102467,0af3229f-5885-4e06-9d79-9e7491e18d1f,https://www.last.fm/music/1986+OMEGA+TRIBE,0,"city pop, japanese, j-pop"
Atitude 67,1648205,102451,,https://www.last.fm/music/Atitude+67,0,brazil
Kacy & Clayton,838600,102451,e1dbae23-0f9f-4c60-b142-4e31434d8c34,https://www.last.fm/music/Kacy+&+Clayton,0,"folk, country, seen live"
ConeCrewDiretoria,4167140,102450,a021225f-6b8b-47ee-bdfe-67d97447348e,https://www.last.fm/music/ConeCrewDiretoria,0,"rap, hip hop, underground"
Jimmy Brown,2157664,102430,e545c126-0ca5-483b-8369-f4a87fd5ee93,https://www.last.fm/music/Jimmy+Brown,0,"indie, Korean, k-rnb"
Odd Mob,779578,102427,,https://www.last.fm/music/Odd+Mob,0,"electronic, dance, House"
Born Without Bones,1689206,102407,756d7448-75e0-4ab4-80a3-3aaed8c32929,https://www.last.fm/music/Born+Without+Bones,0,"pop punk, indie rock, alternative rock"
Natori,1462535,102398,,https://www.last.fm/music/Natori,0,"japanese, japan"
фрози,1050038,102349,,https://www.last.fm/music/%D1%84%D1%80%D0%BE%D0%B7%D0%B8,0,"instrumental hip-hop, beats, new jazz"
MC Rick,1711112,102349,,https://www.last.fm/music/MC+Rick,0,"brazilian, baile funk, funk erudito"
Chris James,1076807,102316,,https://www.last.fm/music/Chris+James,0,"tech house, electronic, pop"
Sam MacPherson,875942,102314,,https://www.last.fm/music/Sam+MacPherson,0,USA
Kofi Stone,1316008,102302,,https://www.last.fm/music/Kofi+Stone,0,"Hip-Hop, hip hop, rap"
Meaningful Stone,1791852,102286,,https://www.last.fm/music/Meaningful+Stone,0,"indie rock, Korean, k-indie"
Cindy,825608,102267,9a89e8e1-bc7b-47b3-8264-f8876972c61d,https://www.last.fm/music/Cindy,0,"eurobeat, female vocalists, japanese"
Jordy Searcy,910455,102238,,https://www.last.fm/music/Jordy+Searcy,0,"alternative, american, male vocalists"
The Newton Brothers,1440365,102237,6917e4c4-f496-4a6f-a44b-c237261222ff,https://www.last.fm/music/The+Newton+Brothers,0,"Soundtrack, composer, ambient"
DNMO,1003156,102235,,https://www.last.fm/music/DNMO,0,"UK, Drum and bass, future bass"
DAGames,2099517,102233,,https://www.last.fm/music/DAGames,0,"otacore, electropop, british"
Yuju,2245094,102161,,https://www.last.fm/music/Yuju,0,"pop, k-pop, Smooth Jazz"
Quin NFN,1407828,102110,,https://www.last.fm/music/Quin+NFN,0,"Hip-Hop, rap, american"
Jam City,1166612,102110,1017c0b1-8219-4527-bc09-b32991bb8748,https://www.last.fm/music/Jam+City,0,"electronic, House, night slugs"
Dylan Conrique,982074,102055,,https://www.last.fm/music/Dylan+Conrique,0,"pop, USA, american"
Jun Togawa,1450562,102003,,https://www.last.fm/music/Jun+Togawa,0,"new wave, japanese, punk"
Aaron Frazer,664989,101998,,https://www.last.fm/music/Aaron+Frazer,0,"soul, pop, rock"
Bill Ryder-Jones,1161582,101941,1d58d218-e1bb-469c-bfa6-91d85755c6de,https://www.last.fm/music/Bill+Ryder-Jones,0,"indie, folk, british"
Christopher Wilde,855736,101922,,https://www.last.fm/music/Christopher+Wilde,0,"pop, Disney, male vocalists"
Granular,12169555,101883,,https://www.last.fm/music/Granular,0,"noise, ambient, experimental"
Giriboy,2765340,101817,197077b0-559a-4875-9816-b848d47b59e9,https://www.last.fm/music/Giriboy,0,"Korean, Hip-Hop, rap"
pinocchioP,4323518,101797,,https://www.last.fm/music/pinocchioP,0,"vocaloid, japanese, electronic"
GUGUDAN,2771206,101791,,https://www.last.fm/music/GUGUDAN,0,"k-pop, pop, Korean"
Numl6ck,1761102,101772,,https://www.last.fm/music/Numl6ck,0,"hyperpop, us, post-indie"
Rocketship,1204452,101747,eac97210-6b86-46a3-85fb-62fa350b9bab,https://www.last.fm/music/Rocketship,0,"indie pop, shoegaze, twee"
H.I.N.P (Hot Issue of Ntl. Producers),1331440,101665,,https://www.last.fm/music/H.I.N.P+(Hot+Issue+of+Ntl.+Producers),0,"Korean, k-pop, pop"
hannah jadagu,602156,101603,,https://www.last.fm/music/hannah+jadagu,0,"indie pop, dream pop, female vocalists"
veggi,575272,101596,,https://www.last.fm/music/veggi,0,"House, lo-fi house, Disco"
Mgła,7220069,101587,e7b4c928-8c45-4ecf-9f08-da64fe5c2ddd,https://www.last.fm/music/Mg%C5%82a,0,"black metal, polish black metal, polish"
park bird,992068,101549,,https://www.last.fm/music/park+bird,0,"Hip-Hop, hip hop, instrumental hip-hop"
Knowsum,490539,101536,176186ff-c212-4732-9f02-eecfd83b14f6,https://www.last.fm/music/Knowsum,0,"Hip-Hop, hip hop, soul"
J. Worra,651187,101498,,https://www.last.fm/music/J.+Worra,0,"seen live, House, USA"
SECRET NUMBER,2001290,101456,,https://www.last.fm/music/SECRET+NUMBER,0,"k-pop, pop, Kpop"
Vandelux,691248,101408,,https://www.last.fm/music/Vandelux,0,"chillout, House, electronic"
Devon Cole,923903,101385,,https://www.last.fm/music/Devon+Cole,0,"pop, Canadian, canada"
6YNTHMANE,932200,101358,,https://www.last.fm/music/6YNTHMANE,0,"brazil, brazilian, polish"
Halo,1182917,101206,c4218fef-24e0-4273-ac85-a17b4c305faf,https://www.last.fm/music/Halo,0,"Sludge, noise, drone"
Dark Cat,1348160,101199,,https://www.last.fm/music/Dark+Cat,0,"future bass, electronic, bubblegum bass"
BaianaSystem,3878207,101154,15741996-1794-42a8-a2c7-1ce3e32d0d75,https://www.last.fm/music/BaianaSystem,0,"dub, mpb, brazilian"
Sweet Pill,1377985,101123,,https://www.last.fm/music/Sweet+Pill,0,"emo, pop punk, midwest emo"
Perlla,637170,101107,2a6b7ba8-acd1-494d-bb6c-a7e6fb76d8dc,https://www.last.fm/music/Perlla,0,"funk, pop, brazilian"
i hate sex,2668281,101082,,https://www.last.fm/music/i+hate+sex,0,"screamo, emo, skramz"
LPB Poody,852947,101062,,https://www.last.fm/music/LPB+Poody,0,"rap, USA, hiphop"
Boosie Badazz,1254046,101038,,https://www.last.fm/music/Boosie+Badazz,0,"rap, Hip-Hop, hip hop"
Dyl Dion,1027713,100989,,https://www.last.fm/music/Dyl+Dion,0,indie pop
MEGAMI,550592,100946,,https://www.last.fm/music/MEGAMI,0,
DJ BJ,1324239,100873,,https://www.last.fm/music/DJ+BJ,0,suicideboys
Black Gryph0n,1521046,100860,,https://www.last.fm/music/Black+Gryph0n,0,"trance, electronic, USA"
Trillian,837051,100838,df86b6ef-cb6c-4d40-9fc0-e447d0cad01e,https://www.last.fm/music/Trillian,0,"indiepostprog, indie, seen live"
Gizmo Varillas,731764,100833,,https://www.last.fm/music/Gizmo+Varillas,0,"spanish, indie, folk"
DAWN 던,1193700,100828,,https://www.last.fm/music/DAWN+%EB%8D%98,0,"rap, Korean, k-pop"
7!!,1594850,100796,6a0a2bb6-3eee-4afe-9929-09bf76fd8618,https://www.last.fm/music/7%21%21,0,"j-pop, japanese, pop"
Hideki Naganuma,2061647,100795,24164692-3223-48bf-9cea-2a76b5afce94,https://www.last.fm/music/Hideki+Naganuma,0,"video game music, electronic, Soundtrack"
Steam Powered Giraffe,3174124,100783,101c4754-1dc7-4c0f-92b9-49d8063d63da,https://www.last.fm/music/Steam+Powered+Giraffe,0,"steampunk, cabaret, folk"
Dikembe,1820985,100770,d531f213-48c6-42a2-a242-b67e737736cb,https://www.last.fm/music/Dikembe,0,"emo, punk, indie rock"
ADOY,1729031,100766,,https://www.last.fm/music/ADOY,0,"dream pop, Korean, k-indie"
p-rallel,897123,100745,,https://www.last.fm/music/p-rallel,0,"rnb, british, Hip-Hop"
Ronen,1458104,100673,,https://www.last.fm/music/Ronen,0,"emo rap, seen live, rap"
Meth Wax,1672255,100664,,https://www.last.fm/music/Meth+Wax,0,"Lo-Fi, indie, Garage Punk"
Wuki,534349,100609,015c7544-cffe-4f5f-a679-b63070a03fe3,https://www.last.fm/music/Wuki,0,"House, electronic, uk funky"
Therapie TAXI,2588305,100578,,https://www.last.fm/music/Therapie+TAXI,0,"french, synthpop, indie pop"
Glitterer,1363254,100532,,https://www.last.fm/music/Glitterer,0,"indie, punk, dream pop"
Taiu,1553184,100482,,https://www.last.fm/music/Taiu,0,"pop, argentina, Jerk"
DJ-JO,1149778,100477,55662914-0a47-44e3-b868-c7b569c9e26e,https://www.last.fm/music/DJ-JO,0,"electronic, USA, remix"
Cloudy June,1185037,100462,,https://www.last.fm/music/Cloudy+June,0,"pop, german, electronic"
Ebony,3335475,100420,f8a41452-6b97-4642-82bd-c863a25e0802,https://www.last.fm/music/Ebony,0,"90s, brazil, ghana"
Kadu Martins,905433,100343,,https://www.last.fm/music/Kadu+Martins,0,Forro
Sinéad Harnett,791672,100281,,https://www.last.fm/music/Sin%C3%A9ad+Harnett,0,"soul, rnb, british"
sincewhen,1250135,100235,,https://www.last.fm/music/sincewhen,0,"trap, cloud rap, emo rap"
The Obsessives,1308049,100216,,https://www.last.fm/music/The+Obsessives,0,"punk, emo, indie rock"
George Salazar,1175992,100198,,https://www.last.fm/music/George+Salazar,0,USA
Stereoclip,795809,100166,820c0e8b-7141-4d25-876f-aed2cf5fe121,https://www.last.fm/music/Stereoclip,0,"minimal techno, electronic, techno"
Ratboys,1417995,100124,,https://www.last.fm/music/Ratboys,0,"indie, seen live, wrong name"
Reuben James,479361,99944,,https://www.last.fm/music/Reuben+James,0,"jazz, soul, rnb"
This Cold Night,1320968,99901,,https://www.last.fm/music/This+Cold+Night,0,"post-punk, darkwave, coldwave"
Ethan Tasch,572078,99881,,https://www.last.fm/music/Ethan+Tasch,0,"indie, alternative, folk"
Michael Small,581812,99869,b8e68967-8600-4adb-8df4-f3c3963f9fc2,https://www.last.fm/music/Michael+Small,0,"Soundtrack, composer, instrumental"
sombr,1009263,99823,,https://www.last.fm/music/sombr,0,"noise, indie, alternative"
Gotts Street Park,533554,99762,,https://www.last.fm/music/Gotts+Street+Park,0,"jazz, soul, british"
mo beats,1019984,99723,,https://www.last.fm/music/mo+beats,0,"bass, instrumental hip hop, internet"
Cynthia Erivo,838151,99711,,https://www.last.fm/music/Cynthia+Erivo,0,"soul, british, rnb"
Blessd,1865468,99596,,https://www.last.fm/music/Blessd,0,"Colombia, urbano, Latin Trap"
Wilee,581845,99550,,https://www.last.fm/music/Wilee,0,phonk
Austin Weber,1273459,99541,,https://www.last.fm/music/Austin+Weber,0,"youtube, United States, Viral"
Hachi,1713967,99503,facec148-bffd-4c17-9eab-c0819af8f70f,https://www.last.fm/music/Hachi,0,"electronica, netlabel, interdisco"
Satanicpornocultshop,1552604,99502,33b14bb3-6eba-48f9-a6cd-de9292755917,https://www.last.fm/music/Satanicpornocultshop,0,"experimental, electronic, breakcore"
Warmduscher,966190,99426,b16adb84-43fd-44bd-bf0d-9b2af18f1fac,https://www.last.fm/music/Warmduscher,0,"post-punk, Crank wave, Garage Rock"
Di Melo,1580625,99328,06f60a76-ffe5-44b8-b78b-2455e3850f0c,https://www.last.fm/music/Di+Melo,0,"brazilian, funk, samba"
Alemeda,719266,99320,,https://www.last.fm/music/Alemeda,0,"rnb, pop, ethiopia"
The Long Faces,1091974,99294,,https://www.last.fm/music/The+Long+Faces,0,"Psychedelic Rock, rock, british"
Drug Store Romeos,698972,99261,,https://www.last.fm/music/Drug+Store+Romeos,0,"dream pop, indie pop, indie"
KANGDANIEL,2114414,99225,,https://www.last.fm/music/KANGDANIEL,0,"k-pop, pop, Korean"
Sad Lovers & Giants,1075493,99224,,https://www.last.fm/music/Sad+Lovers+&+Giants,0,"post-punk, new wave, 80s"
Charley Crockett,2770458,99193,,https://www.last.fm/music/Charley+Crockett,0,"country, americana, blues"
Worst party ever,4226954,99193,,https://www.last.fm/music/Worst+party+ever,0,"emo, punk, indie rock"
Tomaso Albinoni,566281,99186,83903121-f611-4875-984c-673ae7173e56,https://www.last.fm/music/Tomaso+Albinoni,0,"Classical, baroque, italian"
Ha*Ash,1850632,99156,16f146da-deef-4f07-9bbf-e4922c27067e,https://www.last.fm/music/Ha%2AAsh,0,"latin, spanish, latin pop"
Dj Wesley Gonzaga,1120915,99138,,https://www.last.fm/music/Dj+Wesley+Gonzaga,0,"funk, brazil, baile funk"
Michael Cera Palin,2078396,99128,,https://www.last.fm/music/Michael+Cera+Palin,0,"indie, math rock, emo"
CRI,875120,99126,1a50f850-7e1e-47f9-85ea-90d150eaebc0,https://www.last.fm/music/CRI,0,"electronic, ambient, downtempo"
RAF Camora,7535661,99046,a5386648-7b2c-4e0a-8094-ac5d16b91e54,https://www.last.fm/music/RAF+Camora,0,"rap, Deutschrap, Hip-Hop"
フレネシ,1300850,98955,3ad010e3-453d-433d-bb87-f9c19e8424d6,https://www.last.fm/music/%E3%83%95%E3%83%AC%E3%83%8D%E3%82%B7,0,"female vocalists, japanese, j-pop"
Your Neighbors,1408294,98866,,https://www.last.fm/music/Your+Neighbors,0,"indie, alternative, indie rock"
The Stupendium,2074848,98862,,https://www.last.fm/music/The+Stupendium,0,"nerdcore, british, UK"
Dybbukk Covers,545139,98856,,https://www.last.fm/music/Dybbukk+Covers,0,
Benches,1250738,98767,,https://www.last.fm/music/Benches,0,"indie rock, Garage Rock"
Chanmina,2510960,98763,,https://www.last.fm/music/Chanmina,0,"better than selena gomez, chanmina, j-pop"
Tatsuro Yamashita,1081729,98745,,https://www.last.fm/music/Tatsuro+Yamashita,0,"j-pop, japanese, pop"
Kontra K,5759987,98674,6b25f301-8144-4e5b-80b9-0b23ce6dbab7,https://www.last.fm/music/Kontra+K,0,"Deutschrap, rap, german"
r mccarthy,501746,98658,,https://www.last.fm/music/r+mccarthy,0,"indie pop, Lo-Fi, indietronica"
KIKIYAMA,2394551,98631,fe136149-4eab-41fd-a5bb-ff7481dbfbb2,https://www.last.fm/music/KIKIYAMA,0,"ambient, dark ambient, electronic"
David Shawty,3310764,98549,,https://www.last.fm/music/David+Shawty,0,"glitchcore, plugg, Hip-Hop"
Onze:20,1481134,98496,64665bd1-fe53-4507-b998-0c0d49910f25,https://www.last.fm/music/Onze:20,0,"reggae, brazilian, pop rock"
Dyamante DJ,571313,98491,,https://www.last.fm/music/Dyamante+DJ,0,"funk, brazilian, Funk Carioca"
College & Electric Youth,724324,98453,,https://www.last.fm/music/College+&+Electric+Youth,0,"synthpop, electronic, french"
"Hank Williams, Jr.",1938518,98448,,"https://www.last.fm/music/Hank+Williams,+Jr.",0,"country, outlaw country, Southern Rock"
Cruza,703050,98427,,https://www.last.fm/music/Cruza,0,"indie pop, Lo-Fi, dream pop"
Kempachii,1771476,98366,,https://www.last.fm/music/Kempachii,0,San Antonio Rap
Your Arms Are My Cocoon,2441940,98363,,https://www.last.fm/music/Your+Arms+Are+My+Cocoon,0,"screamo, emo, bedroom pop"
Farr,537235,98363,,https://www.last.fm/music/Farr,0,"electronic, electronica, soul"
LADIES' CODE,2675935,98322,46e4a08f-d19d-47a3-8ac1-a59fe978f6a0,https://www.last.fm/music/LADIES%27+CODE,0,"k-pop, Korean, pop"
squirl beats,679167,98278,,https://www.last.fm/music/squirl+beats,0,
Lola Brooke,657679,98196,,https://www.last.fm/music/Lola+Brooke,0,"Hip-Hop, rap, Brooklyn"
bigkaybeezy,1385847,98150,,https://www.last.fm/music/bigkaybeezy,0,"american, drill"
Isabella Lovestory,3265498,98140,,https://www.last.fm/music/Isabella+Lovestory,0,"hONDURAS, Reggaeton, neoperreo"
ARTBAT,872990,98059,,https://www.last.fm/music/ARTBAT,0,"techno, Ukrainian, electronic"
Jesse Barrera,1470402,98056,,https://www.last.fm/music/Jesse+Barrera,0,"acoustic, indie, pop"
Venna,662137,98052,c529a57c-bc28-48f2-bad2-cdacae48c4af,https://www.last.fm/music/Venna,0,"jazz, acoustic, Hip-Hop"
Nu Aspect,834776,98029,,https://www.last.fm/music/Nu+Aspect,0,"deep house, electronic, UK"
TRI.BE,3208348,98019,,https://www.last.fm/music/TRI.BE,0,"k-pop, Korean, Kpop"
Siddhartha,3600548,97995,8245ec59-3254-4277-869c-e657fdb1123d,https://www.last.fm/music/Siddhartha,0,"Progressive rock, rock, krautrock"
Thrown,1518211,97981,84685c35-d12c-454e-87f9-f695767fe235,https://www.last.fm/music/Thrown,0,"metalcore, doom metal, hardcore"
glichery,1031954,97962,,https://www.last.fm/music/glichery,0,
ssshhhiiittt!,3314736,97946,,https://www.last.fm/music/ssshhhiiittt%21,0,"post-punk, russian, Lo-Fi"
Slow Crush,1341831,97938,,https://www.last.fm/music/Slow+Crush,0,"shoegaze, dream pop, post-punk"
Rob Cantor,1669923,97922,02358117-01ea-4ede-b949-b6b93ad9f944,https://www.last.fm/music/Rob+Cantor,0,"rock, indie, alternative rock"
B-Lovee,1818078,97913,,https://www.last.fm/music/B-Lovee,0,"rap, drill, Hip-Hop"
Wonstein,1322770,97909,,https://www.last.fm/music/Wonstein,0,"rap, Korean, soul"
Kim Bo,632900,97897,,https://www.last.fm/music/Kim+Bo,0,
WAVY JONE$,1235337,97829,,https://www.last.fm/music/WAVY+JONE$,0,"rap, Hip-Hop, hip hop"
Clovis Reyes,1185954,97819,,https://www.last.fm/music/Clovis+Reyes,0,"electronic, dance, phonk"
Annie DiRusso,994755,97811,,https://www.last.fm/music/Annie+DiRusso,0,"indie pop, indie, indie rock"
Asha Imuno,460620,97783,,https://www.last.fm/music/Asha+Imuno,0,"rap, alternative hip hop, hip hop"
Meltt,1003242,97652,,https://www.last.fm/music/Meltt,0,"indie rock, rock, alternative"
slō,765972,97568,,https://www.last.fm/music/sl%C5%8D,0,
Tikkle Me,1076621,97552,a22f59e4-bd3a-44e9-91f7-447a4aae76da,https://www.last.fm/music/Tikkle+Me,0,"synthpop, electronic, seen live"
Kill Eva,1188404,97545,,https://www.last.fm/music/Kill+Eva,0,booba
Angelus,2158023,97516,80635353-f48e-4118-a835-b85905af36d5,https://www.last.fm/music/Angelus,0,"hyperpop, thrash metal, trap"
Autumn's Grey Solace,1831987,97510,2f0c6064-1503-4a69-a580-9da411985772,https://www.last.fm/music/Autumn%27s+Grey+Solace,0,"ethereal, dream pop, shoegaze"
Jenni Rivera,1976365,97502,bc6826d1-955f-44e3-9502-266e70213502,https://www.last.fm/music/Jenni+Rivera,0,"boobs, busty, breasts"
Young Mc,514908,97429,,https://www.last.fm/music/Young+Mc,0,"Hip-Hop, rap, old school"
Public Library Commute,926718,97414,,https://www.last.fm/music/Public+Library+Commute,0,"Hip-Hop, chillout, indie"
Majiko,1969790,97398,,https://www.last.fm/music/Majiko,0,"j-pop, japanese, pop"
X1,2294553,97389,,https://www.last.fm/music/X1,0,"Kpop, k-pop, Korean"
Tia Blake,863996,97384,,https://www.last.fm/music/Tia+Blake,0,"folk, 70s, female vocalists"
Nelson Cavaquinho,1141110,97378,208f9d6d-430b-4c44-9a97-cfc624fec1c3,https://www.last.fm/music/Nelson+Cavaquinho,0,"samba, brasil, mpb"
DJ CAYOO,1014371,97362,,https://www.last.fm/music/DJ+CAYOO,0,"MTG, funk bh"
EVADE FROM 宇宙,693083,97314,,https://www.last.fm/music/EVADE+FROM+%E5%AE%87%E5%AE%99,0,japanese
Scorey,3269880,97296,,https://www.last.fm/music/Scorey,0,"rap, pop rock, Hip-Hop"
chat pile,2403544,97282,,https://www.last.fm/music/chat+pile,0,"noise rock, Sludge, sludge metal"
Brand of Sacrifice,2918911,97243,,https://www.last.fm/music/Brand+of+Sacrifice,0,"deathcore, Technical Deathcore, brutal deathcore"
Anna Tsuchiya,2679555,97231,,https://www.last.fm/music/Anna+Tsuchiya,0,"J-rock, japanese, j-pop"
wowaka,1607069,97229,,https://www.last.fm/music/wowaka,0,"vocaloid, japanese, electronic"
Kurtains,4771931,97206,,https://www.last.fm/music/Kurtains,0,"digicore, slowsilver03, trap"
TUYU,5771502,97110,,https://www.last.fm/music/TUYU,0,"rock, japanese, J-rock"
MC Menor da VG,930162,97105,,https://www.last.fm/music/MC+Menor+da+VG,0,"funk, brasil, mpb"
Denise Julia,1985631,97071,,https://www.last.fm/music/Denise+Julia,0,"rnb, booba, milkers"
Nitty Gritty Dirt Band,840336,97069,,https://www.last.fm/music/Nitty+Gritty+Dirt+Band,0,"country, bluegrass, folk"
Rahat Fateh Ali Khan,1466247,97053,014431e3-c5a3-4a57-b86b-fe8f2e3253ff,https://www.last.fm/music/Rahat+Fateh+Ali+Khan,0,"sufi, pakistani, qawwali"
Ethan Fields,741138,97026,,https://www.last.fm/music/Ethan+Fields,0,
Yoshihisa Hirano,2140245,97024,079dc691-0456-46ab-921c-8497ed6b7ba0,https://www.last.fm/music/Yoshihisa+Hirano,0,"Soundtrack, japanese, instrumental"
Shinhwa,1104867,97023,721a6d4e-6c5b-4250-8e87-b5dc386fd965,https://www.last.fm/music/Shinhwa,0,"k-pop, Korean, Kpop"
Pathetic,1344874,96988,,https://www.last.fm/music/Pathetic,0,"black metal, death metal, witch house"
macseal,1972911,96984,,https://www.last.fm/music/macseal,0,"indie, emo, math rock"
tsubi club,1252341,96968,,https://www.last.fm/music/tsubi+club,0,"rap, alternative hip hop, electronic"
Packs,722349,96963,,https://www.last.fm/music/Packs,0,"indie rock, seen live, indie pop"
Bandalos Chinos,3069162,96921,,https://www.last.fm/music/Bandalos+Chinos,0,"seen live, indie, rock"
Funk Tribu,812571,96921,,https://www.last.fm/music/Funk+Tribu,0,"techno, Colombia, Acid"
Sammy Rae & The Friends,2060283,96877,,https://www.last.fm/music/Sammy+Rae+&+The+Friends,0,"jazz, soul, funk"
Wasteey Monroe,809420,96836,,https://www.last.fm/music/Wasteey+Monroe,0,hip hop
Lizz Robinett,1008398,96820,,https://www.last.fm/music/Lizz+Robinett,0,"USA, cover, female vocalist"
Linn da Quebrada,4902143,96803,,https://www.last.fm/music/Linn+da+Quebrada,0,"rap, experimental, funk"
2003 Toyota Corolla,891912,96789,,https://www.last.fm/music/2003+Toyota+Corolla,0,"ambient, vaporwave, pedocore"
Your Anxiety Buddy,1041142,96759,,https://www.last.fm/music/Your+Anxiety+Buddy,0,"folk, soul, blues"
PR1SVX,1074385,96719,,https://www.last.fm/music/PR1SVX,0,"electronic, instrumental, hex"
my head is empty,1397400,96716,,https://www.last.fm/music/my+head+is+empty,0,"ambient, USA, ambient post-rock"
Flatland Cavalry,1766788,96689,,https://www.last.fm/music/Flatland+Cavalry,0,"country, folk, americana"
Infant Annihilator,4195785,96688,8a0e93e7-a7da-4d03-b9c7-c63aaddb58b2,https://www.last.fm/music/Infant+Annihilator,0,"Technical Deathcore, deathcore, brutal deathcore"
Golden Child,5595794,96684,f9848118-20c3-4248-9699-15bfa461c976,https://www.last.fm/music/Golden+Child,0,"k-pop, Hip-Hop, Korean"
Nelson Gonçalves,940001,96615,2dd3f1d4-33da-4bca-b20a-eec0f9ffabdb,https://www.last.fm/music/Nelson+Gon%C3%A7alves,0,"mpb, samba, seresta"
Sen Senra,3098402,96593,,https://www.last.fm/music/Sen+Senra,0,"indie, pop, rnb"
MC Meno K,698484,96567,,https://www.last.fm/music/MC+Meno+K,0,"brazil, Funk Carioca"
Iniko,1111013,96426,,https://www.last.fm/music/Iniko,0,"soul, indie, pop"
Phonkha,1009272,96409,,https://www.last.fm/music/Phonkha,0,drift phonk
Recayd Mob,4196958,96279,,https://www.last.fm/music/Recayd+Mob,0,"trap, rap, Hip-Hop"
缺省,1147049,96263,,https://www.last.fm/music/%E7%BC%BA%E7%9C%81,0,"shoegaze, dream pop, China"
Mia Joy,483798,96206,,https://www.last.fm/music/Mia+Joy,0,"dream pop, indie pop, bedroom pop"
Molejo,857907,96170,6caa6105-e734-4017-95c8-16c93cb1b071,https://www.last.fm/music/Molejo,0,"Pagode, Better than Beatles, brazilian"
Ariana DeBose,573289,96153,,https://www.last.fm/music/Ariana+DeBose,0,"pop, Soundtrack, musical"
Tayc,2484182,96143,,https://www.last.fm/music/Tayc,0,"rnb, french, Hip-Hop"
Klaus Veen,1565491,96076,,https://www.last.fm/music/Klaus+Veen,0,"electronic, dance, techno"
Sharkey,1103137,96035,d56d2e5b-75d5-44b5-bbac-4819cedd7c6f,https://www.last.fm/music/Sharkey,0,"happy hardcore, hardcore, uk Hardcore"
Kitty Craft,1487248,96022,5cc1ec13-d96d-40e0-9153-c59ca680b240,https://www.last.fm/music/Kitty+Craft,0,"indie pop, female vocalists, downtempo"
abbot,1238659,95987,40c311d7-101f-4d58-8ad0-ad6c004d5269,https://www.last.fm/music/abbot,0,"seen live, rock, Hip-Hop"
Kenia os,3908272,95868,,https://www.last.fm/music/Kenia+os,0,"latin pop, sad, female vocalists"
Voilà,1818548,95855,,https://www.last.fm/music/Voil%C3%A0,0,"post-rock, experimental, psychedelic"
Cali Y El Dandee,1180809,95844,,https://www.last.fm/music/Cali+Y+El+Dandee,0,"pop, Colombia, latin pop"
Poor Man's Poison,1615721,95805,,https://www.last.fm/music/Poor+Man%27s+Poison,0,"acoustic, folk, Alt-country"
Brothers Of Metal,3249284,95789,,https://www.last.fm/music/Brothers+Of+Metal,0,"Power metal, heavy metal, viking metal"
Ceo Trayle,1153195,95770,,https://www.last.fm/music/Ceo+Trayle,0,"rap, Hip-Hop, USA"
Starjunk 95,1147777,95763,,https://www.last.fm/music/Starjunk+95,0,"electronic, japanese, electro"
Braaheim,756387,95750,,https://www.last.fm/music/Braaheim,0,
Mc Tha,5110787,95749,,https://www.last.fm/music/Mc+Tha,0,"seen live, funk, mpb"
Gera MX,2134532,95740,,https://www.last.fm/music/Gera+MX,0,"mexican, Hip-Hop, mexico"
Computerwife,1333643,95738,,https://www.last.fm/music/Computerwife,0,"indie rock, dream pop, shoegaze"
Mohit Chauhan,1704676,95731,1dd28f27-4ab3-4a3f-8174-4ccd571a9dce,https://www.last.fm/music/Mohit+Chauhan,0,"bollywood, Hindi, Indian"
Bobby Pulido,997448,95730,f2d25c16-403e-4dee-87bf-5e8337c84844,https://www.last.fm/music/Bobby+Pulido,0,"tejano, lo que si me gusta aunque no me crean, Pulido"
Cast - Liv and Maddie,681532,95710,,https://www.last.fm/music/Cast+-+Liv+and+Maddie,0,"Disney, Dove Cameron"
Murilo Huff,6554347,95671,,https://www.last.fm/music/Murilo+Huff,0,"brazil, brazilian"
Skeler,2283313,95656,,https://www.last.fm/music/Skeler,0,"wave, witch house, hardwave"
Quebonafide,11325916,95633,5d23a9d2-2d17-4b6d-9dd1-d0a0e41615ca,https://www.last.fm/music/Quebonafide,0,"rap, Hip-Hop, seen live"
Capzlock,1019199,95615,,https://www.last.fm/music/Capzlock,0,"rap, trap, plugg"
MD Chefe,2071429,95599,,https://www.last.fm/music/MD+Chefe,0,"trap, rap, brazilian"
NoCap,2942758,95555,,https://www.last.fm/music/NoCap,0,"trap, Hip-Hop, rap"
Nürnberg,1460468,95523,,https://www.last.fm/music/N%C3%BCrnberg,0,"post-punk, coldwave, belarus"
EXO-SC,8800270,95503,,https://www.last.fm/music/EXO-SC,0,"k-pop, exo, Korean"
NEVER GET USED TO PEOPLE,1185403,95491,,https://www.last.fm/music/NEVER+GET+USED+TO+PEOPLE,0,"russian, glitch pop, Russia"
c678924,807326,95484,,https://www.last.fm/music/c678924,0,"trance, electronic, freeform hardcore"
DigBar,833109,95421,,https://www.last.fm/music/DigBar,0,"american, comedy rap, mentickler"
Yousei Teikoku,3162470,95390,d02974dc-b4dc-4691-9705-33929ac731e1,https://www.last.fm/music/Yousei+Teikoku,0,"Gothic, japanese, J-rock"
The Polar Boys,1140008,95335,,https://www.last.fm/music/The+Polar+Boys,0,"indie, dream pop, ocean vibe"
Neptunica,996411,95313,,https://www.last.fm/music/Neptunica,0,"germany, german"
Kanine,1380706,95266,,https://www.last.fm/music/Kanine,0,"deathcore, slamming deathcore, Drum and bass"
BAND-MAID,6684450,95259,,https://www.last.fm/music/BAND-MAID,0,"J-rock, hard rock, rock"
BlackMayo,1018151,95253,,https://www.last.fm/music/BlackMayo,0,
Los Cadetes de Linares,1211348,95186,faf7ccd0-1c1a-4353-9729-f51f7c3cc8a4,https://www.last.fm/music/Los+Cadetes+de+Linares,0,"norteño, ranchera, puro ranchero"
Tom MacDonald,2235539,95155,,https://www.last.fm/music/Tom+MacDonald,0,"Hip-Hop, rap, trap"
Flawed Mangoes,1286418,95101,,https://www.last.fm/music/Flawed+Mangoes,0,"electronic, USA"
Fish in a Birdcage,2376052,95020,,https://www.last.fm/music/Fish+in+a+Birdcage,0,"folk, Canadian, indie"
Whiskey Myers,1865817,95009,921e6603-320c-4dde-8611-3049332d2b61,https://www.last.fm/music/Whiskey+Myers,0,"Southern Rock, country rock, country"
Cheeze,1295699,94978,,https://www.last.fm/music/Cheeze,0,"indie, Korean, korean indie"
yunomi,2487033,94945,,https://www.last.fm/music/yunomi,0,"electronic, future bass, japanese"
Rumskib,1013369,94911,65d2c3e7-c3f9-4151-bb83-50d8d7a18cd3,https://www.last.fm/music/Rumskib,0,"shoegaze, dream pop, danish"
Summer 2000,807756,94908,,https://www.last.fm/music/Summer+2000,0,"emo, shoegaze, midwest emo"
Pablo,1895875,94903,85415838-245f-4c33-8501-5d9e84e801e6,https://www.last.fm/music/Pablo,0,"Drum and bass, funk, brasil"
Batta,1349403,94902,,https://www.last.fm/music/Batta,0,"J-rock, rock, japanese"
WARGASM (UK),1780758,94894,,https://www.last.fm/music/WARGASM+(UK),0,"digital hardcore, Nu Metal, electronic"
Okieriete Onaodowan,406811,94860,,https://www.last.fm/music/Okieriete+Onaodowan,0,american
Internet Girl,1498033,94801,,https://www.last.fm/music/Internet+Girl,0,"south africa, indie, alternative"
MC Braz,906478,94762,,https://www.last.fm/music/MC+Braz,0,funk bh
Sugs,1222815,94761,,https://www.last.fm/music/Sugs,0,"hip hop, rap, emo hip hop"
pLasterbrain,1002500,94716,,https://www.last.fm/music/pLasterbrain,0,"electronic, electronica, Nintendocore"
Bonez MC,8295058,94698,,https://www.last.fm/music/Bonez+MC,0,"german, rap, german hiphop"
Chino Pacas,1659467,94675,,https://www.last.fm/music/Chino+Pacas,0,"mexico, corridos, México"
Betcha,1067273,94605,,https://www.last.fm/music/Betcha,0,"indie, alternative, rock"
Mikito P,1370077,94516,,https://www.last.fm/music/Mikito+P,0,"vocaloid, japanese, japan"
Selvagens à Procura de Lei,3982732,94511,bd6730b8-cab2-4a3a-a9d2-892bc0130589,https://www.last.fm/music/Selvagens+%C3%A0+Procura+de+Lei,0,"indie rock, indie, brazilian"
SuperShy,633293,94407,,https://www.last.fm/music/SuperShy,0,"electronic, pop, dance"
Sullivan King,1507137,94401,,https://www.last.fm/music/Sullivan+King,0,"dubstep, Brostep, metalcore"
Bryant Myers,1888376,94302,,https://www.last.fm/music/Bryant+Myers,0,"Reggaeton, trap, latin"
sea power,2686467,94273,,https://www.last.fm/music/sea+power,0,"alternative rock, indie rock, indie"
Glokk40Spaz,11139868,94269,,https://www.last.fm/music/Glokk40Spaz,0,"dark plugg, Gangsta Rap, trap"
Tony Shhnow,3450626,94257,,https://www.last.fm/music/Tony+Shhnow,0,"trap, plugg, rap"
The Lazy Eyes,665127,94230,,https://www.last.fm/music/The+Lazy+Eyes,0,"Psychedelic Rock, seen live, australian"
MRLD,1615444,94228,,https://www.last.fm/music/MRLD,0,Filipino
Kidsnot$aints.,745911,94217,,https://www.last.fm/music/Kidsnot$aints.,0,
rew,1062698,94172,,https://www.last.fm/music/rew,0,"psytrance, electronic, emo"
F.HERO,1443304,94156,,https://www.last.fm/music/F.HERO,0,"thai, Hip-Hop, rap"
Lasso,1630066,94129,feb0a14b-63c9-43f9-958b-148488c79f23,https://www.last.fm/music/Lasso,0,"venezuela, pop rock, punk"
SIE Sound Team,2062761,94086,,https://www.last.fm/music/SIE+Sound+Team,0,"video game music, japanese, Soundtrack"
Moose,887180,94041,4df32f11-7744-4569-a466-4c65fa4f5a8a,https://www.last.fm/music/Moose,0,"shoegaze, dream pop, indie"
Alvedon,1289758,94015,,https://www.last.fm/music/Alvedon,0,
Mercuzio Pianist,456654,94012,,https://www.last.fm/music/Mercuzio+Pianist,0,"Classical, piano, italian"
sped up viral,573722,94000,,https://www.last.fm/music/sped+up+viral,0,
Symba,2327258,93994,,https://www.last.fm/music/Symba,0,"Hip-Hop, rap, seen live"
Afourteen,3501197,93983,,https://www.last.fm/music/Afourteen,0,"Trap Metal, spider gang, punk"
Carly Pearce,1548076,93973,,https://www.last.fm/music/Carly+Pearce,0,"country, female vocalists, USA"
tomo,572507,93953,ea2bdf34-7c45-4e38-abb5-b1f283a2dc1e,https://www.last.fm/music/tomo,0,"japanese, folk, dark folk"
Raí Saia Rodada,1232406,93933,,https://www.last.fm/music/Ra%C3%AD+Saia+Rodada,0,"brazil, brasil, brazilian"
Silvana Estrada,1723183,93918,,https://www.last.fm/music/Silvana+Estrada,0,"folk, mexico, jazz"
t+pazolite,4498816,93840,d72ae77d-ca32-498d-870e-8204165b8ee4,https://www.last.fm/music/t%252Bpazolite,0,"j-core, hardcore, speedcore"
UM44K,1323940,93804,,https://www.last.fm/music/UM44K,0,"pop, rap, brasil"
Yunk Vino,8167204,93792,,https://www.last.fm/music/Yunk+Vino,0,"hip hop, rap, brazil"
KENTENSHI,1308650,93761,,https://www.last.fm/music/KENTENSHI,0,
adan diaz,670397,93756,,https://www.last.fm/music/adan+diaz,0,"indie, pop, USA"
Katherine Li,873635,93740,,https://www.last.fm/music/Katherine+Li,0,"Canadian, indie pop, female vocalists"
Timbalada,823937,93710,84bde243-41d0-4a20-850b-3dc2763e817d,https://www.last.fm/music/Timbalada,0,"samba, Axe, brasil"
Ichika Nito,1620477,93676,,https://www.last.fm/music/Ichika+Nito,0,"instrumental, guitar, math rock"
Speed,1671449,93649,efa6c50f-5636-476b-bd62-1aaa77be0c50,https://www.last.fm/music/Speed,0,"j-pop, japanese, JPop"
Sadness,2925984,93624,2ef8e9b2-5f7d-4cfb-899a-bc4544755371,https://www.last.fm/music/Sadness,0,"doom metal, depressive black metal, blackgaze"
Eibell,386205,93563,,https://www.last.fm/music/Eibell,0,
Hi-Fi Set,734143,93540,3d187d11-9c00-4960-b838-018e776b3ea5,https://www.last.fm/music/Hi-Fi+Set,0,"j-pop, female vocalists, Japanese City Pop"
Rendez Vous,1056201,93527,39c5c4d0-6396-48a6-8501-5215750826dd,https://www.last.fm/music/Rendez+Vous,0,"post-punk, new wave, french"
Rønin,1217611,93471,,https://www.last.fm/music/R%C3%B8nin,0,"indie, alternative rock, USA"
Ūla,778710,93430,,https://www.last.fm/music/%C5%AAla,0,"seen live, indie, pop"
ML BUCH,1006355,93283,,https://www.last.fm/music/ML+BUCH,0,"electronic, experimental, art pop"
Billy Strings,2142743,93255,,https://www.last.fm/music/Billy+Strings,0,"bluegrass, folk, seen live"
Nedaj,1848375,93254,,https://www.last.fm/music/Nedaj,0,"breakcore, Drum and bass, jungle"
ShooterGang Kony,1697125,93184,,https://www.last.fm/music/ShooterGang+Kony,0,"rap, California, Hip-Hop"
Worry Club,555535,93169,,https://www.last.fm/music/Worry+Club,0,"indie pop, indie rock, indie"
Jeebanoff,1558278,93108,,https://www.last.fm/music/Jeebanoff,0,"rnb, k-rnb, ost"
Amelia Moore,924944,93092,,https://www.last.fm/music/Amelia+Moore,0,"pop, female vocalists, electropop"
Destructo Disk,1189289,93050,,https://www.last.fm/music/Destructo+Disk,0,"punk, Grunge, alternative rock"
Soul Glo,2282003,92937,,https://www.last.fm/music/Soul+Glo,0,"screamo, hardcore punk, hardcore"
Tee Lopes,2234230,92906,,https://www.last.fm/music/Tee+Lopes,0,"Soundtrack, electronic, portuguese"
YOUHA,2182104,92838,,https://www.last.fm/music/YOUHA,0,"j-pop, Korean, k-pop"
Light The Torch,1595247,92802,,https://www.last.fm/music/Light+The+Torch,0,"metalcore, alternative metal, metal"
Sun Room,1008526,92775,,https://www.last.fm/music/Sun+Room,0,"indie, Garage Rock, surf rock"
Christy Altomare,1078109,92685,,https://www.last.fm/music/Christy+Altomare,0,"seen live, Broadway, United States"
Noah Floersch,1047932,92655,,https://www.last.fm/music/Noah+Floersch,0,"indie, indie pop, indie rock"
Katsu Hoshi,627102,92639,,https://www.last.fm/music/Katsu+Hoshi,0,"contemporary classical, composer, Classical"
Belmont,2294725,92624,,https://www.last.fm/music/Belmont,0,"pop punk, Easycore, post-hardcore"
Niska,4138349,92592,,https://www.last.fm/music/Niska,0,"rap, french rap, Hip-Hop"
Midrift,964068,92586,,https://www.last.fm/music/Midrift,0,"alternative, shoegaze, post-hardcore"
KIMSEJEONG,2523348,92504,,https://www.last.fm/music/KIMSEJEONG,0,"Korean, k-pop, gugudan"
Cloonee,648645,92500,,https://www.last.fm/music/Cloonee,0,"House, british, tech house"
Snow Strippers,4337199,92488,,https://www.last.fm/music/Snow+Strippers,0,"Electroclash, electronic, witch house"
Дайте танк (!),3707240,92447,,https://www.last.fm/music/%D0%94%D0%B0%D0%B9%D1%82%D0%B5+%D1%82%D0%B0%D0%BD%D0%BA+(%21),0,"russian, indie, seen live"
Nu Genea,1280600,92440,,https://www.last.fm/music/Nu+Genea,0,"Disco, seen live, funk"
Kahlil Blu,987895,92348,,https://www.last.fm/music/Kahlil+Blu,0,"Hip-Hop, rap, experimental hip hop"
Alka Yagnik,889195,92332,52cf0679-e1cf-42ca-b9b5-86e018b36d91,https://www.last.fm/music/Alka+Yagnik,0,"Hindi, bollywood, india"
aests,842848,92324,,https://www.last.fm/music/aests,0,"japanese, future funk"
Overpade,2917018,92262,,https://www.last.fm/music/Overpade,0,"sex, breakcore"
Sérgio Sampaio,1913684,92187,75ca8969-e441-41cd-b26d-ded96652f4ae,https://www.last.fm/music/S%C3%A9rgio+Sampaio,0,"mpb, 70s, brazilian"
Nate Steckler,507883,92170,,https://www.last.fm/music/Nate+Steckler,0,"Classical, piano, acoustic"
Maglore,3410980,92154,,https://www.last.fm/music/Maglore,0,"indie, alternative rock, brazilian rock"
Kill Bill: The Rapper,4476296,92153,,https://www.last.fm/music/Kill+Bill:+The+Rapper,0,"rap, jazz rap, Hip-Hop"
Little Circuits,576567,92117,,https://www.last.fm/music/Little+Circuits,0,Sleep
1017 ALYX 9SM,810318,92080,,https://www.last.fm/music/1017+ALYX+9SM,0,"indie, alternative, rap"
Butcher Brown,765481,92075,,https://www.last.fm/music/Butcher+Brown,0,"jazz, funk, soul"
Joseph Trapanese,1662766,92045,70dbaf82-6cad-47b8-ae79-b36ef83d5ee3,https://www.last.fm/music/Joseph+Trapanese,0,"Soundtrack, electronic, ambient"
Eir Aoi,1623583,92013,9e190e5d-3612-43c6-9381-d4972efca5c3,https://www.last.fm/music/Eir+Aoi,0,"japanese, j-pop, japan"
Round Table featuring Nino,2499216,91925,c66b8b18-5ce8-4f60-ae56-3aa810761cc0,https://www.last.fm/music/Round+Table+featuring+Nino,0,"j-pop, japanese, anime"
PRINCESA ALBA,1944284,91895,,https://www.last.fm/music/PRINCESA+ALBA,0,"trap, Reggaeton, chile"
Sub Zero Project,2421484,91895,,https://www.last.fm/music/Sub+Zero+Project,0,"dutch, hardstyle, rawstyle"
Tuyo,3022908,91881,c22eda77-07ad-4291-bcaf-46c08602246d,https://www.last.fm/music/Tuyo,0,"seen live, alternative, folk"
LIEU,4131783,91800,,https://www.last.fm/music/LIEU,0,"hyperpop, cloud rap, digicore"
Hazlett,713310,91733,,https://www.last.fm/music/Hazlett,0,"rock, indie, alternative"
MY FIRST STORY,3596930,91682,fa626cc0-3274-428a-872e-9d471b564486,https://www.last.fm/music/MY+FIRST+STORY,0,"J-rock, japanese, alternative rock"
UNISON SQUARE GARDEN,3857064,91670,265a2fb6-dde5-48d3-9e6e-47708aa5e10a,https://www.last.fm/music/UNISON+SQUARE+GARDEN,0,"J-rock, japanese, rock"
Garoad,3445942,91547,,https://www.last.fm/music/Garoad,0,"synthwave, Soundtrack, electronic"
Slater,1865223,91540,,https://www.last.fm/music/Slater,0,"vada vada, rap, experimental"
Warren Hue,2366527,91508,,https://www.last.fm/music/Warren+Hue,0,"Hip-Hop, rap, hot"
Nico Collins,1831393,91504,,https://www.last.fm/music/Nico+Collins,0,"american, electronic, indie"
Dan Salvato,1754002,91470,,https://www.last.fm/music/Dan+Salvato,0,"Soundtrack, ost, dark ambient"
Ax and the Hatchetmen,803273,91423,,https://www.last.fm/music/Ax+and+the+Hatchetmen,0,"pop, indie pop"
The 502s,1161477,91419,,https://www.last.fm/music/The+502s,0,"indie, indie rock, USA"
Amaia,2571948,91415,,https://www.last.fm/music/Amaia,0,"pop, spanish, seen live"
Self Deception,1639930,91406,bfb7e36e-b8f6-4c5d-9c43-3fe9ddd7ee12,https://www.last.fm/music/Self+Deception,0,"alternative rock, modern rock, rock"
Rachel Bay Jones,1153158,91382,,https://www.last.fm/music/Rachel+Bay+Jones,0,"Musical theatre, folk, american"
Nala Sinephro,989102,91365,,https://www.last.fm/music/Nala+Sinephro,0,"jazz, ambient, electronic"
BEAUZ,998307,91284,,https://www.last.fm/music/BEAUZ,0,"House, electronic, dance"
cinema staff,2285545,91267,a38222d9-cc8e-4c93-8832-908290666215,https://www.last.fm/music/cinema+staff,0,"J-rock, japanese, rock"
MC Luan da BS,952562,91243,,https://www.last.fm/music/MC+Luan+da+BS,0,"funk, funk bh"
Satoshi Takebe,1047305,91240,,https://www.last.fm/music/Satoshi+Takebe,0,"composer, japanese, instrumental"
PASHANIM,6927282,91226,,https://www.last.fm/music/PASHANIM,0,"german, rap, Hip-Hop"
"Héctor ""El Father""",932230,91158,,https://www.last.fm/music/H%C3%A9ctor+%22El+Father%22,0,"latin, 90s, Reggaeton"
Don L,6830376,91099,373cc355-ebd7-45a8-91a3-6ffeb5cbe222,https://www.last.fm/music/Don+L,0,"rap, Rap Nacional, Hip-Hop"
Rosa Neon,1944956,91032,,https://www.last.fm/music/Rosa+Neon,0,"pop, brazilian, Minas Gerais"
Serani Poji,1487605,90959,810e6a1b-8da7-4350-b77a-0f64730f83e0,https://www.last.fm/music/Serani+Poji,0,"shibuya-kei, japanese, j-pop"
Preta Gil,1040715,90866,6348666a-b266-49d7-836c-b9d4741ba646,https://www.last.fm/music/Preta+Gil,0,"pop, mpb, female vocalist"
Universe,1492865,90826,d4333125-dfe8-4a90-8b29-b90bc8c691ab,https://www.last.fm/music/Universe,0,"heavy metal, polish, 80s rock"
Bambee,796770,90817,7797de4c-e3c4-467a-8565-3e3ec06b2d35,https://www.last.fm/music/Bambee,0,"eurodance, dance, norwegian"
Bleed The Wicked Menace,889413,90758,,https://www.last.fm/music/Bleed+The+Wicked+Menace,0,"Hip-Hop, artists, phonk"
ovrkast.,802782,90727,,https://www.last.fm/music/ovrkast.,0,"Hip-Hop, hip hop, rap"
Kapa Boy,994648,90719,,https://www.last.fm/music/Kapa+Boy,0,
Metalocalypse: Dethklok,2761491,90718,,https://www.last.fm/music/Metalocalypse:+Dethklok,0,"death metal, Melodic Death Metal, blacker than the blackest black times infinity"
Jooyoung,1626463,90713,,https://www.last.fm/music/Jooyoung,0,"soul, rnb, Korean"
OBLXKQ,942948,90695,,https://www.last.fm/music/OBLXKQ,0,"phonk, drift phonk"
Triste Janero,527985,90534,90bc1978-ab44-483c-8bca-ca61cbadf1a9,https://www.last.fm/music/Triste+Janero,0,"sunshine pop, easy listening, twinkling starry skies"
Blurred Figures,503629,90442,,https://www.last.fm/music/Blurred+Figures,0,"electronic, Lo-Fi"
Hiroshi Sato,766078,90424,9dd853aa-12ee-465b-8ff6-b604f89112fd,https://www.last.fm/music/Hiroshi+Sato,0,"city pop, funk, pop"
kaz moon,1434486,90377,,https://www.last.fm/music/kaz+moon,0,"indie, pop, USA"
Pino D'Angiò,771190,90290,a105dcb4-5f37-4960-b352-dd0b0964de50,https://www.last.fm/music/Pino+D%27Angi%C3%B2,0,"Disco, italian, funk"
Jx.Zero,983118,90217,,https://www.last.fm/music/Jx.Zero,0,"rap, USA, United States"
Babes In Toyland ,1404888,90201,,https://www.last.fm/music/Babes+In+Toyland%C2%A0,0,"Grunge, riot grrrl, punk"
Jack Conte,1729582,90179,f86acb2e-03fa-4992-957a-6f7d0155b34e,https://www.last.fm/music/Jack+Conte,0,"experimental, indie, psychedelic"
Amelie Lens,810025,90086,,https://www.last.fm/music/Amelie+Lens,0,"techno, minimal techno, Acid"
IOSYS,4387862,89996,9a4cafe7-3349-404b-a268-780e911d1801,https://www.last.fm/music/IOSYS,0,"touhou, japanese, electronic"
MC Caverinha,1028890,89983,,https://www.last.fm/music/MC+Caverinha,0,"trap, seen live, rap"
ivyson,1388752,89954,,https://www.last.fm/music/ivyson,0,brazil
Koji Kondo,1281318,89909,c376498a-cdf6-422b-9055-3fce84424402,https://www.last.fm/music/Koji+Kondo,0,"video game music, Soundtrack, japanese"
SWRSLT,822805,89897,,https://www.last.fm/music/SWRSLT,0,"bootleg, unauthorized"
Badshah,1293097,89863,cd67b8c8-8b2f-4d56-b564-fbd837490256,https://www.last.fm/music/Badshah,0,"Hip-Hop, rap, dance"
Jiwoo,2250592,89818,,https://www.last.fm/music/Jiwoo,0,"rnb, k-pop, Kpop"
Hamza,8682995,89765,519cacf4-8d27-4071-8b01-0824fabcdfbb,https://www.last.fm/music/Hamza,0,"House, Hip-Hop, electronic"
Iliona,792424,89749,,https://www.last.fm/music/Iliona,0,"pop, Colombia, spanish"
Jhariah,3149556,89701,,https://www.last.fm/music/Jhariah,0,"indie rock, Progressive rock, american"
Famy,904677,89670,46cd1c3e-b227-449a-9c85-e827f5c49163,https://www.last.fm/music/Famy,0,"indie, seen live, london"
Yuqi,1931009,89658,,https://www.last.fm/music/Yuqi,0,"chinese, pop, Korean"
Accelerate,727682,89644,,https://www.last.fm/music/Accelerate,0,"heavy metal, sad, covers"
Rome Streetz,2384320,89607,,https://www.last.fm/music/Rome+Streetz,0,"Hip-Hop, rap, Gangsta Rap"
phonk.me,646549,89544,,https://www.last.fm/music/phonk.me,0,"phonk, Ukraine"
Stove,807863,89509,,https://www.last.fm/music/Stove,0,"Grunge, alternative, indie rock"
Anees,953904,89485,,https://www.last.fm/music/Anees,0,"Hip-Hop, indie pop"
Laura Dreyfuss,999881,89464,,https://www.last.fm/music/Laura+Dreyfuss,0,"american, musical, Broadway"
SAGEISKAMI,742130,89441,,https://www.last.fm/music/SAGEISKAMI,0,
Grossstadtgeflüster,2286958,89378,9958ab5f-a8a5-4670-9ca2-b85e5367248f,https://www.last.fm/music/Grossstadtgefl%C3%BCster,0,"electronic, german, electropunk"
Billy Cobb,2211605,89358,,https://www.last.fm/music/Billy+Cobb,0,"power pop, indie pop, emo"
MOB CHOIR,1808021,89347,,https://www.last.fm/music/MOB+CHOIR,0,"anime, japanese, j-pop"
fairies in our house,940444,89305,,https://www.last.fm/music/fairies+in+our+house,0,"slowcore, indie, Lo-Fi"
piXy,4064576,89284,,https://www.last.fm/music/piXy,0,"k-pop, Kpop, pop"
Shoko Nakagawa,1183353,89282,731552b6-04d5-4d5d-9fdf-4e38b410c04b,https://www.last.fm/music/Shoko+Nakagawa,0,"j-pop, japanese, pop"
Di Propósito,1001018,89235,,https://www.last.fm/music/Di+Prop%C3%B3sito,0,"brazilian, Pagode, brazil"
Thornhill,5075403,89219,3b479611-bcd3-4a62-828b-f54929ed7dac,https://www.last.fm/music/Thornhill,0,"metalcore, alternative metal, Progressive Metalcore"
Shevchenko e Elloco,1231220,89215,,https://www.last.fm/music/Shevchenko+e+Elloco,0,"Brega Funk, brazilian, Funk Carioca"
Castello Branco,1987516,89212,,https://www.last.fm/music/Castello+Branco,0,"mpb, brazilian, folk"
AME,2882747,89210,f648fec6-59cf-4a46-b43c-bb2549d856f8,https://www.last.fm/music/AME,0,"minimal, deep house, House"
Adolf Nomura,865933,89203,,https://www.last.fm/music/Adolf+Nomura,0,"electronic, electronica, experimental"
IVOXYGEN,3569212,89184,,https://www.last.fm/music/IVOXYGEN,0,"emo rap, cloud rap"
Jimmy Gnecco,1701270,89139,2f22a8b4-80ed-4de3-bef1-3ec562324dd1,https://www.last.fm/music/Jimmy+Gnecco,0,"singer-songwriter, rock, indie"
MCND,3078031,89105,,https://www.last.fm/music/MCND,0,"Hip-Hop, pop, Korean"
SHIP WREK,697920,89083,,https://www.last.fm/music/SHIP+WREK,0,"electronic, dance, trap"
Letrux,5293057,89078,,https://www.last.fm/music/Letrux,0,"brazilian, seen live, synthpop"
Kamaara,2249363,89071,,https://www.last.fm/music/Kamaara,0,"hip hop, industrial hip hop, electronic"
Tony Molina,1590677,89067,4b64c8e3-5ced-496b-ab49-0edfd58cb759,https://www.last.fm/music/Tony+Molina,0,"indie rock, power pop, pop punk"
Julie and the Phantoms Cast,4052513,89063,,https://www.last.fm/music/Julie+and+the+Phantoms+Cast,0,"pop, Soundtrack, pop rock"
Frost Children,1668900,89052,,https://www.last.fm/music/Frost+Children,0,"hyperpop, electropop, bubblegum bass"
The Blessed Madonna,485621,89019,,https://www.last.fm/music/The+Blessed+Madonna,0,"electronic, House, dance"
高橋玲子,444535,89007,,https://www.last.fm/music/%E9%AB%98%E6%A9%8B%E7%8E%B2%E5%AD%90,0,"city pop, japanese, 80s Pop"
yvncc,1523449,88967,,https://www.last.fm/music/yvncc,0,"Hip-Hop, rap, phonk"
Joshua Kyan Aalampour,892484,88868,,https://www.last.fm/music/Joshua+Kyan+Aalampour,0,"Classical, contemporary classical, composer"
Irene Kral,269646,88836,399f29b2-0fe4-430a-aefe-7929efa7fcfb,https://www.last.fm/music/Irene+Kral,0,"jazz, jazz vocal, female vocalists"
Hus,1008750,88818,128ad824-411c-45e9-a4da-c3da4ec7fdf4,https://www.last.fm/music/Hus,0,"Hip-Hop, Korean, alternative rap"
Yuji Nomi,1031850,88807,b0927e5d-1caf-4f71-860b-4f58c5198b38,https://www.last.fm/music/Yuji+Nomi,0,"Soundtrack, japanese, anime"
RSNZ,672456,88790,,https://www.last.fm/music/RSNZ,0,"USA, Lo-Fi, lofi"
GroovyRoom,1306703,88751,,https://www.last.fm/music/GroovyRoom,0,"Korean, Hip-Hop, rnb"
The Art of Noise,698309,88688,be899560-1570-402e-9f95-3182898a8b70,https://www.last.fm/music/The+Art+of+Noise,0,"electronic, ambient, experimental"
Nill,4462050,88614,02311a05-77a4-4a49-a0a5-2fff9ea5e082,https://www.last.fm/music/Nill,0,"hip hop, vaporwave, rap"
Haftbefehl,4873236,88568,5fce249a-96cd-4296-b9f2-ef60c876b0bb,https://www.last.fm/music/Haftbefehl,0,"Deutschrap, rap, german"
Hailey Knox,575566,88566,,https://www.last.fm/music/Hailey+Knox,0,"pop, indie, singer-songwriter"
The Sukis,748024,88562,,https://www.last.fm/music/The+Sukis,0,"Garage Rock, rock, indie rock"
Stileto,855079,88465,,https://www.last.fm/music/Stileto,0,"electronic, alternative, pop"
Kingdom of Giants,2515205,88456,,https://www.last.fm/music/Kingdom+of+Giants,0,"metalcore, post-hardcore, experimental"
Leony,906726,88443,,https://www.last.fm/music/Leony,0,"pop, electronic, female vocalists"
lollia,1212906,88421,,https://www.last.fm/music/lollia,0,"rock, american, cover vocaloid"
Gerardo Ortiz,1677522,88354,fb5b1cdc-007e-49b2-aea0-c7ffa9316120,https://www.last.fm/music/Gerardo+Ortiz,0,"GERARDO ORTIZ, en preparacion, latin"
Leslie Parrish,1338038,88336,9bb3472f-2827-46b1-b72a-11637d08aabe,https://www.last.fm/music/Leslie+Parrish,0,"eurobeat, dance, Initial D"
Night Club,1827199,88322,9b4f5b14-6a84-4340-b290-194212716380,https://www.last.fm/music/Night+Club,0,"synthwave, synthpop, electropop"
Sayuri,1794507,88235,,https://www.last.fm/music/Sayuri,0,"j-pop, japanese, female vocalists"
Rochy RD,1031202,88192,,https://www.last.fm/music/Rochy+RD,0,"dembow, latin, Reggaeton"
Essenger,1444692,88184,,https://www.last.fm/music/Essenger,0,"synthwave, synthpop, electronic"
Waterflame,1412640,88120,23e04cd0-c348-43ee-9fe7-9bedeb80a4fa,https://www.last.fm/music/Waterflame,0,"electronic, techno, Classical"
woo!ah!,3718533,88078,,https://www.last.fm/music/woo%21ah%21,0,"k-pop, Korean, pop"
Heart Attack Man,3257153,88078,,https://www.last.fm/music/Heart+Attack+Man,0,"emo, seen live, indie rock"
Harley Poe,3102433,88049,d148ae49-cb92-443a-8fe2-d272b9386a0c,https://www.last.fm/music/Harley+Poe,0,"punk, folk punk, folk"
xójira,910769,88045,,https://www.last.fm/music/x%C3%B3jira,0,"post-rock, shoegaze, USA"
IceWear Vezzo,1608233,87979,,https://www.last.fm/music/IceWear+Vezzo,0,"detroit rap, Hip-Hop, rap"
Hiroaki TOMMY Tominaga,829287,87973,,https://www.last.fm/music/Hiroaki+TOMMY+Tominaga,0,"japanese, j-pop, anime"
CAPITAL BRA,5011684,87918,,https://www.last.fm/music/CAPITAL+BRA,0,"Deutschrap, Hip-Hop, rap"
Shigeru Suzuki,620571,87882,,https://www.last.fm/music/Shigeru+Suzuki,0,"japanese, experimental, funk"
Rojuu,9084237,87869,,https://www.last.fm/music/Rojuu,0,"hyperpop, experimental, breakcore"
Дурной Вкус,1188746,87839,,https://www.last.fm/music/%D0%94%D1%83%D1%80%D0%BD%D0%BE%D0%B9+%D0%92%D0%BA%D1%83%D1%81,0,"post-punk, russian, indie"
The Slaps,965312,87830,,https://www.last.fm/music/The+Slaps,0,"alternative rock, indie pop, seen live"
bsd.u,779764,87823,,https://www.last.fm/music/bsd.u,0,"beats, hip hop, Hip-Hop"
Momoko Kikuchi,1004971,87776,,https://www.last.fm/music/Momoko+Kikuchi,0,"japanese, j-pop, city pop"
Kweller,1143977,87753,,https://www.last.fm/music/Kweller,0,"rap, trap"
Silent Planet,5574472,87733,c62afc98-8596-4532-a1dd-bc1a595c927e,https://www.last.fm/music/Silent+Planet,0,"metalcore, post-hardcore, Progressive Metalcore"
Arush Mandal,522542,87730,,https://www.last.fm/music/Arush+Mandal,0,"instrumental, ambient"
No Love In The House Of Gold,1077152,87728,,https://www.last.fm/music/No+Love+In+The+House+Of+Gold,0,"ambient, dark ambient, vaporwave"
Dread Mar I,1655214,87679,48580774-5b6f-4949-975c-9e112b0dbc39,https://www.last.fm/music/Dread+Mar+I,0,"reggae, reggae argentino, reggae latino"
VERIVERY,3740793,87661,,https://www.last.fm/music/VERIVERY,0,"k-pop, Korean, pop"
Relaxed Minds,488152,87643,,https://www.last.fm/music/Relaxed+Minds,0,"Nature, nature sounds, Water sounds"
Jonathan Young,2476968,87607,,https://www.last.fm/music/Jonathan+Young,0,"metal, cover, youtube"
Mc Tato,690945,87591,,https://www.last.fm/music/Mc+Tato,0,"funk, Funk paulista, funk bh"
Fito Paez,3327230,87577,,https://www.last.fm/music/Fito+Paez,0,"Rock Argentino, rock, Rock en Espanol"
Foudeqush,1216674,87553,,https://www.last.fm/music/Foudeqush,0,"rnb, pop, spanish"
DeVon Hendryx,6906249,87531,,https://www.last.fm/music/DeVon+Hendryx,0,"vaporwave, electronic, cloud rap"
Junggigo,787692,87520,ac96a876-aa7c-45fc-9080-ba8a67b2d60b,https://www.last.fm/music/Junggigo,0,"Korean, r&b, korean indie"
Ling Tosite Sigure,2699448,87493,a0ecfe6b-1035-4d0a-b8c8-c75872139151,https://www.last.fm/music/Ling+Tosite+Sigure,0,"post-hardcore, japanese, alternative"
Shady Moon,2537966,87449,,https://www.last.fm/music/Shady+Moon,0,aesthetic rap
purity filter,1526180,87433,,https://www.last.fm/music/purity+filter,0,"sextrance, electronic, breakcore"
MC Leozinho,397180,87426,af6e345e-70b8-4fd9-81d3-ad40b2f6f7e2,https://www.last.fm/music/MC+Leozinho,0,"funk, Funk Carioca, brazilian"
Ferdous,770742,87412,,https://www.last.fm/music/Ferdous,0,"electronic, indie pop, synth pop"
Casuarina,1112685,87408,6da1b206-9470-43f4-acde-6da9f5ef22f1,https://www.last.fm/music/Casuarina,0,"samba, mpb, brasil"
Jun,2246554,87316,767c86d6-cdcc-4d08-a104-318a06e05e03,https://www.last.fm/music/Jun,0,"Bemani, happy hardcore, darkpsy"
A Banca Records,932940,87258,,https://www.last.fm/music/A+Banca+Records,0,"Hip-Hop, rap, brazil"
Simone Mendes,3154267,87191,,https://www.last.fm/music/Simone+Mendes,0,"brazilian, sertanejo, Brega"
Apache 207,6282472,87123,,https://www.last.fm/music/Apache+207,0,"Hip-Hop, german, rap"
Sharkboy,1061556,87113,0a6a215d-5421-4f91-b6da-f2fd70a2b054,https://www.last.fm/music/Sharkboy,0,"british, indie, nude records"
Noise and Nature,754807,87102,,https://www.last.fm/music/Noise+and+Nature,0,color noise
Saturn,2813712,87027,a44efa31-2056-4582-bd0f-5cc4ad3f0336,https://www.last.fm/music/Saturn,0,"black metal, Progressive rock, cloud rap"
Dimension Latina,468662,86959,,https://www.last.fm/music/Dimension+Latina,0,"salsa, latin, venezuela"
Priscilla,856196,86934,d7303e1f-1775-4aba-8c53-6292e22814d7,https://www.last.fm/music/Priscilla,0,"eurobeat, french, pop"
Bratty,1457346,86924,,https://www.last.fm/music/Bratty,0,"dream pop, indie pop, mexico"
Brad Oberhofer,563967,86898,,https://www.last.fm/music/Brad+Oberhofer,0,"seen live, indie, electronic"
K-Trap,1954152,86883,,https://www.last.fm/music/K-Trap,0,"rap, hip hop, drill"
Greet Death,1217139,86881,,https://www.last.fm/music/Greet+Death,0,"shoegaze, slowcore, dream pop"
capoxxo,2681903,86881,,https://www.last.fm/music/capoxxo,0,"cloud rap, digicore, trap"
Mico,1995085,86847,aeeb1fc9-9ad4-4168-85af-7ed6bfd88451,https://www.last.fm/music/Mico,0,"electronic, grindcore, Sludge"
sundots,902773,86794,,https://www.last.fm/music/sundots,0,"indie rock, bedroom pop, Lo-Fi"
"Car, The Garden",1187783,86775,,"https://www.last.fm/music/Car,+The+Garden",0,"k-indie, soul, rnb"
Strange Ranger,882821,86767,,https://www.last.fm/music/Strange+Ranger,0,"indie rock, indie, emo"
CHiCO with HoneyWorks,1797779,86753,9953ebf6-1836-45ef-bcca-bee2e32e29c6,https://www.last.fm/music/CHiCO+with+HoneyWorks,0,"j-pop, japanese, female vocalists"
YUNG BEEF,8257881,86577,505e16b2-ef1b-42cc-b323-1a9664bcf69a,https://www.last.fm/music/YUNG+BEEF,0,"trap, Reggaeton, cloud rap"
JC NO BEAT,575377,86564,,https://www.last.fm/music/JC+NO+BEAT,0,noise
Murkish,810698,86547,,https://www.last.fm/music/Murkish,0,"Nintendocore, USA, christmas"
SISTAR19,975637,86493,30a85598-1db8-4e13-9bfa-d90093062bc1,https://www.last.fm/music/SISTAR19,0,"k-pop, sistar, sistar19"
VOLA,3781722,86407,,https://www.last.fm/music/VOLA,0,"Progressive metal, DJENT, Progressive rock"
Juliàn,372497,86389,,https://www.last.fm/music/Juli%C3%A0n,0,"belgian, electronic, Lo-Fi"
Morad,2866203,86371,fab6c2bc-87f7-4088-9301-6bd6164e9c3c,https://www.last.fm/music/Morad,0,"Hip-Hop, hip hop, rap"
Douglas Germano,770489,86186,,https://www.last.fm/music/Douglas+Germano,0,"samba, brasil, mpb"
ONF,5378827,86125,,https://www.last.fm/music/ONF,0,"k-pop, Korean, WM Entertainment"
Frex,548740,86111,,https://www.last.fm/music/Frex,0,"electropop, pop, 3"
MoKenStef,537100,86071,76696314-41f4-49fa-9085-cd1fea8b5557,https://www.last.fm/music/MoKenStef,0,"rnb, 90s, female vocalists"
Rauf & Faik,2262729,86061,,https://www.last.fm/music/Rauf+&+Faik,0,"azerbaijan, pop, russian"
Mata,11977022,86023,,https://www.last.fm/music/Mata,0,"Hip-Hop, polish, Polish RAP"
suho,6700317,86019,,https://www.last.fm/music/suho,0,"k-pop, Korean, Hip-Hop"
Montana99,1090130,86018,,https://www.last.fm/music/Montana99,0,"hip hop, rap, plugg"
Ghost Town DJs,458681,85877,,https://www.last.fm/music/Ghost+Town+DJs,0,"rnb, Hip-Hop, dance"
Young Slo-Be,1628397,85875,,https://www.last.fm/music/Young+Slo-Be,0,"rap, USA, american"
Brent Cobb,817092,85853,,https://www.last.fm/music/Brent+Cobb,0,"country, americana, singer-songwriter"
Max Fry,531307,85847,,https://www.last.fm/music/Max+Fry,0,USA
Jeris Johnson,1033166,85797,,https://www.last.fm/music/Jeris+Johnson,0,"rock, rap, Hip-Hop"
Vishal Dadlani,1014952,85762,e3fce957-14b8-40d3-9d4c-efc10a3813ef,https://www.last.fm/music/Vishal+Dadlani,0,"bollywood, Indian, Hindi"
EAJ,5525630,85730,,https://www.last.fm/music/EAJ,0,"Korean, DAY6, indie"
Mc MN,617054,85691,,https://www.last.fm/music/Mc+MN,0,"funk, brasil, baile funk"
Sherine,1320984,85688,0f1a5afe-2675-48e3-b1bb-907152cc1db8,https://www.last.fm/music/Sherine,0,"arabic, egyptian, egypt"
Intoxicados,1716173,85675,a60761b5-3aa0-4cd3-b61e-49ee458886fa,https://www.last.fm/music/Intoxicados,0,"Rock Argentino, rock, argentina"
"Francisco, el Hombre",1188134,85662,,"https://www.last.fm/music/Francisco,+el+Hombre",0,"alternative, brazilian, seen live"
Witchouse 40k,1911522,85660,,https://www.last.fm/music/Witchouse+40k,0,"Trap Metal, trapmetal, Distorted"
sammy rash,1408501,85618,,https://www.last.fm/music/sammy+rash,0,"indie pop, chillout, pop"
SawanoHiroyuki[nZk],2629018,85601,cb191900-8ad8-46b9-b021-a093ee2b2f9b,https://www.last.fm/music/SawanoHiroyuki%5BnZk%5D,0,"japanese, j-pop, anime"
Johnny Yukon,595182,85598,,https://www.last.fm/music/Johnny+Yukon,0,"rnb, Hip-Hop, hip hop"
Zola,4209675,85584,bf7127d0-85b4-418c-89f1-316cdff30918,https://www.last.fm/music/Zola,0,"Kwaito, south africa, african hip hop"
Tokyo Tea Room,638628,85569,,https://www.last.fm/music/Tokyo+Tea+Room,0,"dream pop, indie, female vocalists"
Sfera Ebbasta,5156906,85555,,https://www.last.fm/music/Sfera+Ebbasta,0,"trap, rap, Hip-Hop"
Solomon,876816,85428,f2011646-768e-47ba-afcf-19991e4d9081,https://www.last.fm/music/Solomon,0,"pop, deathcore, electronic"
Mc Pr,691928,85418,,https://www.last.fm/music/Mc+Pr,0,"brazil, brazilian"
Jatin-Lalit,1013171,85371,e565c4ed-e25e-495b-974d-bd1dce53f5e1,https://www.last.fm/music/Jatin-Lalit,0,"bollywood, Indian, Hindi"
Ssaliva,1030032,85356,e32007c6-2616-4586-b58d-4248101d273f,https://www.last.fm/music/Ssaliva,0,"chillwave, Lo-Fi, psychedelic"
Bausa,2289630,85354,,https://www.last.fm/music/Bausa,0,"Deutschrap, Hip-Hop, soul"
Fred Bongusto,495252,85338,027f5b4c-3a87-4480-96c5-38e4a4b56d9c,https://www.last.fm/music/Fred+Bongusto,0,"italian, Soundtrack, easy listening"
CaptainSparklez,586315,85212,,https://www.last.fm/music/CaptainSparklez,0,"humour, parody, Hip-Hop"
Prateek Kuhad,1860459,85053,,https://www.last.fm/music/Prateek+Kuhad,0,"Indian, under 2000 listeners, indie pop"
La Mosca Tse-Tse,789959,85040,,https://www.last.fm/music/La+Mosca+Tse-Tse,0,"ska, argentina, Rock Argentino"
Gee Lee,479208,85032,,https://www.last.fm/music/Gee+Lee,0,
Hikaru Shirosu,789715,85027,,https://www.last.fm/music/Hikaru+Shirosu,0,"piano, pop, japanese"
Mitchell Tenpenny,1385120,85023,,https://www.last.fm/music/Mitchell+Tenpenny,0,"country, country pop, pop"
Kiraw,1326323,84944,,https://www.last.fm/music/Kiraw,0,"phonk, electronic, normie"
henry moodie,886014,84929,,https://www.last.fm/music/henry+moodie,0,"pop, british, singer-songwriter"
Chenayder,498514,84862,,https://www.last.fm/music/Chenayder,0,"soul, indie pop, rnb"
PLK,5856430,84842,,https://www.last.fm/music/PLK,0,"Drum and bass, french, rap"
Elvis Drew,648330,84823,,https://www.last.fm/music/Elvis+Drew,0,germany
Durdenhauer,504559,84809,,https://www.last.fm/music/Durdenhauer,0,france
KA$TRO,681257,84777,,https://www.last.fm/music/KA$TRO,0,
Hannes,657543,84753,641dfe6e-131c-4c87-9f79-dcafe86c0c46,https://www.last.fm/music/Hannes,0,"swedish, singer-songwriter, under 2000 listeners"
Bear Ghost,2245254,84742,,https://www.last.fm/music/Bear+Ghost,0,"rock, alternative, Progressive rock"
Cacife Clandestino,1517349,84734,,https://www.last.fm/music/Cacife+Clandestino,0,"rap, rap alternativo, Hip-Hop"
Stephanie Mabey,730321,84675,0a74d45c-6b3e-4349-b4f8-a61ba8f4cd4b,https://www.last.fm/music/Stephanie+Mabey,0,"alternative, female vocalists, electronic"
Petey,1157607,84675,,https://www.last.fm/music/Petey,0,"Hip-Hop, rap, Dirty South"
BAKGROUND,785727,84666,,https://www.last.fm/music/BAKGROUND,0,"ambient, jungle, electronic"
Adekunle GOLD,1041189,84622,,https://www.last.fm/music/Adekunle+GOLD,0,"nigeria, afrobeats, african"
oceanfromtheblue,1785923,84570,,https://www.last.fm/music/oceanfromtheblue,0,"Korean, indie, rnb"
Ark Woods,666306,84569,,https://www.last.fm/music/Ark+Woods,0,"pop, Hip-Hop, hip hop"
MINAKO YOSHIDA,660723,84558,,https://www.last.fm/music/MINAKO+YOSHIDA,0,"japanese, female vocalists, Japanese City Pop"
Uclã,2422040,84545,,https://www.last.fm/music/Ucl%C3%A3,0,"trap, no melody, trap BR"
Klangspiel,795784,84534,,https://www.last.fm/music/Klangspiel,0,"white noise, brown noise, color noise"
Manuel Medrano,1559731,84525,,https://www.last.fm/music/Manuel+Medrano,0,"Colombia, latin pop"
Cassyette,983926,84462,,https://www.last.fm/music/Cassyette,0,"female vocalists, pop punk, seen live"
Angelmaker,2716791,84448,,https://www.last.fm/music/Angelmaker,0,"deathcore, Technical Deathcore, death metal"
Thelonious Monk Septet,401004,84428,51fe321e-5ad0-4dd1-a5c3-3e773688cdf8,https://www.last.fm/music/Thelonious+Monk+Septet,0,"jazz, bebop, piano"
Eraserheads,3999503,84424,b1640065-cc2f-4f92-ac4f-eb2d9f31d8da,https://www.last.fm/music/Eraserheads,0,"OPM, Pinoy Rock, rock"
Golden Boy,1156870,84401,9663a4dd-7afa-4314-a4f3-b444bdedcdda,https://www.last.fm/music/Golden+Boy,0,"electronic, breakcore, electro"
Dozy Sounds,642674,84376,,https://www.last.fm/music/Dozy+Sounds,0,"nature sounds, color noise"
Sanah,9966689,84362,,https://www.last.fm/music/Sanah,0,"electronic, indie pop, polish"
DAY6 (Even of Day),2496143,84358,,https://www.last.fm/music/DAY6+(Even+of+Day),0,"DAY6, k-pop, k-rock"
Grey Henson,917844,84259,,https://www.last.fm/music/Grey+Henson,0,"USA, Musical theatre, The Book Of Mormon"
Siiickbrain,990228,84233,,https://www.last.fm/music/Siiickbrain,0,"trap, dark trap, metal"
Sextile,892568,84200,,https://www.last.fm/music/Sextile,0,"post-punk, coldwave, darkwave"
VTSS,684209,84196,,https://www.last.fm/music/VTSS,0,"techno, Industrial Techno, ebm"
Rick Owens,2679272,84191,,https://www.last.fm/music/Rick+Owens,0,"archive, opium, destroy lonely"
Talk,861339,84157,f2282f62-49d2-49d0-8b35-0f3305496152,https://www.last.fm/music/Talk,0,"shoegaze, indie, japanese"
yatashigang,914273,84105,,https://www.last.fm/music/yatashigang,0,"noise, electronic, industrial"
Depresión Sonora,2781206,83982,,https://www.last.fm/music/Depresi%C3%B3n+Sonora,0,"post-punk, spain, coldwave"
Megan Moroney,1351649,83861,,https://www.last.fm/music/Megan+Moroney,0,"country, USA, georgia"
岡部啓一,3693826,83838,d82df34a-a1ff-45fa-ac50-c0b7454b201e,https://www.last.fm/music/%E5%B2%A1%E9%83%A8%E5%95%93%E4%B8%80,0,"video game music, Soundtrack, japanese"
Dillom,5384738,83818,,https://www.last.fm/music/Dillom,0,"RIP GANG, Talented Broke Boys, hip hop"
Yugyeom,2430332,83802,,https://www.last.fm/music/Yugyeom,0,"soul, rnb, k-rnb"
Philip Brooks,544246,83795,,https://www.last.fm/music/Philip+Brooks,0,"alternative, UK, shoegaze"
Real Boston Richey,1228303,83771,,https://www.last.fm/music/Real+Boston+Richey,0,"rap, florida, Hip-Hop"
Happy Diving,676609,83762,,https://www.last.fm/music/Happy+Diving,0,"Grunge, alternative rock, punk"
Heavn,1190031,83747,,https://www.last.fm/music/Heavn,0,United Kingdom
Sprain,1214582,83738,,https://www.last.fm/music/Sprain,0,"post-hardcore, post-rock, noise rock"
Again&again,1478757,83734,,https://www.last.fm/music/Again&again,0,"pop, alternative, rap"
MADEBYGODES,828014,83725,,https://www.last.fm/music/MADEBYGODES,0,"alternative, ambient, lofi beats"
Canserbero,4366721,83710,70a3344d-3f48-4843-ac93-e9e031d86b01,https://www.last.fm/music/Canserbero,0,"rap, Hip-Hop, rap venezolano"
Nina Chuba,2662826,83701,,https://www.last.fm/music/Nina+Chuba,0,"german, soul, rnb"
Texako,1741837,83624,,https://www.last.fm/music/Texako,0,"plugg, shit, trap"
Mitchie M,1670624,83582,e447a971-e4e2-4ea7-9330-472deb070e90,https://www.last.fm/music/Mitchie+M,0,"vocaloid, japanese, electronic"
Milet,2729764,83574,,https://www.last.fm/music/Milet,0,"j-pop, japanese, female vocalists"
Baby Storme,611718,83562,,https://www.last.fm/music/Baby+Storme,0,"indie, alternative, pop"
cashcache!,1288001,83557,,https://www.last.fm/music/cashcache%21,0,"plugg, rap, cloud rap"
Cate,930431,83548,,https://www.last.fm/music/Cate,0,"indie pop, House, metalcore"
SLAUSON MALONE 1,1141361,83548,,https://www.last.fm/music/SLAUSON+MALONE+1,0,"experimental, Hip-Hop, rap"
Hitsujibungaku,1528520,83534,,https://www.last.fm/music/Hitsujibungaku,0,"shoegaze, japanese, japan"
The Haunt,900390,83532,,https://www.last.fm/music/The+Haunt,0,"rock, alternative, female vocalists"
Turnpike Troubadours,2511149,83513,607edb17-d439-48db-8482-da92167e4a59,https://www.last.fm/music/Turnpike+Troubadours,0,"country, Red Dirt, country rock"
John-Robert,620270,83464,,https://www.last.fm/music/John-Robert,0,"indie, acoustic, pop"
Heuss L'enfoiré,2280179,83420,,https://www.last.fm/music/Heuss+L%27enfoir%C3%A9,0,france
Knox,1153836,83391,ca05e95f-d8a4-4147-aee7-8208386b8fbe,https://www.last.fm/music/Knox,0,"punk, speedcore, trip-hop"
Chinchilla,892879,83360,cc14ee3a-6660-490f-8183-6105aa9b898e,https://www.last.fm/music/Chinchilla,0,"Power metal, heavy metal, metal"
INSTASAMKA,2626252,83351,,https://www.last.fm/music/INSTASAMKA,0,"govno, slutcore, classic"
Olamide,992777,83304,,https://www.last.fm/music/Olamide,0,"Hip-Hop, africa, nigeria"
JJ Lin,1832099,83272,e5d8c705-8ea4-4820-b11d-fbf580d85ce4,https://www.last.fm/music/JJ+Lin,0,"chinese, C-pop, cpop"
Who-ya Extended,1227855,83240,,https://www.last.fm/music/Who-ya+Extended,0,"alternative rock, J-rock, japanese"
Kiaz,962112,83200,,https://www.last.fm/music/Kiaz,0,
Fyex,458473,83185,,https://www.last.fm/music/Fyex,0,"electronic, phonk"
Amigo The Devil,2315532,83133,,https://www.last.fm/music/Amigo+The+Devil,0,"folk, USA, gothic country"
Corbal,835204,83105,,https://www.last.fm/music/Corbal,0,"Hip-Hop, lofi, sad hip-hop"
Altamira,809991,83102,6abc9299-ee39-4184-9ccd-1cb254caa360,https://www.last.fm/music/Altamira,0,"math rock, jazz, instrumental"
WJSN CHOCOME,1869811,83069,,https://www.last.fm/music/WJSN+CHOCOME,0,"k-pop, Kpop, girl group"
Jensen McRae,880516,83040,,https://www.last.fm/music/Jensen+McRae,0,"indie pop, female vocalists, seen live"
Devon Again,726856,83035,,https://www.last.fm/music/Devon+Again,0,"indie pop, electropop, indie"
Mc Danone,458287,83031,,https://www.last.fm/music/Mc+Danone,0,"funk bh, Dennis s"
Anthony Naples,945808,83023,249649cb-390e-4169-80aa-8449ef43489b,https://www.last.fm/music/Anthony+Naples,0,"House, deep house, electronic"
PunchNello,1459520,82993,,https://www.last.fm/music/PunchNello,0,"Hip-Hop, rap, Korean"
Lainey Wilson,1108607,82932,,https://www.last.fm/music/Lainey+Wilson,0,"country, seen live, singer-songwriter"
Zach Callison,1163159,82915,,https://www.last.fm/music/Zach+Callison,0,"rock, alternative, indie"
Cynthia Harrell,974877,82905,eadf2016-229a-4f58-8098-7fdbaf3cc897,https://www.last.fm/music/Cynthia+Harrell,0,"Soundtrack, jazz, video game music"
X.L.T,522520,82904,,https://www.last.fm/music/X.L.T,0,rain
Parker McCollum,2196840,82856,,https://www.last.fm/music/Parker+McCollum,0,"country, folk, americana"
Miksu / Macloud,2464090,82831,,https://www.last.fm/music/Miksu+%2F+Macloud,0,german
Sophia Anne Caruso,1219095,82787,,https://www.last.fm/music/Sophia+Anne+Caruso,0,"female vocalists, pop, USA"
Haley Joelle,781735,82781,,https://www.last.fm/music/Haley+Joelle,0,"indie pop, female vocalists, piano"
boynextdoor,4328413,82711,,https://www.last.fm/music/boynextdoor,0,"k-pop, Kpop, Korean"
Jey,1283468,82683,,https://www.last.fm/music/Jey,0,"Hip-Hop, Korean, rap"
9muses,3320676,82621,fcee8322-bf8c-4bff-aece-b249ca83e00d,https://www.last.fm/music/9muses,0,"k-pop, Korean, Kpop"
Cheekface,2074007,82593,,https://www.last.fm/music/Cheekface,0,"indie rock, power pop, post-punk"
Taylor Louderman,925061,82543,,https://www.last.fm/music/Taylor+Louderman,0,better than taylor swift
Cosmic Collective,312255,82506,,https://www.last.fm/music/Cosmic+Collective,0,"ensemble, vaporjazz"
Meganeko,1446085,82487,85933ab1-fd6f-4a61-a99e-897c8e10e0ad,https://www.last.fm/music/Meganeko,0,"chiptune, dubstep, fakebit"
Grupo Firme,2117788,82457,,https://www.last.fm/music/Grupo+Firme,0,mexico
Pola & Bryson,1093117,82434,,https://www.last.fm/music/Pola+&+Bryson,0,"Drum and bass, liquid funk, liquid drum and bass"
CMAT,1525945,82431,,https://www.last.fm/music/CMAT,0,"seen live, irish, country"
Catch Your Breath,1203810,82347,,https://www.last.fm/music/Catch+Your+Breath,0,"metalcore, rock, hardcore"
Scrim,2772922,82337,,https://www.last.fm/music/Scrim,0,"rap, Hip-Hop, trap"
Masafumi Takada,4037798,82322,,https://www.last.fm/music/Masafumi+Takada,0,"video game music, Soundtrack, electronic"
Elsa y elmar,1649119,82320,,https://www.last.fm/music/Elsa+y+elmar,0,"Colombia, indie, folk"
Grupo Mojado,633329,82293,924c1095-e390-4852-86d4-4c7e7de100fc,https://www.last.fm/music/Grupo+Mojado,0,"cumbia, mexico, Shakira"
Jaybexo,685641,82243,,https://www.last.fm/music/Jaybexo,0,hip hop
Joseph Haydn,754516,82236,c130b0fb-5dce-449d-9f40-1437f889f7fe,https://www.last.fm/music/Joseph+Haydn,0,"Classical, baroque, composers"
Campbell,473097,82224,37ad8741-630d-4520-8d46-b25787ecb538,https://www.last.fm/music/Campbell,0,"seen live, electronic, Classical"
Imaginary Ambition,421075,82159,,https://www.last.fm/music/Imaginary+Ambition,0,"american, vaporwave"
Kevin Walkman,1163834,82066,,https://www.last.fm/music/Kevin+Walkman,0,USA
ariis,757516,82013,,https://www.last.fm/music/ariis,0,"phonk, Drum and bass, Belgium"
Your Stepdad,1614918,81935,,https://www.last.fm/music/Your+Stepdad,0,"hip hop, rap, underground rap"
DJ Kuroneko,1930372,81911,,https://www.last.fm/music/DJ+Kuroneko,0,"breakcore, Drum and bass, irish"
Pamungkas,1657215,81881,,https://www.last.fm/music/Pamungkas,0,"indonesian, indie, pop"
ONEWE,4942613,81868,,https://www.last.fm/music/ONEWE,0,"k-pop, k-rock, rock"
Mac Júlia,997826,81858,,https://www.last.fm/music/Mac+J%C3%BAlia,0,"trap, rap, brazil"
Mc Rodrigo do CN,848076,81850,,https://www.last.fm/music/Mc+Rodrigo+do+CN,0,
Unprocessed,2117192,81830,,https://www.last.fm/music/Unprocessed,0,"Progressive metal, DJENT, metalcore"
JGRXXN,863633,81826,,https://www.last.fm/music/JGRXXN,0,"rap, Horrorcore, Crunk"
Shadow Of Intent,4593578,81776,e49da23b-5624-49a8-8351-5a43b2d3d4e8,https://www.last.fm/music/Shadow+Of+Intent,0,"deathcore, symphonic deathcore, Melodic Death Metal"
Tila Tsoli,853075,81774,,https://www.last.fm/music/Tila+Tsoli,0,"pop, female vocalist, United States"
Pressa,1230205,81759,,https://www.last.fm/music/Pressa,0,"dubstep, Hip-Hop, hip hop"
Beauty School Dropout,1300032,81740,a084b9a0-b92f-4a7f-bafe-67c4aafeab4b,https://www.last.fm/music/Beauty+School+Dropout,0,"pop punk, punk, punk rock"
whitearmor,1837165,81691,,https://www.last.fm/music/whitearmor,0,"ambient, cloud rap, rap"
Drug Cabin,616496,81659,,https://www.last.fm/music/Drug+Cabin,0,"experimental, Psychedelic Rock, indie"
Ovy On The Drums,729374,81559,,https://www.last.fm/music/Ovy+On+The+Drums,0,"Colombia, Hip-Hop, latin"
Miyeon,2005964,81529,,https://www.last.fm/music/Miyeon,0,"Korean, k-pop, pop"
Oliver Buckland,1385966,81521,,https://www.last.fm/music/Oliver+Buckland,0,"electronic, alternative, acoustic"
Neriah,845498,81504,,https://www.last.fm/music/Neriah,0,"booba, milkers, indie"
Armaan Malik,2187853,81495,1424c238-6c25-4871-a40d-25205a5e44e0,https://www.last.fm/music/Armaan+Malik,0,"seen live, Indian, Ballad"
FOREVER GREY,809913,81420,,https://www.last.fm/music/FOREVER+GREY,0,"post-punk, darkwave, coldwave"
Shy High,946045,81402,,https://www.last.fm/music/Shy+High,0,
Model/Actriz,1547402,81394,,https://www.last.fm/music/Model%2FActriz,0,"post-punk, noise rock, no wave"
AR,787901,81252,e6ebaa7a-f0fc-4b4e-9a06-f0405de87209,https://www.last.fm/music/AR,0,"folk, japanese, ambient"
2hollis,2313601,81236,,https://www.last.fm/music/2hollis,0,"electropop, s, digicore"
BoofPaxkMooky,2464761,81192,,https://www.last.fm/music/BoofPaxkMooky,0,"plugg, pluggnb, alternative"
O Surto,744376,81111,143cd620-88f9-4c58-a2c1-46028166d020,https://www.last.fm/music/O+Surto,0,"rock, brazilian, hardcore"
Zeruel,792673,81100,,https://www.last.fm/music/Zeruel,0,shoegaze
Ahmad Anonimis,583272,81100,,https://www.last.fm/music/Ahmad+Anonimis,0,USA
1 800 PAIN,1644952,81071,,https://www.last.fm/music/1+800+PAIN,0,"industrial hip-hop, Hip-Hop, experimental hip-hop"
desert sand feels warm at night,1572343,81068,,https://www.last.fm/music/desert+sand+feels+warm+at+night,0,"vaporwave, ambient, slushwave"
Rei,1390507,81067,fc34fb0e-4e20-4777-8fc9-b7f22dfb4471,https://www.last.fm/music/Rei,0,"japanese, anime, glitch"
6th Street Jazz,289791,81031,,https://www.last.fm/music/6th+Street+Jazz,0,jazz
Manny Laurenko,924410,81023,,https://www.last.fm/music/Manny+Laurenko,0,"Hip-Hop, rap, trap"
grouptherapy.,1253928,81009,,https://www.last.fm/music/grouptherapy.,0,"rap, Hip-Hop, electronic"
Os Tincoãs,1266185,80962,22f87393-cc66-4a9c-b7ad-928be7234d76,https://www.last.fm/music/Os+Tinco%C3%A3s,0,"samba, mpb, brazilian"
Cast of Mamma Mia! The Movie,362971,80931,,https://www.last.fm/music/Cast+of+Mamma+Mia%21+The+Movie,0,
Ari Afsar,795302,80857,,https://www.last.fm/music/Ari+Afsar,0,"female vocalists, american, musical"
yuji,1168988,80852,,https://www.last.fm/music/yuji,0,"indie, ost, rnb"
Joanne Robertson,1077173,80817,daf06c03-68bc-4619-80e1-519b5fc67424,https://www.last.fm/music/Joanne+Robertson,0,"folk, female vocalists, singer-songwriter"
Ashley Sienna,979091,80777,,https://www.last.fm/music/Ashley+Sienna,0,"pop, female vocalists, singer-songwriter"
szymon,695467,80726,,https://www.last.fm/music/szymon,0,"polish, rock, pop rock"
Takatsugu Muramatsu,707777,80716,,https://www.last.fm/music/Takatsugu+Muramatsu,0,"Soundtrack, japanese, composer"
syudou,1934283,80693,,https://www.last.fm/music/syudou,0,"vocaloid, japanese, electronic"
VaporGod,853906,80671,,https://www.last.fm/music/VaporGod,0,
Frog,1062532,80666,c82c727f-b5a1-4c1c-940b-5f9766f87a59,https://www.last.fm/music/Frog,0,"rock, emo, indie rock"
Wunderhorse,998390,80630,,https://www.last.fm/music/Wunderhorse,0,"seen live, Grunge, alternative rock"
Jean Tassy,1818582,80619,,https://www.last.fm/music/Jean+Tassy,0,"hip hop, brazil, brasil"
Nosgov,2751106,80584,,https://www.last.fm/music/Nosgov,0,"digicore, cloud rap, trap"
Mc Kaio,746619,80528,,https://www.last.fm/music/Mc+Kaio,0,"funk, funk bh"
Armani Caesar,859400,80517,,https://www.last.fm/music/Armani+Caesar,0,"rap, Hip-Hop, trap"
Nylana,694762,80478,,https://www.last.fm/music/Nylana,0,"white noise, ocean, color noise"
Jace!,2811957,80455,,https://www.last.fm/music/Jace%21,0,"Regalia, Gangsta Rap, schizophrenic"
Tommy Ice,1906162,80455,,https://www.last.fm/music/Tommy+Ice,0,USA
Janine,707197,80452,bf513805-ead4-4af5-8111-dc77b8b60755,https://www.last.fm/music/Janine,0,"pop, rnb, Hip-Hop"
MC Menor MT,589741,80441,,https://www.last.fm/music/MC+Menor+MT,0,"brazil, brazilian, Funk Carioca"
Leall,3717703,80427,,https://www.last.fm/music/Leall,0,"drill, Grime, brazil"
Dannylux,2642681,80408,,https://www.last.fm/music/Dannylux,0,"pop, alternative, latin"
Mommy Long Legs,1335854,80407,,https://www.last.fm/music/Mommy+Long+Legs,0,"punk, Lo-Fi, riot grrrl"
[Alexandros],1944927,80402,,https://www.last.fm/music/%5BAlexandros%5D,0,"J-rock, japanese, rock"
MeloMance,917637,80369,,https://www.last.fm/music/MeloMance,0,"Ballad, indie, Korean"
DaeMoney,1466819,80277,,https://www.last.fm/music/DaeMoney,0,"hip hop, rap, detroit"
Wes Montgomery Trio,502867,80258,739d421f-1f7a-4dd8-b56e-fb4fb7634aee,https://www.last.fm/music/Wes+Montgomery+Trio,0,"jazz, jazz guitar, guitar"
Yung Fazo,1405951,80184,,https://www.last.fm/music/Yung+Fazo,0,"rap, USA, american"
The Jins,811954,80129,,https://www.last.fm/music/The+Jins,0,"Grunge, Vancouver, rock"
Crafting Audio,1270688,80083,,https://www.last.fm/music/Crafting+Audio,0,
Bom Gosto,751312,80073,1cb71618-debf-444b-88bd-93be6ab07956,https://www.last.fm/music/Bom+Gosto,0,"Pagode, samba, brasil"
ZAQ,2009100,80067,690f8035-8a12-4e68-bcba-98b3ee19be9e,https://www.last.fm/music/ZAQ,0,"japanese, anime, female vocalists"
First and Forever,854119,80035,,https://www.last.fm/music/First+and+Forever,0,"pop punk, post-hardcore, emo"
Ryokuoushoku Shakai,1448496,80022,,https://www.last.fm/music/Ryokuoushoku+Shakai,0,"japanese, J-rock, j-pop"
Vernon,1423278,80006,b67f0a1b-b097-4776-bb04-1496497063ff,https://www.last.fm/music/Vernon,0,"trance, electronic, progressive trance"
A Dreaming Machine,692682,79986,,https://www.last.fm/music/A+Dreaming+Machine,0,"white noise, color noise"
Pluvia,1027012,79972,,https://www.last.fm/music/Pluvia,0,france
"Daniel, Me Estás Matando",1758059,79958,,"https://www.last.fm/music/Daniel,+Me+Est%C3%A1s+Matando",0,"mexico, bolero, spanish"
Strandz,963841,79938,,https://www.last.fm/music/Strandz,0,
Higuchi Ai,1052911,79910,,https://www.last.fm/music/Higuchi+Ai,0,"pop, japan"
Carlos Rafael Rivera,1257339,79770,a817428c-6c20-4c01-ae5c-51410ab77d2c,https://www.last.fm/music/Carlos+Rafael+Rivera,0,"Soundtrack, composer, USA"
Swim,467731,79733,b82c55d4-c2ce-4a74-a9e4-b916b5f916cf,https://www.last.fm/music/Swim,0,"rapcore, Nu Metal, Nu-metal"
Sukima Switch,859057,79732,d7e28bb6-366a-46d8-92a9-ae574375c75d,https://www.last.fm/music/Sukima+Switch,0,"j-pop, japanese, male vocalists"
Oki,8854634,79731,8831395b-5925-4870-8b5c-dee136029376,https://www.last.fm/music/Oki,0,"japanese, ainu, world"
Ysy A,9358610,79676,,https://www.last.fm/music/Ysy+A,0,"trap argentino, trap, margaret thatcher"
Pequeno Cidadão,856779,79583,12902ff3-4609-47ef-a21c-82eaabad315f,https://www.last.fm/music/Pequeno+Cidad%C3%A3o,0,"mpb, brazil, infantil"
BOOBIE LOOTAVELI,670432,79450,,https://www.last.fm/music/BOOBIE+LOOTAVELI,0,"rap, alternative hip hop, Hip-Hop"
Cody Jinks,2186524,79431,,https://www.last.fm/music/Cody+Jinks,0,"country, country rock, outlaw country"
Bizzy Banks,2209079,79430,,https://www.last.fm/music/Bizzy+Banks,0,"rap, drill, hip hop"
Greek,866710,79410,e684868f-6f28-4f47-912a-91bb4372aabc,https://www.last.fm/music/Greek,0,"rap, Greek Music, Hip-Hop"
Los Socios Del Ritmo,527142,79377,810b3a60-8645-43a9-9394-eab5075deef8,https://www.last.fm/music/Los+Socios+Del+Ritmo,0,"mexico, ME GUSTAN LAS CANCIONES VIEJITAS, latin"
twikipedia,6786064,79329,,https://www.last.fm/music/twikipedia,0,"digicore, hyperpop, glitchcore"
Kevin Penkin,4348921,79258,9b30447a-eaa8-4e0b-b464-cc12005d3b5d,https://www.last.fm/music/Kevin+Penkin,0,"Soundtrack, australian, composer"
Dj Batata,439932,79131,,https://www.last.fm/music/Dj+Batata,0,"Funk Carioca, baile funk, valmir"
"Ryu, the Runner",5228185,79129,,"https://www.last.fm/music/Ryu,+the+Runner",0,"trap, detroit, goofy"
Adie,2357396,79092,2f03b0e5-be4d-4012-b359-92ee44d74836,https://www.last.fm/music/Adie,0,"christian, pop, female vocalists"
kaystrueno,2290941,79091,,https://www.last.fm/music/kaystrueno,0,"sigilkore, underground, greed"
The Du,936012,79076,,https://www.last.fm/music/The+Du,0,"j-pop, JoJo, japanese"
Aisha,1693376,79061,fdba7fd1-90c0-4548-9b5b-241d39b048bb,https://www.last.fm/music/Aisha,0,"latvian, reggae, female vocalists"
Sadesper Record,645750,79037,972b5ecd-995e-40a8-ac24-105456c17a9c,https://www.last.fm/music/Sadesper+Record,0,"electronic, shoegaze, ambient"
Asteria,1726447,79004,5262b942-19c5-4c1f-b3c5-720e0aa21609,https://www.last.fm/music/Asteria,0,"pop punk, emo, alternative"
dogleg,1839841,79002,,https://www.last.fm/music/dogleg,0,"emo, post-hardcore, punk"
gulch,2370175,78993,,https://www.last.fm/music/gulch,0,"hardcore, metalcore, deathcore"
Chandler Leighton,713099,78934,,https://www.last.fm/music/Chandler+Leighton,0,"pop, female vocalists, USA"
Slump6s,2034510,78897,,https://www.last.fm/music/Slump6s,0,"hip hop, cloud rap, Hip-Hop"
Oden & Fatzo,527661,78873,,https://www.last.fm/music/Oden+&+Fatzo,0,"House, DIsco House, Disco"
Anıl Emre Daldal,1317272,78836,,https://www.last.fm/music/An%C4%B1l+Emre+Daldal,0,turkish
Switch Disco,472817,78825,,https://www.last.fm/music/Switch+Disco,0,"electronic, british, dance"
Exodia,1222343,78783,25296507-b0b0-4955-8e29-ab814bcf751b,https://www.last.fm/music/Exodia,0,"thrash metal, trance, spanish"
川村ゆみ,2776955,78686,e6b64735-7916-4c77-a86e-cf612ee05be5,https://www.last.fm/music/%E5%B7%9D%E6%9D%91%E3%82%86%E3%81%BF,0,"japanese, j-pop, female vocalists"
thquib,855744,78658,,https://www.last.fm/music/thquib,0,"vocaloid, electronic, pop"
Riley Green,2079142,78640,,https://www.last.fm/music/Riley+Green,0,"country, contemporary country, country road"
Anirudh Ravichander,5238279,78637,cf76861a-c1f5-456d-8d17-5994d05eecf8,https://www.last.fm/music/Anirudh+Ravichander,0,"tamil, pop, rock"
Reality Club,1974524,78610,,https://www.last.fm/music/Reality+Club,0,"indie, indie pop, indonesia"
YooA,1572325,78575,,https://www.last.fm/music/YooA,0,"k-pop, pop, oh my girl"
NiziU,2609932,78571,,https://www.last.fm/music/NiziU,0,"j-pop, japanese, pop"
DJ Ws da Igrejinha,1522562,78562,,https://www.last.fm/music/DJ+Ws+da+Igrejinha,0,"funk, baile funk, Bh"
bleed,699071,78536,d84a4d7d-c02d-480a-8fa4-90c2a6df539b,https://www.last.fm/music/bleed,0,"hardcore, emo, death metal"
Buckshot,3168188,78531,d1324962-8ddf-43cc-8d5f-973a8ec383b9,https://www.last.fm/music/Buckshot,0,"Hip-Hop, DSBM, Depressive Suicidal Black Metal"
elusin,2075012,78467,,https://www.last.fm/music/elusin,0,"witch house, cloud rap, dream pop"
Elkka,461772,78466,,https://www.last.fm/music/Elkka,0,"electronic, House, techno"
Moira Dela Torre,1899281,78464,,https://www.last.fm/music/Moira+Dela+Torre,0,"singer-songwriter, philippines"
Allysium,382186,78425,,https://www.last.fm/music/Allysium,0,piano
Paper Route Empire,985472,78424,,https://www.last.fm/music/Paper+Route+Empire,0,"Hip-Hop, hip hop, rap"
Richard Carter,692313,78367,,https://www.last.fm/music/Richard+Carter,0,
Shabazz Pbg,684617,78348,,https://www.last.fm/music/Shabazz+Pbg,0,
Gel,1489564,78303,bf1156c3-35a2-4f7c-b7e9-cfa6ca884210,https://www.last.fm/music/Gel,0,"hardcore punk, hardcore, electronica"
Caligula's Horse,3868182,78297,3ab39ae8-599e-4d70-8902-894dcfcf4092,https://www.last.fm/music/Caligula%27s+Horse,0,"Progressive metal, Progressive rock, australian"
Big One,942170,78244,,https://www.last.fm/music/Big+One,0,"rock, classic rock, seen live"
GLWZBLL,771976,78220,,https://www.last.fm/music/GLWZBLL,0,"synthpop, Lo-Fi, nu rave"
Ramona,1091952,78207,bb5e1256-a869-45e9-a13c-e8aa14009d89,https://www.last.fm/music/Ramona,0,"seen live, indie rock, power pop"
RealYungPhil,1830618,78185,,https://www.last.fm/music/RealYungPhil,0,"sample drill, plugg, rap"
Eric Land,811670,78148,,https://www.last.fm/music/Eric+Land,0,"brazil, Forro, Brega"
Clip,872432,78120,5ad98143-69d6-4442-937f-7abbe9216233,https://www.last.fm/music/Clip,0,"metalcore, Nu Metal, groove metal"
Merchant Ships,1970192,78111,a40f57c9-76cb-43ae-a80a-df6bf91abb1e,https://www.last.fm/music/Merchant+Ships,0,"screamo, emo, post-hardcore"
Jin Hashimoto,807083,78070,,https://www.last.fm/music/Jin+Hashimoto,0,"rock, japanese, Soundtrack"
Any Given Day,1558110,78050,22aa73b2-ae8f-4d86-84b9-0f48375ac350,https://www.last.fm/music/Any+Given+Day,0,"metalcore, melodic metalcore, german"
Jann,2210508,78029,4c457892-7f68-4c93-8bc4-df590b29cb3a,https://www.last.fm/music/Jann,0,"pop, polish, piotr krasko w swojej mazurskiej posiadlosci"
The Moss,697052,78007,,https://www.last.fm/music/The+Moss,0,"stoner, indie, rock"
Vou Pro Sereno,1031428,77953,,https://www.last.fm/music/Vou+Pro+Sereno,0,"brazilian, male vocalists, Pagode"
ADTurnUp,1342184,77889,,https://www.last.fm/music/ADTurnUp,0,
Hamid Al Shaeri,812935,77873,,https://www.last.fm/music/Hamid+Al+Shaeri,0,"arabic, libya, libyan"
The Noisy Outdoors,576931,77773,,https://www.last.fm/music/The+Noisy+Outdoors,0,
GenriX,815243,77734,,https://www.last.fm/music/GenriX,0,
Coaltar of the Deepers,3209309,77725,e031ae5d-db68-4e06-980b-f828fe5b40dd,https://www.last.fm/music/Coaltar+of+the+Deepers,0,"shoegaze, japanese, alternative"
MCR-T,842295,77688,,https://www.last.fm/music/MCR-T,0,"Hip-Hop, techno, euro-house"
Nadav Cohen,589544,77671,,https://www.last.fm/music/Nadav+Cohen,0,"ambient, Progressive rock, psychedelic"
Caio Luccas,2457760,77667,,https://www.last.fm/music/Caio+Luccas,0,"trap, trap BR"
Harris & Ford,1310670,77634,,https://www.last.fm/music/Harris+&+Ford,0,"dance, House, electronic"
Go-Jo,481524,77609,,https://www.last.fm/music/Go-Jo,0,"australian, western australian"
Astrophysics,1729597,77599,,https://www.last.fm/music/Astrophysics,0,"synthwave, electronic, experimental"
Nightcore Reality,829195,77499,,https://www.last.fm/music/Nightcore+Reality,0,"american, synthpop, All"
日本アニメ(ーター)見本市,813276,77471,,https://www.last.fm/music/%E6%97%A5%E6%9C%AC%E3%82%A2%E3%83%8B%E3%83%A1(%E3%83%BC%E3%82%BF%E3%83%BC)%E8%A6%8B%E6%9C%AC%E5%B8%82,0,japan
Seungkwan,1582208,77453,,https://www.last.fm/music/Seungkwan,0,"Korean, seventeen, k-pop"
Micah Edwards,577264,77452,,https://www.last.fm/music/Micah+Edwards,0,"jazz, pop, soul"
Omoinotake,1220392,77415,,https://www.last.fm/music/Omoinotake,0,"japanese, j-pop, city pop"
TURQUOISEDEATH,822171,77401,,https://www.last.fm/music/TURQUOISEDEATH,0,"breakcore, shoegaze, breakbeat"
Neggy Gemmy,791533,77360,,https://www.last.fm/music/Neggy+Gemmy,0,"dream pop, darkwave, electronic"
Jory Boy,641059,77358,,https://www.last.fm/music/Jory+Boy,0,"Reggaeton, puerto rico, latin"
All Under Heaven,783033,77349,2bc0f29e-1402-49b4-bbbb-27325369ca22,https://www.last.fm/music/All+Under+Heaven,0,"shoegaze, alternative rock, indie"
TommyMuzzic,746843,77329,,https://www.last.fm/music/TommyMuzzic,0,"cover, mashup, remix"
jon-YAKITORY,984001,77310,,https://www.last.fm/music/jon-YAKITORY,0,"japanese, japan, J-rock"
Buck Meek,871261,77306,,https://www.last.fm/music/Buck+Meek,0,"folk, indie, singer-songwriter"
Surf Gang,1886404,77202,,https://www.last.fm/music/Surf+Gang,0,"new york, trap, american"
K Motionz,882517,77195,,https://www.last.fm/music/K+Motionz,0,"jump up, dnb"
Davishmar,399151,77193,,https://www.last.fm/music/Davishmar,0,
Eduardo Mateo,888880,77125,359b7ce1-2a0a-4411-a4ef-19fe125e6c0a,https://www.last.fm/music/Eduardo+Mateo,0,"uruguay, candombe, singer-songwriter"
Janet Redger,321773,77123,,https://www.last.fm/music/Janet+Redger,0,background piano
Roe Kapara,951322,77088,,https://www.last.fm/music/Roe+Kapara,0,"indie, USA, singer songwriter"
El mató a un policía motorizado,3118374,77042,,https://www.last.fm/music/El+mat%C3%B3+a+un+polic%C3%ADa+motorizado,0,"argentina, indie rock, seen live"
Peekaboo,768508,77042,,https://www.last.fm/music/Peekaboo,0,"electronic, dubstep, trap"
Matveï,492759,77022,,https://www.last.fm/music/Matve%C3%AF,0,"electronic, french, electropop"
Natalia Lacunza,2262317,76982,,https://www.last.fm/music/Natalia+Lacunza,0,"indie, spain, spanish"
Mook,1836908,76944,4f5640cc-23f3-4c89-b3ba-09aa2f390b7b,https://www.last.fm/music/Mook,0,"alternative, seen live, indie"
11vx,524232,76899,,https://www.last.fm/music/11vx,0,dnb
Seattle Symphony Orchestra,256842,76797,,https://www.last.fm/music/Seattle+Symphony+Orchestra,0,"seen live, orchestra, hepi"
TyFontaine,2171990,76782,,https://www.last.fm/music/TyFontaine,0,"Hip-Hop, rap, psychedelic"
Sky Rompiendo,899307,76782,,https://www.last.fm/music/Sky+Rompiendo,0,"Reggaeton, Colombia, trap"
Këkht Aräkh,2825930,76629,,https://www.last.fm/music/K%C3%ABkht+Ar%C3%A4kh,0,"black metal, atmospheric black metal, Ukrainian"
L'Arc-en-Ciel,2368505,76618,62b61409-d13e-4281-9e3f-06941c2c5f5f,https://www.last.fm/music/L%27Arc-en-Ciel,0,"J-rock, japanese, rock"
Potyguara Bardo,2377743,76596,,https://www.last.fm/music/Potyguara+Bardo,0,"mpb, pop, alternative"
POLO PERKS <3 <3 <3,2402294,76591,,https://www.last.fm/music/POLO+PERKS+%3C3+%3C3+%3C3,0,"surf gang, drill, rap"
Kizz Daniel,926214,76559,,https://www.last.fm/music/Kizz+Daniel,0,"nigeria, africa"
Micro Tdh,1461093,76497,,https://www.last.fm/music/Micro+Tdh,0,"venezuela, Hip-Hop, hip hop"
leadwave,650697,76428,,https://www.last.fm/music/leadwave,0,dark ambient
French Police,766098,76388,,https://www.last.fm/music/French+Police,0,"post-punk, coldwave, darkwave"
Kaden MacKay,877647,76324,,https://www.last.fm/music/Kaden+MacKay,0,american
40mP,1048988,76305,e1719c24-118e-425b-8f94-954dcf583fb0,https://www.last.fm/music/40mP,0,"vocaloid, japanese, j-pop"
Lil Shine,7696727,76303,d4c7d574-c8f8-4c7e-ab45-fc612df367ca,https://www.last.fm/music/Lil+Shine,0,"trap, cloud rap, plugg"
SHPACKYOU$,595805,76275,,https://www.last.fm/music/SHPACKYOU$,0,"phonk, electronic"
Skin On Skin,817985,76208,10135b81-56f2-47ee-8dbb-06be8577ea45,https://www.last.fm/music/Skin+On+Skin,0,"electronic, techno, House"
mamerico,1059696,76161,,https://www.last.fm/music/mamerico,0,"japanese, folk, Bossa Nova"
GroovyDominoes52,391215,76117,,https://www.last.fm/music/GroovyDominoes52,0,"youtube, philippines, Filipino"
DJ AG O GRINGO,679038,76089,,https://www.last.fm/music/DJ+AG+O+GRINGO,0,
Dixon Dallas,832146,76074,,https://www.last.fm/music/Dixon+Dallas,0,"classic country, country, american"
Odie Leigh,1110157,76045,,https://www.last.fm/music/Odie+Leigh,0,"folk, indie folk, seen live"
Matt Hansen,930738,76042,,https://www.last.fm/music/Matt+Hansen,0,"Minnesota, singer-songwriter, USA"
Cil,501490,76039,,https://www.last.fm/music/Cil,0,"seen live, female vocalist, heard live"
Grupo Marca Registrada,2571053,75978,,https://www.last.fm/music/Grupo+Marca+Registrada,0,"mexico, corridos, porno corridos"
Kwon Eunbi,1290114,75928,,https://www.last.fm/music/Kwon+Eunbi,0,"k-pop, electronic, pop"
Dr. Gabba,989815,75909,,https://www.last.fm/music/Dr.+Gabba,0,"chill, ambient, techno"
Bou,818869,75833,,https://www.last.fm/music/Bou,0,"british, Drum and bass, jump up"
S10,2890401,75804,,https://www.last.fm/music/S10,0,"pop, dutch, seen live"
Christian Borle,1546005,75781,68840364-a295-4411-a504-73e20da1007c,https://www.last.fm/music/Christian+Borle,0,"musical, Broadway, Soundtrack"
Phoneboy,1727214,75765,,https://www.last.fm/music/Phoneboy,0,"indie, indie pop, indie rock"
Yahritza Y Su Esencia,1095113,75683,,https://www.last.fm/music/Yahritza+Y+Su+Esencia,0,"latin, mexico, Ballad"
Isak Roen,577103,75595,,https://www.last.fm/music/Isak+Roen,0,
Dashie,945399,75594,,https://www.last.fm/music/Dashie,0,"Hip-Hop, hip hop, youtube rap"
Super Yei,829403,75579,,https://www.last.fm/music/Super+Yei,0,puerto rico
Pro Sounds of Nature,474427,75561,,https://www.last.fm/music/Pro+Sounds+of+Nature,0,
Frizk,635658,75486,,https://www.last.fm/music/Frizk,0,"chill, american, breakcore"
Saya Gray,649569,75463,,https://www.last.fm/music/Saya+Gray,0,"experimental, electronic, indie"
Ana Mena,2409171,75362,,https://www.last.fm/music/Ana+Mena,0,"pop, spanish, latin"
Zulu,1070544,75353,f47eab05-ee3d-4841-93ec-ab1f67d97b6d,https://www.last.fm/music/Zulu,0,"hardcore, powerviolence, thrashcore"
MC Laranjinha,650542,75350,,https://www.last.fm/music/MC+Laranjinha,0,
Conquer Divide,1146313,75310,6b6da5b9-5620-4127-b90e-465be8d9b82a,https://www.last.fm/music/Conquer+Divide,0,"post-hardcore, metalcore, female fronted"
Tulus,4070764,75277,704371d3-c46f-484c-bbcc-5bc9ddd22c8d,https://www.last.fm/music/Tulus,0,"black metal, Norwegian Black Metal, norwegian"
LIGHTSUM,2336191,75229,,https://www.last.fm/music/LIGHTSUM,0,"k-pop, pop, Korean"
Breakfast For Brunch,237488,75226,,https://www.last.fm/music/Breakfast+For+Brunch,0,
Kevin Jz Prodigy,684451,75222,,https://www.last.fm/music/Kevin+Jz+Prodigy,0,"american, black music, Dance Songs"
Beach Vacation,416968,75192,,https://www.last.fm/music/Beach+Vacation,0,"indie pop, dream pop, indie"
Deepnoum,908694,75172,,https://www.last.fm/music/Deepnoum,0,
MC Bin Laden,426429,75131,,https://www.last.fm/music/MC+Bin+Laden,0,"experimental, Avant-Garde, post-funk carioca"
GNB CHILI,1324161,75122,,https://www.last.fm/music/GNB+CHILI,0,"Drum and bass, dnb, Korean"
Joomanji,583756,75118,94ae1b47-b222-406c-8ad3-591ca3d9b5a5,https://www.last.fm/music/Joomanji,0,"Hip-Hop, jazz, soul"
Marcus King,622468,75111,,https://www.last.fm/music/Marcus+King,0,"soul, blues, blues rock"
bawo,902891,75108,,https://www.last.fm/music/bawo,0,"rap, UK, london"
Awaken I Am,1013884,75055,,https://www.last.fm/music/Awaken+I+Am,0,"post-hardcore, alternative rock, australian"
Zé Keti,505774,75048,65960c62-c02f-441f-8a34-5c15486c5252,https://www.last.fm/music/Z%C3%A9+Keti,0,"samba, Bossa Nova, brasil"
Kira,1191038,74974,f83512f7-bf10-4622-b156-a600bb44d191,https://www.last.fm/music/Kira,0,"turkish rock, anatolian rock, rock"
Sotam,1168223,74960,,https://www.last.fm/music/Sotam,0,
Common Saints,494878,74932,,https://www.last.fm/music/Common+Saints,0,"soul, psychedelic, british"
桐生一馬(黒田崇矢),1092844,74868,,https://www.last.fm/music/%E6%A1%90%E7%94%9F%E4%B8%80%E9%A6%AC(%E9%BB%92%E7%94%B0%E5%B4%87%E7%9F%A2),0,"japanese, Soundtrack, serbian cloudrap"
Luccas Carlos,1830123,74799,,https://www.last.fm/music/Luccas+Carlos,0,"rap, Hip-Hop, seen live"
結束バンド,6407971,74789,,https://www.last.fm/music/%E7%B5%90%E6%9D%9F%E3%83%90%E3%83%B3%E3%83%89,0,"J-rock, indie rock, anime"
Up Dharma Down,3010854,74780,d022ebf8-4a5c-4adc-8d4a-7fd0f919eaa0,https://www.last.fm/music/Up+Dharma+Down,0,"OPM, indie, electronica"
Rory,447426,74756,81a877ac-10c8-4bbe-ad6c-b8bb62369215,https://www.last.fm/music/Rory,0,"pop punk, seen live, indie"
Freyr,444360,74684,7a7d5299-33ca-4340-9d0e-53ce556ac4a4,https://www.last.fm/music/Freyr,0,"black metal, alternative rock, noise"
Sunami,2715468,74652,e7c6a9f3-6f1e-4ae6-b91b-85436c368484,https://www.last.fm/music/Sunami,0,"hardcore, metalcore, beatdown"
Dana and Alden,488434,74591,,https://www.last.fm/music/Dana+and+Alden,0,"jazz, indie"
OsamaSon,6881295,74587,,https://www.last.fm/music/OsamaSon,0,"plugg, dark plugg, trap"
Dfideliz,1992165,74584,,https://www.last.fm/music/Dfideliz,0,"Hip-Hop, rap, brazil"
Groovy,699666,74531,06fecb62-01bc-4569-be10-3df8e736d9a4,https://www.last.fm/music/Groovy,0,"electronic, ambient, psychedelic"
454,2061740,74432,02948e52-2106-4f3b-93cd-018ef593fec3,https://www.last.fm/music/454,0,"plugg, Hip-Hop, Nu Metal"
SeeYouSpaceCowboy...,2735915,74431,,https://www.last.fm/music/SeeYouSpaceCowboy...,0,"mathcore, metalcore, screamo"
poptropicaslutz!,2398726,74356,,https://www.last.fm/music/poptropicaslutz%21,0,"hyperpop, hyper punk, emo rap"
Ovi,1329550,74335,,https://www.last.fm/music/Ovi,0,"pop, Romanian, Eurovision"
Scowl,1245750,74331,,https://www.last.fm/music/Scowl,0,"hardcore, hardcore punk, grindcore"
Gzuz,4218156,74331,,https://www.last.fm/music/Gzuz,0,"rap, Hip-Hop, St Pauli"
Sant,2493738,74326,,https://www.last.fm/music/Sant,0,"rap, Hip-Hop, chillout"
Maria Pseftoga,706253,74323,,https://www.last.fm/music/Maria+Pseftoga,0,
Papa Bear & His Cubs,377732,74275,,https://www.last.fm/music/Papa+Bear+&+His+Cubs,0,"soul, rnb, 60s"
Medium Build,655983,74249,,https://www.last.fm/music/Medium+Build,0,"alaska, seen live, indie"
Jade LeMac,828226,74225,,https://www.last.fm/music/Jade+LeMac,0,"pop, Canadian, canada"
Sakanaction,1492216,74188,,https://www.last.fm/music/Sakanaction,0,"electronic, japanese, J-rock"
01099,3561335,74187,,https://www.last.fm/music/01099,0,"Hip-Hop, rap, german"
sasakure.UK,1740471,74182,a2c9ccdc-bf05-4ffb-8201-57f81322852e,https://www.last.fm/music/sasakure.UK,0,"vocaloid, electronic, chiptune"
99zed,955631,74112,,https://www.last.fm/music/99zed,0,"hip hop, rap, phonk"
Cassiano,975243,74051,74a9fd54-13de-4aed-aada-31b992745865,https://www.last.fm/music/Cassiano,0,"soul, funk, brazilian"
Sha Gz,1814848,74045,,https://www.last.fm/music/Sha+Gz,0,"hip hop, rap, new york"
Sorry Mom,771397,74042,,https://www.last.fm/music/Sorry+Mom,0,"punk, UK, 3"
Hunxho,791188,74032,,https://www.last.fm/music/Hunxho,0,"rap, american, trap"
trndytrndy,390914,74001,,https://www.last.fm/music/trndytrndy,0,
Rogér Fakhr,589581,73988,,https://www.last.fm/music/Rog%C3%A9r+Fakhr,0,"Lebanon, folk, singer-songwriter"
Gazo,4655121,73971,,https://www.last.fm/music/Gazo,0,"Hip-Hop, french, france"
Glass Trio,235355,73966,,https://www.last.fm/music/Glass+Trio,0,jazz
Masashi Hamauzu,2050397,73919,deff82b2-f269-47fc-b0bc-383a5c911acb,https://www.last.fm/music/Masashi+Hamauzu,0,"video game music, Soundtrack, japanese"
Restricted,515586,73909,,https://www.last.fm/music/Restricted,0,"hardcore, beatdown hardcore, punk"
Yuuri,1655282,73889,,https://www.last.fm/music/Yuuri,0,"j-pop, pop, japanese"
aldrch,1124761,73876,,https://www.last.fm/music/aldrch,0,USA
thekidszn,875324,73870,,https://www.last.fm/music/thekidszn,0,"rap, hiphop, cloudrap"
Poseidon,1162720,73802,ad268975-a7ec-48b9-b129-e3a652639b56,https://www.last.fm/music/Poseidon,0,"Post-Metal, Progressive metal, thrash metal"
mirani,1272206,73702,,https://www.last.fm/music/mirani,0,"Hip-Hop, rap, Korean"
Chuu,2844476,73682,,https://www.last.fm/music/Chuu,0,"k-pop, Korean, Loona"
Mei Ehara,874645,73662,,https://www.last.fm/music/Mei+Ehara,0,"singer-songwriter, japanese, J-Indie"
Oboy,3366019,73633,,https://www.last.fm/music/Oboy,0,"rap, france, alternative rap"
Boys Planet,3117438,73632,,https://www.last.fm/music/Boys+Planet,0,"k-pop, boys planet, Korean"
Munn,1237525,73618,,https://www.last.fm/music/Munn,0,"trip-hop, singer-songwriter, american"
FIN,879370,73608,e4112812-ed91-469e-acfa-7b7e6729a4d1,https://www.last.fm/music/FIN,0,"black metal, seen live, noise"
kMoe,1671587,73599,,https://www.last.fm/music/kMoe,0,"hyperpop, digicore, electronic"
Lionmilk,627429,73597,,https://www.last.fm/music/Lionmilk,0,"electronic, Hip-Hop, ambient"
Nimo,2363313,73539,d91d3abd-5dc4-4c40-9c9e-a0e53f5b3bdd,https://www.last.fm/music/Nimo,0,"rap, Hip-Hop, swedish"
Moon Sujin,919087,73520,,https://www.last.fm/music/Moon+Sujin,0,"rnb, Korean, rap"
Vibe Chemistry,962710,73450,,https://www.last.fm/music/Vibe+Chemistry,0,"Drum and bass, electronic, british"
T-Dre,857003,73444,,https://www.last.fm/music/T-Dre,0,"Hip-Hop, USA, bounce"
Capo,1943878,73435,,https://www.last.fm/music/Capo,0,"drill, rap, Hip-Hop"
ShittyBoyz,2972376,73431,,https://www.last.fm/music/ShittyBoyz,0,"detroit trap, rap, Gangsta Rap"
Greg Spero,508903,73406,,https://www.last.fm/music/Greg+Spero,0,"jazz, contemporary jazz, nu jazz"
Tekkno,1152750,73368,,https://www.last.fm/music/Tekkno,0,"techno, ii"
Trousdale,640684,73364,,https://www.last.fm/music/Trousdale,0,"acoustic, folk, indie pop"
KRYPTOGRAM,465342,73359,,https://www.last.fm/music/KRYPTOGRAM,0,"electronic, House, serbian"
Hannah Laing,461249,73352,,https://www.last.fm/music/Hannah+Laing,0,"techno, House, electronic"
R.K.M & Ken-Y,817713,73344,,https://www.last.fm/music/R.K.M+&+Ken-Y,0,"Reggaeton, romantic reggaeton, pop"
Lelio Luttazzi,352740,73297,b895aeb1-075a-46b1-bbe5-16b86d8829df,https://www.last.fm/music/Lelio+Luttazzi,0,"swing, jazz, blues"
Hachioji P,1124918,73297,,https://www.last.fm/music/Hachioji+P,0,"vocaloid, electropop, japanese"
João Bosco & Vinicius,697238,73238,,https://www.last.fm/music/Jo%C3%A3o+Bosco+&+Vinicius,0,"sertanejo, Sertanejo Universitario, brazilian"
Chek,486639,73183,3506b4d1-2421-4036-8610-d588a4d77626,https://www.last.fm/music/Chek,0,"punk, russian, punk rock"
R. Missing,522028,73157,,https://www.last.fm/music/R.+Missing,0,"electronic, darkwave, shoegaze"
The Home Team,2523846,73148,ea5a58c2-7638-45c1-adb7-3913491d505c,https://www.last.fm/music/The+Home+Team,0,"pop punk, pop rock, Hip-Hop"
Susumu Hirasawa,1413097,73120,31e7b30b-f960-408f-908b-c8e277308eab,https://www.last.fm/music/Susumu+Hirasawa,0,"japanese, electronic, Soundtrack"
Vicke Blanka,571244,73106,,https://www.last.fm/music/Vicke+Blanka,0,
SCH,8693192,73097,c65e3fcc-5c6c-4237-a23d-5bccc75e8262,https://www.last.fm/music/SCH,0,"seen live, rap, industrial"
Oliver Hazard,561962,73083,,https://www.last.fm/music/Oliver+Hazard,0,"folk, indie"
Manu,795998,73073,a1740ae7-08fd-4420-ba00-ff1b1a4f88b5,https://www.last.fm/music/Manu,0,"dutch, nederhop, rock"
do not resurrect,1514949,73048,,https://www.last.fm/music/do+not+resurrect,0,"rap, trap, phonk"
Milky day,851207,73044,,https://www.last.fm/music/Milky+day,0,"pop, rnb"
BOY FANTASY,1545937,73040,,https://www.last.fm/music/BOY+FANTASY,0,"scenecore, electronic, dance"
YOUNGX777,662709,73028,,https://www.last.fm/music/YOUNGX777,0,
Sammy Virji,825816,73024,,https://www.last.fm/music/Sammy+Virji,0,"electronic, UK Garage, dance"
Jon Z,1049590,72986,,https://www.last.fm/music/Jon+Z,0,"trap, Hip-Hop, latin"
"hey, nothing",586870,72890,,"https://www.last.fm/music/hey,+nothing",0,"indie, alternative, emo"
S Club,601655,72841,c4901095-0bc2-4cea-a8d3-e76de3cc325e,https://www.last.fm/music/S+Club,0,"pop, british, dance"
Amit Trivedi,1951124,72753,78830f6e-5832-443d-9e93-0e308238406e,https://www.last.fm/music/Amit+Trivedi,0,"bollywood, Indian, Hindi"
Edu Ribeiro,375528,72746,ef53fea4-4e4e-4606-b335-3d1ffc66daa1,https://www.last.fm/music/Edu+Ribeiro,0,"reggae, brazilian, brasil"
BM,2339441,72716,,https://www.last.fm/music/BM,0,"k-pop, Korean, Kard"
Blackswan,1251982,72715,,https://www.last.fm/music/Blackswan,0,"k-pop, pop, metal"
The Dare,683212,72713,,https://www.last.fm/music/The+Dare,0,"Electroclash, electronic, new rave"
Folly Group,502854,72689,,https://www.last.fm/music/Folly+Group,0,"post-punk, Crank wave, art punk"
Orbit Culture,3031809,72683,c4f8b170-36cf-4774-bbe9-8d93d204a681,https://www.last.fm/music/Orbit+Culture,0,"Melodic Death Metal, groove metal, death metal"
the 8,2094983,72602,,https://www.last.fm/music/the+8,0,"k-pop, Kpop, seventeen"
Alison's Halo,1074210,72572,623977a4-2525-4668-8966-f255dd19700e,https://www.last.fm/music/Alison%27s+Halo,0,"shoegaze, dream pop, female vocalists"
LonelyEve,539730,72561,,https://www.last.fm/music/LonelyEve,0,
Avery Lynch,844161,72561,,https://www.last.fm/music/Avery+Lynch,0,"indie pop, pop, female vocalists"
Kiara Leonard,314122,72557,,https://www.last.fm/music/Kiara+Leonard,0,
Neko,547928,72508,2b4063da-9750-49ad-beab-0ee527bdfa7b,https://www.last.fm/music/Neko,0,"post-rock, instrumental, post rock"
Heroes Del Silencio,1650387,72477,,https://www.last.fm/music/Heroes+Del+Silencio,0,"rock, Spanish Rock, spanish"
Ezra williams,535405,72454,,https://www.last.fm/music/Ezra+williams,0,"indie pop, indie, pop"
Dino,993632,72394,f47509b6-0a58-4ef0-9f34-765e5114949f,https://www.last.fm/music/Dino,0,"pop, House, electronic"
I.M,3070564,72359,,https://www.last.fm/music/I.M,0,"Hip-Hop, rap, k-pop"
NXVAMANE,416918,72357,,https://www.last.fm/music/NXVAMANE,0,UK
Teen Mortgage,521337,72302,,https://www.last.fm/music/Teen+Mortgage,0,"surf punk, rock, noise rock"
310babii,394769,72288,,https://www.last.fm/music/310babii,0,"Hip-Hop, rap, los angeles"
NoahFinnce,1309805,72285,,https://www.last.fm/music/NoahFinnce,0,"pop punk, british, punk"
Onew,2861017,72258,,https://www.last.fm/music/Onew,0,"k-pop, shinee, Korean"
Valentín Elizalde,1334525,72247,f45cbc18-1561-4b76-9850-535e871cdd49,https://www.last.fm/music/Valent%C3%ADn+Elizalde,0,"BANDA, Muerto A Balazos, mexico"
You Love Her,753126,72164,,https://www.last.fm/music/You+Love+Her,0,"electronic, Electroclash, chiptune"
Ghais Guevara,2124319,72122,,https://www.last.fm/music/Ghais+Guevara,0,"experimental hip hop, chipmunk soul, hardcore hip hop"
Jeremy Jordan,1111053,72053,4e3e3f26-83fb-4904-9d79-87f643d587c4,https://www.last.fm/music/Jeremy+Jordan,0,"pop, 90s, chicago"
Girls Rituals,1478949,72015,,https://www.last.fm/music/Girls+Rituals,0,"indietronica, Canadian, glitch pop"
Daprinski,201374,72002,4a810fbd-5f08-413c-8da8-fe2d6175c947,https://www.last.fm/music/Daprinski,0,"french, All"
Worthikids,939985,71984,,https://www.last.fm/music/Worthikids,0,"indie rock, funk metal, alternative"
Tyson Yen,1293855,71972,,https://www.last.fm/music/Tyson+Yen,0,
Luckhaos,1796601,71972,,https://www.last.fm/music/Luckhaos,0,"brazil, shittrap, brazilian"
Simon Chylinski,1359615,71957,64351c8a-3012-4926-b1e6-14bba001981c,https://www.last.fm/music/Simon+Chylinski,0,"Soundtrack, ambient, video game music"
Soul Blind,1183341,71930,,https://www.last.fm/music/Soul+Blind,0,"Grunge, shoegaze, alternative rock"
STRLGHT,562667,71926,,https://www.last.fm/music/STRLGHT,0,"electronic, dance, Acid"
Argy,368343,71917,ace06a49-c395-40f6-acaf-3964a8e06431,https://www.last.fm/music/Argy,0,"minimal, techno, electronic"
Will K,332938,71907,,https://www.last.fm/music/Will+K,0,"UK, dance, House"
The Warning,1992870,71735,ebbe8ecb-9a90-46b7-ba7a-b16933c43256,https://www.last.fm/music/The+Warning,0,"hard rock, rock, mexico"
Rollin Thrax,1091711,71677,,https://www.last.fm/music/Rollin+Thrax,0,"rap, USA, trap"
Naethan Apollo,1341215,71614,,https://www.last.fm/music/Naethan+Apollo,0,"USA, art rock, art pop"
SunKissed Lola,1400370,71551,,https://www.last.fm/music/SunKissed+Lola,0,
Soweto,814319,71538,71dc2919-65de-49d6-9a9b-92fe40baf3fe,https://www.last.fm/music/Soweto,0,"Pagode, samba, ska"
Ogień,687790,71421,,https://www.last.fm/music/Ogie%C5%84,0,
Crusher-P,972422,71404,,https://www.last.fm/music/Crusher-P,0,"electronic, vocaloid, dubstep"
Thousand Below,2509432,71399,,https://www.last.fm/music/Thousand+Below,0,"post-hardcore, metalcore, seen live"
usedcvnt,1726438,71397,,https://www.last.fm/music/usedcvnt,0,"Drum and bass, jungle, breakcore"
Dellafuente,2516114,71356,e2e593af-0b56-4a12-90fd-53611e14abcd,https://www.last.fm/music/Dellafuente,0,"Hip-Hop, rap, spanish"
Kaaris,3698073,71331,81920682-bb79-4b62-afa8-fe8dece0227c,https://www.last.fm/music/Kaaris,0,"Hip-Hop, rap, trap"
Milo j,3756935,71313,,https://www.last.fm/music/Milo+j,0,"urban, argentina, cum"
Kim Gordon,565829,71311,19301485-ac9c-4dad-885b-cd8e8c8b4184,https://www.last.fm/music/Kim+Gordon,0,"seen live, experimental, rock"
Sugarhill Keem,2037761,71306,,https://www.last.fm/music/Sugarhill+Keem,0,"new york, drill, Hip-Hop"
Daria Zawiałow,5196494,71237,,https://www.last.fm/music/Daria+Zawia%C5%82ow,0,"polish, electronic, pop"
Ultra Sunn,632274,71227,,https://www.last.fm/music/Ultra+Sunn,0,"ebm, darkwave, coldwave"
Major RD,2108010,71168,,https://www.last.fm/music/Major+RD,0,"drill, trap, Drill BR"
Kraus,787418,71141,bcb1a32e-4577-4789-88c5-68519aba7cae,https://www.last.fm/music/Kraus,0,"New Zealand, experimental, shoegaze"
Axxturel,2493382,71053,,https://www.last.fm/music/Axxturel,0,"sigilkore, cloud rap, crushed trap"
Jake Daniels,984256,71000,,https://www.last.fm/music/Jake+Daniels,0,"electronic, indie, singer-songwriter"
Drain,1993842,70938,72dbf89b-0bc3-4b53-a3a1-74bcd0694b2e,https://www.last.fm/music/Drain,0,"hardcore, crossover thrash, crossover"
James Marriott,4601286,70907,,https://www.last.fm/music/James+Marriott,0,"alternative rock, indie rock, power pop"
Karen Aoki,751445,70857,8451cfdc-951f-4889-b272-e3a4ed8b81fd,https://www.last.fm/music/Karen+Aoki,0,"jazz, jazz vocal, japanese"
Lilyisthatyou,828280,70820,,https://www.last.fm/music/Lilyisthatyou,0,"pop, dance, Canadian"
Utsu-P,3356834,70816,,https://www.last.fm/music/Utsu-P,0,"vocaloid, metal, metalcore"
Woozi,1653191,70797,,https://www.last.fm/music/Woozi,0,"k-pop, seventeen, pop"
Diljit Dosanjh,2182995,70788,f931c961-b647-4861-be8c-f47d84a4de51,https://www.last.fm/music/Diljit+Dosanjh,0,"Bhangra, Punjabi, Indian"
vjac0b,2278917,70753,,https://www.last.fm/music/vjac0b,0,"lonely, goat"
The Blake Robinson Synthetic Orchestra,1185893,70731,717fc9c4-dfa9-4a77-af1c-22f2bed40407,https://www.last.fm/music/The+Blake+Robinson+Synthetic+Orchestra,0,"orchestral, video game music, videogame"
Atwood,949939,70709,2b8782d8-3c70-4596-89fa-87317c2a0e32,https://www.last.fm/music/Atwood,0,"rap, Hip-Hop, indie"
Nico Segal,330448,70667,,https://www.last.fm/music/Nico+Segal,0,"chicago, hip hop, underground hip hop"
Sunflwr,585001,70667,,https://www.last.fm/music/Sunflwr,0,"electronic, Lo-Fi, House"
Taku Matsushiba,765985,70637,,https://www.last.fm/music/Taku+Matsushiba,0,"japanese, orchestral, japan"
Lime Garden,438745,70553,,https://www.last.fm/music/Lime+Garden,0,"indie rock, United Kingdom, seen live"
Oliver Anthony Music,694956,70524,,https://www.last.fm/music/Oliver+Anthony+Music,0,"country, industry plant, singer-songwriter"
John Glacier,675920,70518,,https://www.last.fm/music/John+Glacier,0,"electronic, experimental, experimental hip hop"
Belters Only,497081,70459,,https://www.last.fm/music/Belters+Only,0,"dance, House, electronic"
zimbra,3398676,70457,,https://www.last.fm/music/zimbra,0,"alternative, brazilian, rock"
DJ Blakes,785241,70454,,https://www.last.fm/music/DJ+Blakes,0,"brazil, brazilian, Funk Carioca"
CreepP,1175481,70426,,https://www.last.fm/music/CreepP,0,"electronic, Rave, All"
Angela Ro Ro,1320175,70417,6baa862e-65dc-418d-a994-80cb89775c07,https://www.last.fm/music/Angela+Ro+Ro,0,"mpb, female vocalists, brasil"
Axxad,856067,70408,,https://www.last.fm/music/Axxad,0,
Loossemble,4366375,70388,,https://www.last.fm/music/Loossemble,0,"k-pop, Loona, Kpop"
mc igu,3801289,70375,,https://www.last.fm/music/mc+igu,0,"trap, rap, Hip-Hop"
Ernest,1351414,70341,d26d9099-cb9f-49a6-b767-2519a6d09638,https://www.last.fm/music/Ernest,0,"country, Korean, indie"
Naps,2968125,70316,582f54b0-d94e-4966-b0a7-6d731531ad46,https://www.last.fm/music/Naps,0,"ambient, electronic, Hip-Hop"
Jovem Dex,2096123,70295,,https://www.last.fm/music/Jovem+Dex,0,"rap, brazilian, Hip-Hop"
Leo.,837062,70254,,https://www.last.fm/music/Leo.,0,"indie, Portugal"
Bhavi,2591069,70231,,https://www.last.fm/music/Bhavi,0,"pop, rap, argentina"
Niklas Dee,585787,70220,,https://www.last.fm/music/Niklas+Dee,0,"germany, deutschland, EDM"
dj dudah,606467,70099,,https://www.last.fm/music/dj+dudah,0,"brazil, brazilian, Funk Carioca"
Calle 24,1041139,70071,,https://www.last.fm/music/Calle+24,0,"pop, latin, mexico"
Cignature,1946871,70043,,https://www.last.fm/music/Cignature,0,"Korean, k-pop, pop"
Mori Calliope,5402621,70030,,https://www.last.fm/music/Mori+Calliope,0,"rap, hololive, Hip-Hop"
Chameleo,2284999,69990,,https://www.last.fm/music/Chameleo,0,"pop, singer-songwriter, norwegian"
apink chobom,1147016,69954,,https://www.last.fm/music/apink+chobom,0,"k-pop, Kpop, apink"
link3,221664,69916,,https://www.last.fm/music/link3,0,"indie, folk, australian"
Artist Vs Poet,751985,69880,,https://www.last.fm/music/Artist+Vs+Poet,0,"powerpop, pop punk, electronic"
Alex Gargolas,587234,69864,,https://www.last.fm/music/Alex+Gargolas,0,"Reggaeton, puerto rico"
aimyon,1585081,69855,,https://www.last.fm/music/aimyon,0,"j-pop, pop, japanese"
centimillimental,1209209,69821,,https://www.last.fm/music/centimillimental,0,"rock, japanese, alternative rock"
Kaya Conky,1606544,69692,,https://www.last.fm/music/Kaya+Conky,0,"bomba, chernobyl, merda"
lungskull,3022736,69641,,https://www.last.fm/music/lungskull,0,"sigilkore, rap, meme"
Marluxiam,1297931,69616,,https://www.last.fm/music/Marluxiam,0,"electronic, dance, cloud rap"
Jeff Lewis,390801,69403,,https://www.last.fm/music/Jeff+Lewis,0,"anti-folk, seen live, singer-songwriter"
Shayfer James,1892643,69388,,https://www.last.fm/music/Shayfer+James,0,"singer-songwriter, indie, piano"
ovg!,926302,69380,,https://www.last.fm/music/ovg%21,0,"american, pedocore"
Imanu,1071187,69318,,https://www.last.fm/music/Imanu,0,"electronic, Drum and bass, House"
Andrew Garden,768903,69295,,https://www.last.fm/music/Andrew+Garden,0,american
João Gustavo e Murilo,579449,69274,,https://www.last.fm/music/Jo%C3%A3o+Gustavo+e+Murilo,0,"brazil, brazilian, sertanejo"
Naoki,3735185,69263,c413e699-3acc-422d-af6d-d548df3ea99a,https://www.last.fm/music/Naoki,0,"japanese, Bemani, ddr"
Joby Talbot,694186,69232,53588060-c3bb-4c30-bb60-462e5b8aa270,https://www.last.fm/music/Joby+Talbot,0,"Soundtrack, contemporary classical, composer"
Psyqui,1625231,69208,,https://www.last.fm/music/Psyqui,0,"future bass, electronic, japan"
Kaizo Slumber,1207346,69199,,https://www.last.fm/music/Kaizo+Slumber,0,"digital hardcore, hardcore breaks, electronic"
Ethan Low,1203001,69197,,https://www.last.fm/music/Ethan+Low,0,canada
Akiba,932934,69154,,https://www.last.fm/music/Akiba,0,"indie, pop, Drum and bass"
DevStacks,1601089,69122,,https://www.last.fm/music/DevStacks,0,"Regalia, rap, trap"
back number,2756675,69040,f35bfbe2-d30e-402c-9ac1-fa5f90b72ec2,https://www.last.fm/music/back+number,0,"japanese, J-rock, rock"
RTB MB,940964,69013,,https://www.last.fm/music/RTB+MB,0,"Hip-Hop, rap, american"
Racoma,629898,68921,,https://www.last.fm/music/Racoma,0,"indie pop, folk pop"
Water From Your Eyes,654634,68797,,https://www.last.fm/music/Water+From+Your+Eyes,0,"new wave, experimental, indie rock"
Jordan Seigel,359016,68781,,https://www.last.fm/music/Jordan+Seigel,0,Soundtrack
Jayla Darden,602839,68771,,https://www.last.fm/music/Jayla+Darden,0,"rnb, female vocalists, USA"
Standly,1320662,68764,,https://www.last.fm/music/Standly,0,
PRO8L3M,16159063,68731,35065f97-dfdd-4284-9751-ebb9e852b0fd,https://www.last.fm/music/PRO8L3M,0,"rap, electronic, seen live"
Lola Amour,1934290,68691,,https://www.last.fm/music/Lola+Amour,0,"alternative, OPM, Filipino"
Sleepwalk,640097,68689,d44c0826-9a59-4da5-afa8-733bd9b5091d,https://www.last.fm/music/Sleepwalk,0,"ebm, industrial, dark electro"
LiL CaKe,766512,68604,,https://www.last.fm/music/LiL+CaKe,0,"argentina, lesbian, pride"
DJ BRUNINHO PZS,420731,68552,,https://www.last.fm/music/DJ+BRUNINHO+PZS,0,"brazil, brazilian, funk mandelao"
Malevolence,1495519,68525,fa15e0d0-660c-469a-a0e9-f621a2f538a1,https://www.last.fm/music/Malevolence,0,"hardcore, metalcore, groove metal"
Milli Hughes,908176,68513,,https://www.last.fm/music/Milli+Hughes,0,
Jorge Mautner,1028453,68480,42c88c16-4104-4823-946a-f8dc65b5fbac,https://www.last.fm/music/Jorge+Mautner,0,"mpb, tropicalia, brazilian"
DJ Lg do Sf,754163,68471,,https://www.last.fm/music/DJ+Lg+do+Sf,0,"funk, brasil, baile funk"
Daisuke Ishiwatari,3514907,68468,faeb2565-6ef4-4b4c-a4ab-f5505fed75f8,https://www.last.fm/music/Daisuke+Ishiwatari,0,"video game music, instrumental, heavy metal"
dekker,545307,68464,,https://www.last.fm/music/dekker,0,"folk, acoustic, singer-songwriter"
(K)NoW_NAME,1816474,68454,,https://www.last.fm/music/(K)NoW_NAME,0,"anime, j-pop, japanese"
C.R.O,4383832,68405,,https://www.last.fm/music/C.R.O,0,"rap, german, hip hop"
Arthur Nery,2482067,68360,,https://www.last.fm/music/Arthur+Nery,0,philippines
YUNG LIXO,7822837,68349,,https://www.last.fm/music/YUNG+LIXO,0,"brazil, trap, rap"
Latin mafia,2121018,68339,,https://www.last.fm/music/Latin+mafia,0,
ooes,1320748,68208,,https://www.last.fm/music/ooes,0,"russian, indie pop, pop"
optic core,731970,68178,,https://www.last.fm/music/optic+core,0,"Drum and bass, jungle, breakcore"
Juliana Chahayed,625276,68176,,https://www.last.fm/music/Juliana+Chahayed,0,"indie, indie pop, singer-songwriter"
Patricio Rey y sus Redonditos de Ricota,5270524,68159,956301d0-4b3c-4ffc-9898-b39305d25112,https://www.last.fm/music/Patricio+Rey+y+sus+Redonditos+de+Ricota,0,"Rock Argentino, argentina, rock"
Kate Rockwell,435510,68148,,https://www.last.fm/music/Kate+Rockwell,0,"american, musical, Broadway"
Rundown Spaz,462898,68033,,https://www.last.fm/music/Rundown+Spaz,0,trap
AP Dhillon,4147810,67961,,https://www.last.fm/music/AP+Dhillon,0,"canada, Bhangra, Indian"
McKinley Dixon,1202491,67958,,https://www.last.fm/music/McKinley+Dixon,0,"jazz rap, Hip-Hop, rap"
Uzi,4827211,67935,44667712-dcf1-4920-ba17-1fe5e91eb3d2,https://www.last.fm/music/Uzi,0,"no wave, post-punk, Hip-Hop"
Jesus Piece,1740646,67914,,https://www.last.fm/music/Jesus+Piece,0,"hardcore, metalcore, metallic hardcore"
Dj Leo Lg,630044,67887,,https://www.last.fm/music/Dj+Leo+Lg,0,"MTG, funk bh"
Brocasito,4196939,67863,,https://www.last.fm/music/Brocasito,0,"rap, brazil, trap"
3000m,722928,67845,,https://www.last.fm/music/3000m,0,"Soundtrack, USA, 8-bit"
femdot.,585328,67837,,https://www.last.fm/music/femdot.,0,hip hop
MAISONdes,1249408,67779,,https://www.last.fm/music/MAISONdes,0,"japanese, j-pop, japan"
MandoPony,914661,67736,fd244738-8c58-48f7-a0ae-29bdbc809276,https://www.last.fm/music/MandoPony,0,"brony, brony music, mlp"
Bish,2850281,67714,,https://www.last.fm/music/Bish,0,"j-pop, idol, japanese"
Lagos,1148141,67612,,https://www.last.fm/music/Lagos,0,"electronic, pop, ambient"
Parangolé,644939,67563,0b80bdc8-3b0a-478e-8691-e0fa531491fa,https://www.last.fm/music/Parangol%C3%A9,0,"Axe, rebolation, Pagode"
malik montana,5265539,67562,,https://www.last.fm/music/malik+montana,0,"Hip-Hop, rap, polish"
DooDe,918800,67561,,https://www.last.fm/music/DooDe,0,"trap, Hip-Hop, rap"
HoneyWorks,1288301,67551,1dc670f7-1a43-4a71-973a-2ad181f4edd4,https://www.last.fm/music/HoneyWorks,0,"vocaloid, japanese, vocaloidP"
Odeal,547247,67532,,https://www.last.fm/music/Odeal,0,"Hip-Hop, rap, hip hop"
Messiah!,311260,67443,,https://www.last.fm/music/Messiah%21,0,"Hip-Hop, rap, trap"
Raffa Moreira,3751377,67438,,https://www.last.fm/music/Raffa+Moreira,0,"trap, brazil, hip hop"
Next To Blue,366326,67423,,https://www.last.fm/music/Next+To+Blue,0,"USA, future bass"
analog_mannequin,715496,67419,,https://www.last.fm/music/analog_mannequin,0,"ambient, dark ambient"
Mc leozin,445910,67404,,https://www.last.fm/music/Mc+leozin,0,"funk, brazilian, minas"
VIVIENNE EASTWOOD,624658,67317,,https://www.last.fm/music/VIVIENNE+EASTWOOD,0,"shoegaze, dream pop, indie"
MC Marks,641449,67288,,https://www.last.fm/music/MC+Marks,0,"funk, brazil, brasil"
Thiago Pantaleão,2172827,67264,,https://www.last.fm/music/Thiago+Pantale%C3%A3o,0,"pop, rnb, brazilian"
betcover!!,1710546,67256,,https://www.last.fm/music/betcover%21%21,0,"art rock, alternative rock, Progressive rock"
dyingoutlay,776099,67247,,https://www.last.fm/music/dyingoutlay,0,"archive, Yeat"
Aka Rasta,2553797,67142,,https://www.last.fm/music/Aka+Rasta,0,"rap, trap, cloud rap"
Oscar Maydon,1783651,67096,,https://www.last.fm/music/Oscar+Maydon,0,"Hip-Hop, pop, mexico"
James Landino,762764,67009,045cfcb8-167c-4a0a-a3ad-4f4c0dcaf10c,https://www.last.fm/music/James+Landino,0,"electronic, House, electro house"
DJ NpcSize,660996,66961,,https://www.last.fm/music/DJ+NpcSize,0,"brazil, brazilian, Funk Carioca"
Ashley Park,453966,66900,c8279e32-78e6-4e04-aaeb-533e574ddf15,https://www.last.fm/music/Ashley+Park,0,"indie, indie rock, Canadian"
sports.,1178940,66889,,https://www.last.fm/music/sports.,0,"emo, indie, midwest emo"
Mark Ambor,521864,66869,,https://www.last.fm/music/Mark+Ambor,0,"indie, USA, american"
No Pressure,2401981,66838,,https://www.last.fm/music/No+Pressure,0,"pop punk, melodic hardcore, punk rock"
La Quinta Estacion,744010,66740,,https://www.last.fm/music/La+Quinta+Estacion,0,"spanish, pop, latin"
Natura Ferox,370623,66706,,https://www.last.fm/music/Natura+Ferox,0,
Lil Double 0,1686421,66665,,https://www.last.fm/music/Lil+Double+0,0,"rap, USA, american"
Joelma,1200559,66643,,https://www.last.fm/music/Joelma,0,"mpb, calypso, brazilian"
ASH ISLAND,2331379,66626,,https://www.last.fm/music/ASH+ISLAND,0,"Hip-Hop, Korean, rap"
Universal Waves,501722,66600,,https://www.last.fm/music/Universal+Waves,0,
Kyle Richh,2418990,66579,,https://www.last.fm/music/Kyle+Richh,0,"rap, new york, american"
MC ROGÊ,544532,66575,,https://www.last.fm/music/MC+ROG%C3%8A,0,brasil
William Ross,325572,66542,79d140f2-a14d-426c-929a-f8e7dd399b09,https://www.last.fm/music/William+Ross,0,"Soundtrack, composer, contemporary classical"
LoJay,678986,66538,,https://www.last.fm/music/LoJay,0,"african, nigeria, male vocalist"
The Chalkeaters,993886,66525,,https://www.last.fm/music/The+Chalkeaters,0,"rock, russian, nerdcore"
sumin,1308138,66508,,https://www.last.fm/music/sumin,0,"k-pop, Korean, female vocalists"
Square Enix Music,3359284,66497,63bcc03f-8c18-4884-b390-8a4a1be161e2,https://www.last.fm/music/Square+Enix+Music,0,"Soundtrack, video game music, japan"
Stunna Girl,736505,66322,,https://www.last.fm/music/Stunna+Girl,0,"rap, Hip-Hop, California"
aviana,1319964,66281,,https://www.last.fm/music/aviana,0,"metalcore, DJENT, Progressive Metalcore"
Dose,994916,66276,f4976c79-e3fd-45c5-8f3b-5a3de66fc671,https://www.last.fm/music/Dose,0,"Drum and bass, neurofunk, Drum n Bass"
eliminate,865768,66172,2f8fe8c5-eb53-468b-b969-f58fb09761a5,https://www.last.fm/music/eliminate,0,"dubstep, punk, Crust"
Rozie Ramati,379137,66158,,https://www.last.fm/music/Rozie+Ramati,0,"chillout, electronic, indie"
Mckenna Grace,947805,66136,,https://www.last.fm/music/Mckenna+Grace,0,"female vocalists, pop, indie pop"
Hans Williams,457197,66041,,https://www.last.fm/music/Hans+Williams,0,"indie, folk"
K.I.Z,4036756,66019,,https://www.last.fm/music/K.I.Z,0,"rap, seen live, Deutschrap"
Rylo Rodriguez,1171137,66014,,https://www.last.fm/music/Rylo+Rodriguez,0,"rap, trap, hip hop"
Caleb Bryant,571985,65986,,https://www.last.fm/music/Caleb+Bryant,0,
Jason Charles Miller,1206692,65977,,https://www.last.fm/music/Jason+Charles+Miller,0,"country, folk, americana"
Juliet Ivy,467599,65907,,https://www.last.fm/music/Juliet+Ivy,0,"pop, new york, singer-songwriter"
Chrissy Chlapecka,935332,65852,,https://www.last.fm/music/Chrissy+Chlapecka,0,"pop, hyperpop, lgbt"
Crash Adams,690026,65836,,https://www.last.fm/music/Crash+Adams,0,"indie pop, indie, alternative"
Citizen Soldier,2703200,65823,,https://www.last.fm/music/Citizen+Soldier,0,"rock, alternative rock, hard rock"
Gavn!,776411,65805,,https://www.last.fm/music/Gavn%21,0,"pop, Sad rap"
Bobby Timmons Trio,213014,65791,866ba678-c9d4-4d29-817d-d4897ee20f97,https://www.last.fm/music/Bobby+Timmons+Trio,0,"jazz, piano, Hard Bop"
saturra,319668,65786,,https://www.last.fm/music/saturra,0,"indie, dream pop"
SNOW WIFE,817344,65734,,https://www.last.fm/music/SNOW+WIFE,0,"pop, rnb, hyperpop"
The Cat's Miaow,895869,65719,81a8b147-a44e-48a6-924a-e92719a72425,https://www.last.fm/music/The+Cat%27s+Miaow,0,"twee, indie pop, australian"
NGC Daddy,1198760,65718,,https://www.last.fm/music/NGC+Daddy,0,"trap, rap, Hip-Hop"
removeface,1218638,65703,,https://www.last.fm/music/removeface,0,
BRENTRAMBO,1237779,65696,,https://www.last.fm/music/BRENTRAMBO,0,All
Tabber,1331995,65682,,https://www.last.fm/music/Tabber,0,"Korean, soul, rap"
bludnymph,678209,65554,,https://www.last.fm/music/bludnymph,0,"pop, electronic, booba"
André De Shields,1557522,65507,,https://www.last.fm/music/Andr%C3%A9+De+Shields,0,"USA, musical, showtunes"
SVDDEN DEATH,1320940,65474,,https://www.last.fm/music/SVDDEN+DEATH,0,"dubstep, Riddim, electronic"
Subtronics,1459041,65440,,https://www.last.fm/music/Subtronics,0,"dubstep, Riddim, electronic"
Parokya Ni Edgar,2171419,65400,f742fac6-9349-4a2b-8c94-ed0515bf2301,https://www.last.fm/music/Parokya+Ni+Edgar,0,"OPM, Filipino, pinoy"
The Groove Trio,220909,65396,,https://www.last.fm/music/The+Groove+Trio,0,jazz
Kaydy Cain,1852798,65394,,https://www.last.fm/music/Kaydy+Cain,0,"Reggaeton, spanish, hip hop"
Coogie,1120552,65344,,https://www.last.fm/music/Coogie,0,"Hip-Hop, rap, Korean"
Ck9c,691274,65341,,https://www.last.fm/music/Ck9c,0,"furry, All, furries"
TACONAFIDE,5457040,65312,,https://www.last.fm/music/TACONAFIDE,0,"Hip-Hop, seen live, rap"
Love Spells,304009,65303,51770605-c74f-4048-a660-cf61bd3dce3e,https://www.last.fm/music/Love+Spells,0,"newbreed, electronic, chillwave"
Paul Partohap,594317,65276,,https://www.last.fm/music/Paul+Partohap,0,"pop, singer-songwriter, rnb"
WilliX,479819,65225,,https://www.last.fm/music/WilliX,0,"trance, electronic, dance"
Shiva,3089962,65204,fe0e51c4-5c4c-4f1d-aeab-bd76c802bdeb,https://www.last.fm/music/Shiva,0,"NWOBHM, heavy metal, darkpsy"
Natalie Holt,1321080,65101,,https://www.last.fm/music/Natalie+Holt,0,"Soundtrack, composer, contemporary classical"
YUNG BUDA,7740125,65069,,https://www.last.fm/music/YUNG+BUDA,0,"brazil, brazilian, trap"
Omar Montes,936312,64933,,https://www.last.fm/music/Omar+Montes,0,"latin, spain"
xikers,3491875,64844,,https://www.last.fm/music/xikers,0,"Korean, k-pop, Kpop"
MC GP,843297,64791,,https://www.last.fm/music/MC+GP,0,
Tymek,4606157,64784,,https://www.last.fm/music/Tymek,0,"Hip-Hop, rap, trap"
Leigh-anne,868647,64747,,https://www.last.fm/music/Leigh-anne,0,"pop, rnb, ear damage"
Rawayana,1305036,64744,7de398f0-b4cf-476d-ac60-41d47d3511ca,https://www.last.fm/music/Rawayana,0,"reggae, venezuela, ska"
Hanae,621720,64727,,https://www.last.fm/music/Hanae,0,"j-pop, japanese, female vocalists"
Xande De Pilares,631671,64715,,https://www.last.fm/music/Xande+De+Pilares,0,"samba, brazil, brasil"
Casey,2823244,64708,ecd97f4f-c5fa-4d02-9ce8-a1024b0932bd,https://www.last.fm/music/Casey,0,"melodic hardcore, hardcore, emo"
Scary Bitches,1018552,64661,f01d515a-869a-472d-8e03-b876d8131b3d,https://www.last.fm/music/Scary+Bitches,0,"deathrock, Gothic Rock, Gothic"
Selofan,1072555,64631,ec84e56f-9fbe-40d3-9979-bc084359d79c,https://www.last.fm/music/Selofan,0,"minimal synth, coldwave, darkwave"
Paulo Sérgio,684836,64617,,https://www.last.fm/music/Paulo+S%C3%A9rgio,0,"Brega, brazilian, Nova California Seixas"
Warren Zeiders,1041197,64607,,https://www.last.fm/music/Warren+Zeiders,0,"country, USA, american"
Sun Of They,278128,64516,,https://www.last.fm/music/Sun+Of+They,0,"electronic, swedish, ambient"
Warlord Colossus,1004168,64500,,https://www.last.fm/music/Warlord+Colossus,0,"edgy, Horrorcore, Trap Metal"
HELLOVENUS,981131,64475,,https://www.last.fm/music/HELLOVENUS,0,"k-pop, Korean, Kpop"
725,434095,64464,dc402a89-31f3-45b8-a2b2-64e1389b6d2b,https://www.last.fm/music/725,0,"epic banger moosic, farukkazanir"
DJ Katrip,483582,64421,,https://www.last.fm/music/DJ+Katrip,0,"funk, love at first listen"
Ghali,2338886,64322,,https://www.last.fm/music/Ghali,0,"trap, italian, Hip-Hop"
Freeze Corleone,6683623,64317,,https://www.last.fm/music/Freeze+Corleone,0,"Hip-Hop, rap, drill"
Always Mirin,1105810,64309,,https://www.last.fm/music/Always+Mirin,0,
照井順政,1367659,64256,,https://www.last.fm/music/%E7%85%A7%E4%BA%95%E9%A0%86%E6%94%BF,0,
iroha(sasaki),720764,64147,2e50697d-e1fd-460c-86e5-eb6f58b57443,https://www.last.fm/music/iroha(sasaki),0,"vocaloidP, vocaloid, electronic"
АДЛИН,1140789,64142,,https://www.last.fm/music/%D0%90%D0%94%D0%9B%D0%98%D0%9D,0,"phonk, Hip-Hop, hip hop"
Rock Danger,1487740,64102,,https://www.last.fm/music/Rock+Danger,0,"drill, Drill BR, grime br"
Sophie Powers,707454,64099,,https://www.last.fm/music/Sophie+Powers,0,"pop, rock, punk"
Essel,347166,64054,,https://www.last.fm/music/Essel,0,"electronic, idm, soulseekartists"
WORKING ON DYING,708904,64035,,https://www.last.fm/music/WORKING+ON+DYING,0,"beats, tread, hip hop"
M. Sage,538732,64029,,https://www.last.fm/music/M.+Sage,0,"ambient, experimental, drone"
DAZEGXD,1280086,63830,,https://www.last.fm/music/DAZEGXD,0,"electronic, USA, House"
Ray Volpe,945342,63822,,https://www.last.fm/music/Ray+Volpe,0,"dubstep, Brostep, electronic"
Cast - Frozen,367265,63809,,https://www.last.fm/music/Cast+-+Frozen,0,"Soundtrack, frozen, female vocalists"
Sky Travis,422561,63785,,https://www.last.fm/music/Sky+Travis,0,
Hypaton,289820,63693,,https://www.last.fm/music/Hypaton,0,"trance, electronic, dance"
Mon RovÎa,399976,63666,,https://www.last.fm/music/Mon+Rov%C3%8Ea,0,"indie, folk, african"
BBVB,419727,63660,,https://www.last.fm/music/BBVB,0,
Scarlet House,491960,63606,,https://www.last.fm/music/Scarlet+House,0,shoegaze
Spanish Love Songs,4181518,63572,,https://www.last.fm/music/Spanish+Love+Songs,0,"pop punk, emo, punk rock"
Yutaka Yamada,1611004,63571,,https://www.last.fm/music/Yutaka+Yamada,0,"Soundtrack, japanese, instrumental"
CLASS:y,2269013,63565,,https://www.last.fm/music/CLASS:y,0,"k-pop, Korean, pop"
LOSTBOYJAY,353320,63561,,https://www.last.fm/music/LOSTBOYJAY,0,"House, electronic, canada"
Xella Machina,848681,63559,,https://www.last.fm/music/Xella+Machina,0,
Erika Henningsen,718811,63526,,https://www.last.fm/music/Erika+Henningsen,0,"USA, Broadway, actress"
Teya,1143939,63518,bd26849d-58d2-4689-84f9-250ab31c388f,https://www.last.fm/music/Teya,0,"pop, austrian, Austria"
corella,632047,63498,,https://www.last.fm/music/corella,0,"indie, indie rock, british"
Billianne,333601,63449,,https://www.last.fm/music/Billianne,0,
RXDXVIL,555565,63433,,https://www.last.fm/music/RXDXVIL,0,"funk, phonk, brazilian funk"
Seu Pereira e Coletivo 401,1298602,63412,,https://www.last.fm/music/Seu+Pereira+e+Coletivo+401,0,"brazil, brasil, paraiba"
crypvolk,802515,63384,,https://www.last.fm/music/crypvolk,0,hardstyle
DM DOKURO,2053478,63374,6f4e8294-49b8-4ae8-91b5-cb9d644e90ff,https://www.last.fm/music/DM+DOKURO,0,"chiptune, breakcore, electronic"
Goonie,2501316,63339,,https://www.last.fm/music/Goonie,0,"asian rock, trap, plugg"
Sephe,797083,63299,,https://www.last.fm/music/Sephe,0,"Hip-Hop, pop, EDM"
Psychonaut 4,2750551,63285,c0c720b5-012f-4204-a472-981403f37b12,https://www.last.fm/music/Psychonaut+4,0,"depressive black metal, black metal, Post-Black Metal"
Kara Jackson,887335,63279,,https://www.last.fm/music/Kara+Jackson,0,"singer-songwriter, folk, contemporary folk"
hxly xo,730978,63261,,https://www.last.fm/music/hxly+xo,0,
Rachel Reis,2056624,63258,,https://www.last.fm/music/Rachel+Reis,0,"female vocalists, folk, singer-songwriter"
Reona,1813873,63228,,https://www.last.fm/music/Reona,0,"j-pop, anime, female vocalists"
Annaleigh Ashford,676737,63214,4bbc9f14-f7b4-4dff-a7df-aae63b2bacd7,https://www.last.fm/music/Annaleigh+Ashford,0,"american, musical"
VWILLZ,813359,63197,,https://www.last.fm/music/VWILLZ,0,"electronic, pop, rap"
Mike + The Mechanics,419178,63196,,https://www.last.fm/music/Mike+%252B+The+Mechanics,0,"80s, pop, rock"
Chico Science,1519308,63174,d4b0112d-f8aa-4880-a6c3-ab0ea94943a9,https://www.last.fm/music/Chico+Science,0,"manguebeat, brazilian, maracatu"
Invent Animate,4026028,63157,,https://www.last.fm/music/Invent+Animate,0,"metalcore, DJENT, Progressive Metalcore"
Thee Sinseers,272818,63136,,https://www.last.fm/music/Thee+Sinseers,0,"soul, rnb, daptone"
Sachin-Jigar,1187547,63133,fdf25d7c-d8f4-4736-ad24-bf2286a61254,https://www.last.fm/music/Sachin-Jigar,0,"bollywood, Indian, india"
Scammacist,494655,63039,,https://www.last.fm/music/Scammacist,0,
MC Guh SR,414404,62983,,https://www.last.fm/music/MC+Guh+SR,0,
Juan Karlos,1749855,62983,,https://www.last.fm/music/Juan+Karlos,0,"philippines, indie, pop"
VIAL,763775,62972,,https://www.last.fm/music/VIAL,0,"punk, punk rock, rock"
Joey Quinones,387304,62929,,https://www.last.fm/music/Joey+Quinones,0,"soul, souldies"
Mercury,385227,62896,f858dc9b-9a09-4b28-b6cb-a01e41d4f96d,https://www.last.fm/music/Mercury,0,"Disco, DIsco House, nu disco"
Goomp,527020,62838,,https://www.last.fm/music/Goomp,0,
Old Gods of Asgard,1019286,62800,3586e8bd-0c38-43dd-bd2a-b2dd93dbc8bb,https://www.last.fm/music/Old+Gods+of+Asgard,0,"rock, Soundtrack, alternative rock"
Joel Sunny,902804,62757,,https://www.last.fm/music/Joel+Sunny,0,"australian, cover, violin"
Sven Wunder,559296,62729,,https://www.last.fm/music/Sven+Wunder,0,"jazz, instrumental, swedish"
Gigi Perez,361168,62714,,https://www.last.fm/music/Gigi+Perez,0,
Castlevania Sound Team,1658842,62637,,https://www.last.fm/music/Castlevania+Sound+Team,0,"Soundtrack, japanese, video game music"
Marca MP,1601986,62624,,https://www.last.fm/music/Marca+MP,0,mexican
schafter,7077109,62622,,https://www.last.fm/music/schafter,0,"rap, Hip-Hop, Lo-Fi"
Baby Gravy,801847,62599,8ffad1d0-1a21-4b3f-83fd-20a78116057e,https://www.last.fm/music/Baby+Gravy,0,"rap, Hip-Hop, electronic"
Unflirt,579901,62517,,https://www.last.fm/music/Unflirt,0,"electropop, pop, indie pop"
Kairikibear,1792072,62515,,https://www.last.fm/music/Kairikibear,0,"japanese, japan, J-rock"
Marracash,4411234,62448,d7bcfcb3-9dab-4897-8c47-25132eb48a88,https://www.last.fm/music/Marracash,0,"hip hop, rap, Hip-Hop"
mafumafu,1807225,62389,,https://www.last.fm/music/mafumafu,0,"japanese, utaite, J-rock"
Alex Warren,603840,62340,,https://www.last.fm/music/Alex+Warren,0,singer-songwriter
.diedlonely,680595,62333,,https://www.last.fm/music/.diedlonely,0,"ambient, wave, Norway"
Artan,642760,62319,,https://www.last.fm/music/Artan,0,"Hip-Hop, hip hop, 5 Stars"
Giga,1291941,62222,,https://www.last.fm/music/Giga,0,"vocaloid, electronic, electropop"
N.I.N.A,1632922,62199,,https://www.last.fm/music/N.I.N.A,0,"eurodance, pop, female vocalists"
Say She She,435142,62180,,https://www.last.fm/music/Say+She+She,0,"soul, pop, funk"
slxughter,529838,62175,,https://www.last.fm/music/slxughter,0,
Michal Leah,351441,62168,,https://www.last.fm/music/Michal+Leah,0,"indie pop, indie, pop"
Tan Bionica,2827098,62159,,https://www.last.fm/music/Tan+Bionica,0,"argentina, indie rock, Rock Argentino"
Sambabook,244083,62152,,https://www.last.fm/music/Sambabook,0,brazil
OverDose,1667427,62151,c28b093d-799b-485c-8ad8-40206649d960,https://www.last.fm/music/OverDose,0,"thrash metal, heavy metal, brazilian"
Bluey,1489159,62139,577d2f19-0571-459b-8d88-a3a5244df6ba,https://www.last.fm/music/Bluey,0,"Soundtrack, pop, australian"
Snafu,670211,62057,e88b710d-beb5-4deb-b778-cc81a00a339f,https://www.last.fm/music/Snafu,0,"punk, punk rock, hardcore"
VnD,1407313,62034,,https://www.last.fm/music/VnD,0,"seen live, Grime, brazilian"
Six Dior,381664,61919,,https://www.last.fm/music/Six+Dior,0,
Novelists,1329871,61879,fb0b5025-8554-43cd-856a-90e6db8bb032,https://www.last.fm/music/Novelists,0,"Progressive Metalcore, metalcore, DJENT"
Alt!,653370,61875,,https://www.last.fm/music/Alt%21,0,USA
Masayoshi Soken,5130392,61816,5c9a43b6-bc1c-46b4-9976-ded9367523c7,https://www.last.fm/music/Masayoshi+Soken,0,"video game music, Soundtrack, japanese"
Militarie Gun,1403640,61794,,https://www.last.fm/music/Militarie+Gun,0,"hardcore, post-hardcore, emo"
Minho,1200934,61685,,https://www.last.fm/music/Minho,0,"shinee, Korean, k-pop"
Białas,5254491,61643,,https://www.last.fm/music/Bia%C5%82as,0,"rap, Hip-Hop, underground"
skyemane,425605,61599,,https://www.last.fm/music/skyemane,0,
Dardan,2634902,61596,,https://www.last.fm/music/Dardan,0,"Hip-Hop, rap, deutsch"
阿保剛,1391280,61595,c96413df-f4cb-4231-bfa0-8e70c25742ef,https://www.last.fm/music/%E9%98%BF%E4%BF%9D%E5%89%9B,0,"Soundtrack, japanese, composer"
Hale,1041484,61564,bb5f7f07-74fb-4b8a-b291-1f64eec89761,https://www.last.fm/music/Hale,0,"OPM, alternative, rock"
Doctor Hz,586108,61541,,https://www.last.fm/music/Doctor+Hz,0,
Laylow,11183948,61511,,https://www.last.fm/music/Laylow,0,"french rap, Hip-Hop, hip hop"
Lupe de Lupe,4655572,61469,,https://www.last.fm/music/Lupe+de+Lupe,0,"shoegaze, noise, experimental"
Febre90s,1859771,61458,,https://www.last.fm/music/Febre90s,0,"hip hop, brazilian"
FlowerBoyDeMii,687886,61416,,https://www.last.fm/music/FlowerBoyDeMii,0,"breakcore, jungle, glitchbreak"
Unrecovery,806673,61391,,https://www.last.fm/music/Unrecovery,0,"slowcore, Lo-Fi, rare sads"
Alpha Wann,5145288,61380,7bfb81ef-e6aa-4716-a9a5-fa5f1b419680,https://www.last.fm/music/Alpha+Wann,0,"Hip-Hop, french, hip hop"
Jay Chou,3723614,61355,a223958d-5c56-4b2c-a30a-87e357bc121b,https://www.last.fm/music/Jay+Chou,0,"chinese, C-pop, Jay Chou"
Ryder,488932,61264,a38a4dd9-9b60-49df-9c62-a8bde1d31598,https://www.last.fm/music/Ryder,0,"electronic, hip hop, retrowave"
Blood Estate,491230,61152,,https://www.last.fm/music/Blood+Estate,0,"shoegaze, Lo-Fi, post-punk"
PXNDX,3274778,61133,,https://www.last.fm/music/PXNDX,0,"rock, pop punk, tianguiscore"
Mentatranque,319929,61106,,https://www.last.fm/music/Mentatranque,0,
Silent Sanctuary,1700125,61060,952b7b05-472d-4726-93d5-fdc520a2b337,https://www.last.fm/music/Silent+Sanctuary,0,"OPM, Pinoy Rock, alternative"
Alan Gomez,1029633,61053,,https://www.last.fm/music/Alan+Gomez,0,"Reggaeton, cumbia, fiesta"
Rain City Drive,1533096,61046,,https://www.last.fm/music/Rain+City+Drive,0,"post-hardcore, alternative rock, rock"
Disiz,2969461,60996,daba3096-88f2-4322-9b00-10938b0220b8,https://www.last.fm/music/Disiz,0,"rap, Hip-Hop, french"
Arrows in Action,1252836,60981,,https://www.last.fm/music/Arrows+in+Action,0,"seen live, power pop, pop rock"
Turno,470468,60920,6a271a16-e231-4508-979a-5017a31a9406,https://www.last.fm/music/Turno,0,"Drum and bass, british, experimental"
Mero,1414724,60911,fc16b4b5-6912-4621-ad5c-b1aec48e8586,https://www.last.fm/music/Mero,0,"Hip-Hop, rap, german"
Savage Hands,677907,60876,,https://www.last.fm/music/Savage+Hands,0,"post-hardcore, metalcore, alternative rock"
DJ JOAO DA INESTAN,443694,60856,,https://www.last.fm/music/DJ+JOAO+DA+INESTAN,0,"brazil, brasil, brazilian"
Aileron,393701,60799,3701590a-3271-47ba-897b-2ba211a78688,https://www.last.fm/music/Aileron,0,"synthwave, electronic, Disco"
Yo Yo Honey Singh,1197411,60738,0dc9c4bc-8bcc-42f1-9033-bec41160377f,https://www.last.fm/music/Yo+Yo+Honey+Singh,0,"Hip-Hop, rnb, Indian"
Mega Mango,800595,60720,,https://www.last.fm/music/Mega+Mango,0,"indie rock, USA, spotify"
Galva-Nice,154362,60586,,https://www.last.fm/music/Galva-Nice,0,beats
Edwin Rosen,1894563,60573,,https://www.last.fm/music/Edwin+Rosen,0,"seen live, new wave, german"
FABIO BRAZZA,972341,60524,,https://www.last.fm/music/FABIO+BRAZZA,0,"Hip-Hop, brazil, mpb"
HIXTAPE,792390,60419,,https://www.last.fm/music/HIXTAPE,0,"country, USA"
Josman,8137318,60377,,https://www.last.fm/music/Josman,0,"rap, Hip-Hop, french"
Pandora.,829398,60376,,https://www.last.fm/music/Pandora.,0,"thrash, Black, dreamwave"
Żabson,5520735,60375,,https://www.last.fm/music/%C5%BBabson,0,"rap, Hip-Hop, Rap undergroun hip-hop"
9lokknine,1034364,60329,,https://www.last.fm/music/9lokknine,0,"rap, hip hop, trap"
Teen Jesus and the Jean Teasers,631121,60297,,https://www.last.fm/music/Teen+Jesus+and+the+Jean+Teasers,0,"indie, rock, indie rock"
Virginio Aiello,265906,60294,,https://www.last.fm/music/Virginio+Aiello,0,
warner case,322452,60292,,https://www.last.fm/music/warner+case,0,"electronic, USA, dance"
Minova,377620,60266,,https://www.last.fm/music/Minova,0,indie pop
Molecualar Binary,482659,60259,,https://www.last.fm/music/Molecualar+Binary,0,
Luigi Malatesta,212774,60228,,https://www.last.fm/music/Luigi+Malatesta,0,"Italy, Soundtrack, jazz"
sapientdream,534714,60156,,https://www.last.fm/music/sapientdream,0,"electronic, indie, downtempo"
broimsuperman,417355,60142,,https://www.last.fm/music/broimsuperman,0,
Joker Out,3735304,60027,,https://www.last.fm/music/Joker+Out,0,"rock, slovenian, indie rock"
The Amazing Devil,3365476,60018,,https://www.last.fm/music/The+Amazing+Devil,0,"folk, folk rock, alt-folk"
FMK,1495326,59928,,https://www.last.fm/music/FMK,0,"argentina, Reggaeton, trap"
Saliva Grey,591791,59814,,https://www.last.fm/music/Saliva+Grey,0,"dark trap, Trap Metal"
Cash!*,454499,59810,,https://www.last.fm/music/Cash%21%2A,0,
Luidji,3261250,59798,,https://www.last.fm/music/Luidji,0,"Hip-Hop, french, seen live"
Connor Spiotto,524856,59759,,https://www.last.fm/music/Connor+Spiotto,0,"american, California"
Josh Levi,932751,59733,,https://www.last.fm/music/Josh+Levi,0,"rap, rnb, pop"
Viejas Locas,1239395,59664,b7f6b7cd-c23d-45a1-8160-261f6e47cce6,https://www.last.fm/music/Viejas+Locas,0,"Rock Argentino, argentina, rock nacional"
xaviersobased,4213677,59616,,https://www.last.fm/music/xaviersobased,0,"based, digicore, 1c"
WHALES•TALK,643503,59587,,https://www.last.fm/music/WHALES%E2%80%A2TALK,0,"indie rock, indie, indie pop"
Seek,374110,59552,19a2b956-2ca1-4009-a5d4-774426b3a725,https://www.last.fm/music/Seek,0,"lounge, japanese, Sludge"
Graham,802034,59544,d88d7a15-e2f1-4de4-a000-79e86f85c002,https://www.last.fm/music/Graham,0,"pop, ambient, blues"
Distant,1010291,59536,cfb201b3-fe7c-423c-9a5e-25f7079e283b,https://www.last.fm/music/Distant,0,"deathcore, brutal deathcore, black metal"
Julión Álvarez Y Su Norteño Banda,1475391,59535,,https://www.last.fm/music/Juli%C3%B3n+%C3%81lvarez+Y+Su+Norte%C3%B1o+Banda,0,"mexico, regional mexican, BANDA"
Brray,594342,59454,,https://www.last.fm/music/Brray,0,"latin, Reggaeton, puerto rico"
Lalleshwari (Katie Jane Garside),1071236,59442,,https://www.last.fm/music/Lalleshwari+(Katie+Jane+Garside),0,"experimental, female vocalists, ethereal"
Mayo.,732814,59434,,https://www.last.fm/music/Mayo.,0,"UK, 3"
Trap Of Sounds,317994,59425,,https://www.last.fm/music/Trap+Of+Sounds,0,
Baby Bugs,1162054,59417,,https://www.last.fm/music/Baby+Bugs,0,"indie pop, female vocalists, indie"
Salmo,4522411,59391,8691d44e-7143-4edb-a72c-1cbc7d1a0867,https://www.last.fm/music/Salmo,0,"Hip-Hop, Grime, rap"
Timothy Edward Carpenter,168541,59352,,https://www.last.fm/music/Timothy+Edward+Carpenter,0,
Mulú,520651,59352,,https://www.last.fm/music/Mul%C3%BA,0,"seen live, brazilian, novampb"
25時、ナイトコードで。,5586322,59339,,https://www.last.fm/music/25%E6%99%82%E3%80%81%E3%83%8A%E3%82%A4%E3%83%88%E3%82%B3%E3%83%BC%E3%83%89%E3%81%A7%E3%80%82,0,"project sekai, japanese, female vocalists"
Shadrow,694466,59283,,https://www.last.fm/music/Shadrow,0,"indie, alternative rock, indie pop"
Dracodraco,337505,59263,,https://www.last.fm/music/Dracodraco,0,"electronic, breakcore, Rave"
Три Дня Дождя,3560909,59259,,https://www.last.fm/music/%D0%A2%D1%80%D0%B8+%D0%94%D0%BD%D1%8F+%D0%94%D0%BE%D0%B6%D0%B4%D1%8F,0,"alternative, rock, pop rock"
BLESSED MANE,811843,59216,,https://www.last.fm/music/BLESSED+MANE,0,"phonk, witch house, russian"
DR MØB,415355,59175,,https://www.last.fm/music/DR+M%C3%98B,0,
GOLEMM,851083,59114,,https://www.last.fm/music/GOLEMM,0,"electronic, Drum and bass, dnb"
Of Virtue,670809,59027,93e4442d-fe69-42f7-90cd-b2e945c8eacc,https://www.last.fm/music/Of+Virtue,0,"metalcore, melodic hardcore, hardcore"
d3r,1425712,58993,,https://www.last.fm/music/d3r,0,"Rave, scenecore, Scene"
&team,3161284,58979,,https://www.last.fm/music/&team,0,"japanese, JPop, pop"
SAIN,2010147,58955,9a144d09-5426-49bc-8c31-75a324fab743,https://www.last.fm/music/SAIN,0,"Hip-Hop, electronic, seen live"
Jay Safari,504629,58943,,https://www.last.fm/music/Jay+Safari,0,"hip hop, pop, funk"
home is where,1405036,58910,,https://www.last.fm/music/home+is+where,0,"emo, midwest emo, screamo"
Nayutalien,1008569,58905,,https://www.last.fm/music/Nayutalien,0,"japanese, vocaloid, electronic"
Sha EK,2169209,58902,,https://www.last.fm/music/Sha+EK,0,"rap, new york, drill"
Rita Payés,637790,58859,,https://www.last.fm/music/Rita+Pay%C3%A9s,0,"trombone, jazz, vocals"
ODD EYE CIRCLE (ARTMS),901143,58828,,https://www.last.fm/music/ODD+EYE+CIRCLE+(ARTMS),0,"k-pop, Loona, pop"
Yuri Redicopa,386576,58801,,https://www.last.fm/music/Yuri+Redicopa,0,"brazil, brazilian, Funk Carioca"
Ardeon,251630,58767,,https://www.last.fm/music/Ardeon,0,
guzior,5119342,58669,,https://www.last.fm/music/guzior,0,"rap, Hip-Hop, polish"
Jamie Duffy,483083,58574,,https://www.last.fm/music/Jamie+Duffy,0,"electronic, Classical, RIP"
Until i Wake,1042067,58566,,https://www.last.fm/music/Until+i+Wake,0,"post-hardcore, metalcore, alternative metal"
Aabhi,553124,58505,,https://www.last.fm/music/Aabhi,0,
Beth McCarthy,479025,58475,,https://www.last.fm/music/Beth+McCarthy,0,"british, singer-songwriter, acoustic"
duquesa,1017809,58468,55904463-0325-4aea-88f4-925b0319aab8,https://www.last.fm/music/duquesa,0,"indie, rock, alternative"
Kaneko Ayano,1028491,58425,,https://www.last.fm/music/Kaneko+Ayano,0,"seen live, indie, japanese"
Tsundere Twintails,679854,58375,,https://www.last.fm/music/Tsundere+Twintails,0,
Ambrosiae,233454,58291,,https://www.last.fm/music/Ambrosiae,0,
Erika Lundmoen,803364,58255,,https://www.last.fm/music/Erika+Lundmoen,0,"pop, female vocalists, russian"
Cruz Cafuné,3691469,58228,,https://www.last.fm/music/Cruz+Cafun%C3%A9,0,"spanish, spain, rnb"
TweakS,316767,58214,,https://www.last.fm/music/TweakS,0,"indie, ambient, UK"
Vald,8261528,58208,062ab94e-b7a5-47a9-b3f4-cc1750c3f859,https://www.last.fm/music/Vald,0,"Hip-Hop, rap, french"
Milionário & José Rico,731064,58186,,https://www.last.fm/music/Milion%C3%A1rio+&+Jos%C3%A9+Rico,0,"sertanejo, brasil, country"
Lotus Juice,1516496,58137,c731e592-2620-4f4c-859d-39e294b06b35,https://www.last.fm/music/Lotus+Juice,0,"Hip-Hop, electronic, japanese"
The Itchyworms,1101740,58127,,https://www.last.fm/music/The+Itchyworms,0,"OPM, Filipino, Pinoy Rock"
Snõõper,665604,58124,,https://www.last.fm/music/Sn%C3%B5%C3%B5per,0,"egg punk, Garage Punk, synthpunk"
In Explosions,526870,58113,,https://www.last.fm/music/In+Explosions,0,
Diamondsonmydick,2289308,58107,,https://www.last.fm/music/Diamondsonmydick,0,"pedocore, pedophile, trap"
Humbe,2533761,58082,,https://www.last.fm/music/Humbe,0,"pop, male vocalists, latin pop"
Sonny Wern,417465,58070,,https://www.last.fm/music/Sonny+Wern,0,"electronic, House, dutch"
Reezy,4166107,58025,,https://www.last.fm/music/Reezy,0,"Hip-Hop, rap, deutsch"
Oruam,689086,58015,,https://www.last.fm/music/Oruam,0,"Hip-Hop, rnb, trap"
Till Lindemann,1007368,57968,,https://www.last.fm/music/Till+Lindemann,0,"industrial metal, Rammstein, german"
Kahimi Karie,649008,57952,938802a8-fc8d-43a3-bc2b-68180f748055,https://www.last.fm/music/Kahimi+Karie,0,"japanese, shibuya-kei, j-pop"
H1-KEY,1492103,57945,,https://www.last.fm/music/H1-KEY,0,"k-pop, pop, Korean"
foggieraw,477081,57921,,https://www.last.fm/music/foggieraw,0,"hip hop, rap, christian"
Keanu Bicol,1015761,57885,,https://www.last.fm/music/Keanu+Bicol,0,"american, texan"
Benny Dayal,788533,57882,6b0b4484-442e-489d-bb8e-5e79dcd8e5f4,https://www.last.fm/music/Benny+Dayal,0,"Indian, bollywood, india"
KEiiNO,1731650,57818,,https://www.last.fm/music/KEiiNO,0,"pop, norwegian, Eurovision"
Apo Hiking Society,961627,57690,3df8a7c7-0409-485a-8822-e016f38243ae,https://www.last.fm/music/Apo+Hiking+Society,0,"OPM, Apo, philippines"
Bixby,2042845,57690,,https://www.last.fm/music/Bixby,0,"pop, hyperpop, digicore"
Letdown.,850500,57653,,https://www.last.fm/music/Letdown.,0,"modern rock, alternative rock, modern"
The Altons,414537,57649,,https://www.last.fm/music/The+Altons,0,"soul, USA, psychedelic"
Draft Day,622249,57637,,https://www.last.fm/music/Draft+Day,0,"Hip-Hop, underground hip-hop, trap"
Kobaryo,1990016,57634,2ac4d851-c5d9-48f7-8164-699cc5ce02d1,https://www.last.fm/music/Kobaryo,0,"speedcore, japanese, electronic"
Darko US,2702934,57628,,https://www.last.fm/music/Darko+US,0,"deathcore, DJENT, Progressive deathcore"
Ballout,964666,57618,,https://www.last.fm/music/Ballout,0,"drill, Hip-Hop, chicago"
runo plum,441971,57581,,https://www.last.fm/music/runo+plum,0,indie folk
Louta,1410937,57516,,https://www.last.fm/music/Louta,0,"argentina, palermitano, rich parents"
Rushy,702153,57494,,https://www.last.fm/music/Rushy,0,"Hip-Hop, rap, UK"
Sugarfree,919487,57443,cd9b9fd4-15ce-4603-a110-5d41bd347bc0,https://www.last.fm/music/Sugarfree,0,"OPM, rock, italian"
MC Guto VGS,507228,57369,,https://www.last.fm/music/MC+Guto+VGS,0,"brazil, brazilian, Funk Carioca"
KOHTA YAMAMOTO,1601150,57276,,https://www.last.fm/music/KOHTA+YAMAMOTO,0,"Soundtrack, instrumental, japanese"
Rob49,642500,57254,,https://www.last.fm/music/Rob49,0,"rap, New Orleans, Hip-Hop"
Highway,723078,57241,f7632fb6-6616-4697-a918-48c42098aca9,https://www.last.fm/music/Highway,0,"blues rock, heavy metal, hard rock"
NEEDY GIRL OVERDOSE,1948684,57168,,https://www.last.fm/music/NEEDY+GIRL+OVERDOSE,0,"electronic, chiptune, Soundtrack"
Stack$,606428,57154,74a03a03-b0a1-45b6-b4d1-eac7e1d2882d,https://www.last.fm/music/Stack$,0,"Hip-Hop, Stacks"
VS Self,1540494,57123,,https://www.last.fm/music/VS+Self,0,"emo, screamo, skramz"
MC DANIEL,464863,57070,,https://www.last.fm/music/MC+DANIEL,0,"Hip-Hop, rap, funk"
Tom Jobim,419234,57053,7a8dbe84-f4c0-4457-bfa3-edced1f8cde0,https://www.last.fm/music/Tom+Jobim,0,"Bossa Nova, jazz, brazilian"
Dinos,6175303,57000,,https://www.last.fm/music/Dinos,0,"Hip-Hop, rap, doo wop"
Belle Kaffer,496757,56991,,https://www.last.fm/music/Belle+Kaffer,0,"brazil, brazilian"
azari,1212056,56942,,https://www.last.fm/music/azari,0,"House, electronic, Disco"
puremind,715285,56903,,https://www.last.fm/music/puremind,0,
Wind Walkers,848946,56901,,https://www.last.fm/music/Wind+Walkers,0,"post-hardcore, metalcore, Progressive metal"
John Roseboro,562529,56859,,https://www.last.fm/music/John+Roseboro,0,"indie, Bossa Nova, alternative"
Dries Riesen,159708,56828,,https://www.last.fm/music/Dries+Riesen,0,jazz
Ooxygen,735233,56731,,https://www.last.fm/music/Ooxygen,0,"pedocore, pedophile, groomer"
Jeff Satur,2186042,56640,,https://www.last.fm/music/Jeff+Satur,0,"indie, pop, Ballad"
Beny Jr,2459822,56616,,https://www.last.fm/music/Beny+Jr,0,"spain, barcelona, trap"
Goddard.,456624,56614,,https://www.last.fm/music/Goddard.,0,"dnb, electronic, british"
it's murph,392662,56600,,https://www.last.fm/music/it%27s+murph,0,"electronic, UK, dance"
Lamparina,1142394,56582,,https://www.last.fm/music/Lamparina,0,"seen live, brazil, brazilian"
Everyone Asked About You,1064212,56528,3a05d825-813a-4a00-8b4d-bebfbb0a3241,https://www.last.fm/music/Everyone+Asked+About+You,0,"emo, midwest emo, indie"
Rivermaya,1234352,56495,915a3ad2-45c7-4a37-90f6-16f57aeddbde,https://www.last.fm/music/Rivermaya,0,"OPM, Filipino, Pinoy Rock"
Dom Fera,814073,56479,,https://www.last.fm/music/Dom+Fera,0,"indie pop, USA"
NEP,445898,56439,,https://www.last.fm/music/NEP,0,"indie, industrial, bedroom pop"
boy 2000,327729,56414,,https://www.last.fm/music/boy+2000,0,
Dying Wish,1513619,56403,a6d0cdd3-b04f-4f39-9c0b-e693983e5481,https://www.last.fm/music/Dying+Wish,0,"metalcore, hardcore, Melodic Death Metal"
Febem,3501582,56320,,https://www.last.fm/music/Febem,0,"Grime, rap, brazilian"
Tarcis,882384,56312,,https://www.last.fm/music/Tarcis,0,"rap, brazilian, boom bap"
Nik Nocturnal,580888,56269,,https://www.last.fm/music/Nik+Nocturnal,0,"metalcore, Progressive metal, Nu Metal"
geoffplaysguitar,920302,56136,,https://www.last.fm/music/geoffplaysguitar,0,"Soundtrack, cover, metal"
eightiesheadachetape,780508,56073,,https://www.last.fm/music/eightiesheadachetape,0,"plunderphonics, electronic, ambient"
Rusherking,1636291,56070,,https://www.last.fm/music/Rusherking,0,"argentina, mommy issues, Cuck"
Tyler Hubbard,616962,56034,,https://www.last.fm/music/Tyler+Hubbard,0,"country, singer-songwriter, american"
Dj Brunin XM,772653,55989,,https://www.last.fm/music/Dj+Brunin+XM,0,"funk, techno, automotivo"
Drip-Drop,568149,55951,,https://www.last.fm/music/Drip-Drop,0,
Vulfmon,584070,55926,,https://www.last.fm/music/Vulfmon,0,"jazz, soul, indie"
The Valdons,184061,55886,006c9c07-d984-4638-bb08-4aa0732844b3,https://www.last.fm/music/The+Valdons,0,"Minnesota, soul, 60s"
Eden Muñoz,746806,55885,,https://www.last.fm/music/Eden+Mu%C3%B1oz,0,mexico
La Santa Grifa,1930165,55880,,https://www.last.fm/music/La+Santa+Grifa,0,"hip hop, rap, mexico"
Coez,1976893,55852,f57cdcee-a681-4a20-a78c-dd86548500de,https://www.last.fm/music/Coez,0,"pop, rap, Hip-Hop"
Victor Thompson,471338,55842,,https://www.last.fm/music/Victor+Thompson,0,"nigeria, gospel, singer-songwriter"
Baki,980722,55784,880afa95-7377-4499-a95e-688fa390169a,https://www.last.fm/music/Baki,0,"punk rock, jrock, metal"
Infinity Song,385008,55777,,https://www.last.fm/music/Infinity+Song,0,"soul, rnb, pop"
Flamingos in the Tree,435491,55751,,https://www.last.fm/music/Flamingos+in+the+Tree,0,
Yandar & Yostin,287299,55745,28385ad9-0968-45f2-a4ea-23f902a305bb,https://www.last.fm/music/Yandar+&+Yostin,0,"Colombia, Reggaeton, colombian"
Népal,4278404,55669,,https://www.last.fm/music/N%C3%A9pal,0,"Hip-Hop, french, hip hop"
Sobel,3134912,55661,,https://www.last.fm/music/Sobel,0,"polish, Hip-Hop, trap"
Harry Nach,1839812,55656,,https://www.last.fm/music/Harry+Nach,0,"Reggaeton, chile, trap"
Koe Wetzel,2168228,55633,,https://www.last.fm/music/Koe+Wetzel,0,"texas, country, rock"
bye2,878139,55598,,https://www.last.fm/music/bye2,0,"orbcore, breakcore, hardcore breaks"
Nastyona,1146820,55582,981eaa5e-ff48-4c68-a991-69c02693ab85,https://www.last.fm/music/Nastyona,0,"Korean, indie, psychedelic"
Luis R Conriquez,1516800,55545,,https://www.last.fm/music/Luis+R+Conriquez,0,"mexico, latin, español"
Xals!,1423218,55516,,https://www.last.fm/music/Xals%21,0,"rap, trap, hip"
Marjorie -W.C. Sinclair,4042304,55448,,https://www.last.fm/music/Marjorie+-W.C.+Sinclair,0,"cloud rap, detroit trap, based"
Konomi Suzuki,1028447,55391,,https://www.last.fm/music/Konomi+Suzuki,0,"j-pop, japanese, anime"
Tanishk Bagchi,934352,55381,,https://www.last.fm/music/Tanishk+Bagchi,0,"Indian, bollywood, india"
Otsochodzi,5285214,55360,,https://www.last.fm/music/Otsochodzi,0,"rap, Hip-Hop, polish"
Clavish,1744349,55347,,https://www.last.fm/music/Clavish,0,"rap, hip hop, Grime"
Young Leosia,2082197,55340,,https://www.last.fm/music/Young+Leosia,0,"dancehall, hip hop, pop rap"
NECROLX,376203,55331,,https://www.last.fm/music/NECROLX,0,uzbekistan
The Box,867166,55329,bed97f72-a02e-4f70-b885-ed3e6caf8e99,https://www.last.fm/music/The+Box,0,"new wave, post-punk, Canadian"
NO GUIDNCE,693808,55302,,https://www.last.fm/music/NO+GUIDNCE,0,"rnb, pop, soul"
Clayton & Romário,746806,55260,,https://www.last.fm/music/Clayton+&+Rom%C3%A1rio,0,
Lutalo,276443,55250,,https://www.last.fm/music/Lutalo,0,"seen live, folk, indie pop"
pigeon pit,1654184,55131,,https://www.last.fm/music/pigeon+pit,0,"punk, queer, queercore"
iasilma,214578,55051,,https://www.last.fm/music/iasilma,0,
ネクライトーキー,1052306,55048,,https://www.last.fm/music/%E3%83%8D%E3%82%AF%E3%83%A9%E3%82%A4%E3%83%88%E3%83%BC%E3%82%AD%E3%83%BC,0,"rock, pop punk, japanese"
Ftlframe,600213,55015,,https://www.last.fm/music/Ftlframe,0,"Drum and bass, breakcore, indonesia"
Soft Play,598111,55004,,https://www.last.fm/music/Soft+Play,0,"punk, punk rock, british"
Unique Salonga,1207341,55000,,https://www.last.fm/music/Unique+Salonga,0,"indie, Psychedelic Rock, Ballad"
Myles Smith,402524,54968,,https://www.last.fm/music/Myles+Smith,0,
Marlon Hoffstadt,443103,54967,,https://www.last.fm/music/Marlon+Hoffstadt,0,"electronic, House, deep house"
Evanora Unlimited,699493,54953,,https://www.last.fm/music/Evanora+Unlimited,0,"synth punk, seen live, digital hardcore"
El Jordan 23,1715128,54937,,https://www.last.fm/music/El+Jordan+23,0,"malianteo, flaitecore, chile"
Sam Barber,832944,54859,,https://www.last.fm/music/Sam+Barber,0,"singer-songwriter, seen live, country"
Yarden,229453,54828,d76ffc92-5f86-40f7-b473-8336d9e096f2,https://www.last.fm/music/Yarden,0,"minimal, nigerian"
Hotline TNT,965155,54752,,https://www.last.fm/music/Hotline+TNT,0,"shoegaze, indie rock, noise rock"
Kizo,4116900,54740,,https://www.last.fm/music/Kizo,0,"polish, ciemna strefa, Hip-Hop"
Froukje,4558570,54706,,https://www.last.fm/music/Froukje,0,"pop, seen live, dutch"
Minnz Piano,1784745,54664,,https://www.last.fm/music/Minnz+Piano,0,"instrumental, USA, piano"
Adanna Duru,436953,54624,,https://www.last.fm/music/Adanna+Duru,0,"soul, american, rnb"
JVNLIII,479097,54622,,https://www.last.fm/music/JVNLIII,0,"experimental, Drum and bass, breakcore"
1999 WRITE THE FUTURE,200561,54600,,https://www.last.fm/music/1999+WRITE+THE+FUTURE,0,"rap, Hip-Hop, hip hop"
Danzo,1183895,54472,,https://www.last.fm/music/Danzo,0,"hip hop, reggae, rap"
Connor Kauffman,616752,54465,,https://www.last.fm/music/Connor+Kauffman,0,"indie, pop, alternative"
Essosa,492044,54452,,https://www.last.fm/music/Essosa,0,"rnb, soul, british"
Bambi,1330639,54420,57ec1fa6-b295-4f86-ac78-01abb0dd76c7,https://www.last.fm/music/Bambi,0,"Soundtrack, Disney, hardcore punk"
zerb,227559,54419,,https://www.last.fm/music/zerb,0,"electronic, House, acid house"
Pisca,677285,54327,,https://www.last.fm/music/Pisca,0,"trance, electronic, Drum and bass"
December Avenue,1628400,54287,,https://www.last.fm/music/December+Avenue,0,"philippines, opm pop rock, filipino pop rock"
Gooseworx,991789,54224,,https://www.last.fm/music/Gooseworx,0,"electronic, All"
Sumbuck,474996,54156,,https://www.last.fm/music/Sumbuck,0,"folk, indie pop, USA"
SLIFT,812721,54147,,https://www.last.fm/music/SLIFT,0,"Psychedelic Rock, Stoner Rock, space rock"
Young K,1645863,54141,,https://www.last.fm/music/Young+K,0,"DAY6, young k, rock"
Lil Hero,1264918,54137,,https://www.last.fm/music/Lil+Hero,0,"rnb, electronic, electropop"
Calcutta,3026595,54131,05eb3728-c462-43bd-97d8-86c52d0b347d,https://www.last.fm/music/Calcutta,0,"indie, italian, pop"
RomancePlanet,760484,54106,,https://www.last.fm/music/RomancePlanet,0,"hyperpop, hardstyle, trance"
Yhapojj,3284141,54063,,https://www.last.fm/music/Yhapojj,0,"cloud rap, plugg, hip hop"
CircusP,909040,53975,,https://www.last.fm/music/CircusP,0,"japanese, vocaloidP, electronic"
Evan Honer,620969,53975,,https://www.last.fm/music/Evan+Honer,0,"country, folk, USA"
Zandros,299303,53951,,https://www.last.fm/music/Zandros,0,"pop, USA, rnb"
@,423503,53879,,https://www.last.fm/music/@,0,"mysterious, mistagged artist, unknown"
NOVAGANG,1524730,53848,,https://www.last.fm/music/NOVAGANG,0,"Hard, gay, Trash"
8TURN,1561288,53832,,https://www.last.fm/music/8TURN,0,"k-pop, Korean, Kpop"
ロクデナシ,824258,53790,,https://www.last.fm/music/%E3%83%AD%E3%82%AF%E3%83%87%E3%83%8A%E3%82%B7,0,"japanese, j-pop"
Donkeychote,156143,53782,,https://www.last.fm/music/Donkeychote,0,
AZALI,1431946,53747,,https://www.last.fm/music/AZALI,0,piano
Lazza,4545738,53693,,https://www.last.fm/music/Lazza,0,"italian, trap, Hip-Hop"
Grioten,632249,53688,,https://www.last.fm/music/Grioten,0,
Limelight,1121902,53638,f9bff018-e5af-4fff-ab0c-b03f1c635a43,https://www.last.fm/music/Limelight,0,"NWOBHM, electronic, heavy metal"
Black Smurf,894788,53615,,https://www.last.fm/music/Black+Smurf,0,"Hip-Hop, trillwave, rap"
Naomi Sharon,375678,53592,,https://www.last.fm/music/Naomi+Sharon,0,"soul, rnb, pop"
Kit Walters,1031207,53575,,https://www.last.fm/music/Kit+Walters,0,absolute banger
Luther,2630437,53560,e843ec43-270c-4c03-a71e-b5688a6cc768,https://www.last.fm/music/Luther,0,"punk rock, punk, pop punk"
RMC Mike,1262569,53499,,https://www.last.fm/music/RMC+Mike,0,"rap, USA, american"
Leo Rizzi,637849,53421,,https://www.last.fm/music/Leo+Rizzi,0,"spanish, spain, electronic"
The Kolors,597468,53402,,https://www.last.fm/music/The+Kolors,0,"funk, italian, indie pop"
Dead Blonde,1336011,53348,,https://www.last.fm/music/Dead+Blonde,0,"russian, Rave, electronic"
SAY3AM,406162,53341,,https://www.last.fm/music/SAY3AM,0,"electro, phonk, witchhouse"
Cybertrash,1004136,53309,,https://www.last.fm/music/Cybertrash,0,hyperpop
jaden hossler,569699,53306,,https://www.last.fm/music/jaden+hossler,0,"alternative, unitedstates"
Eliza McLamb,747291,53294,,https://www.last.fm/music/Eliza+McLamb,0,"pop, alternative, singer-songwriter"
Superfan,278525,53232,759cc94a-4e91-4047-814e-6a295e8b7a28,https://www.last.fm/music/Superfan,0,"Old school Hardcore, hardcore punk, black flag"
Courting,950450,53199,,https://www.last.fm/music/Courting,0,"post-punk, Crank wave, indie rock"
DJ RENAN DA BL,319371,53138,,https://www.last.fm/music/DJ+RENAN+DA+BL,0,
SERAPHINE NOIR,414356,52990,,https://www.last.fm/music/SERAPHINE+NOIR,0,seapunk
ayase,834458,52967,,https://www.last.fm/music/ayase,0,"vocaloid, electronic, electropop"
Trashiii,554750,52961,,https://www.last.fm/music/Trashiii,0,"Drum and bass, electronic, jungle"
溶けない名前,1188149,52933,,https://www.last.fm/music/%E6%BA%B6%E3%81%91%E3%81%AA%E3%81%84%E5%90%8D%E5%89%8D,0,"shoegaze, japanese, indie"
VDYCD,748696,52915,,https://www.last.fm/music/VDYCD,0,
Elfrieda,197504,52911,,https://www.last.fm/music/Elfrieda,0,
Tomoki Hasegawa,402653,52910,c48b0852-2ea6-4bd6-a091-f3957b8a9eb1,https://www.last.fm/music/Tomoki+Hasegawa,0,"japanese, anime, composer"
Long beatz,629940,52900,,https://www.last.fm/music/Long+beatz,0,"Hip-Hop, rap, brazilian"
Kummer,2178126,52854,,https://www.last.fm/music/Kummer,0,"Hip-Hop, seen live, rap"
Salim–Sulaiman,831257,52816,,https://www.last.fm/music/Salim%E2%80%93Sulaiman,0,"india, Indian Fusion"
Mochakk,404107,52746,,https://www.last.fm/music/Mochakk,0,brazil
Calein,822528,52731,,https://www.last.fm/music/Calein,0,"philippines, OPM, Filipino"
Deep Horizon Waves,269814,52730,,https://www.last.fm/music/Deep+Horizon+Waves,0,
Maki,901815,52665,faad6821-1ca8-486d-8f98-03c47126a085,https://www.last.fm/music/Maki,0,"EXIT TRANCE, trance, japanese"
Elmiene,283692,52663,,https://www.last.fm/music/Elmiene,0,"rnb, pop, soul"
Koba LaD,2557869,52661,,https://www.last.fm/music/Koba+LaD,0,"Hip-Hop, french, adorable"
Henrik,403161,52614,514bc125-3d56-49f8-adff-d45ba12fb1d0,https://www.last.fm/music/Henrik,0,"ambient, ambient pop, acoustic"
Panoramia,396904,52611,,https://www.last.fm/music/Panoramia,0,
WHITE 2115,6546482,52606,,https://www.last.fm/music/WHITE+2115,0,"Hip-Hop, polish, seen live"
onimanxd,351513,52589,,https://www.last.fm/music/onimanxd,0,
ARXMANE,416013,52554,,https://www.last.fm/music/ARXMANE,0,
Focus Noise,406833,52541,,https://www.last.fm/music/Focus+Noise,0,under 2000 listeners
Braden Bales,620881,52461,,https://www.last.fm/music/Braden+Bales,0,singer-songwriter
Aldeia Records,454012,52416,,https://www.last.fm/music/Aldeia+Records,0,"rap, brazil, brazilian"
yungmorpheus,473396,52393,,https://www.last.fm/music/yungmorpheus,0,"hip hop, rap, Hip-Hop"
Desejo de Menina,1093119,52318,36bb81ce-4fde-42ed-840b-0d6da16320a2,https://www.last.fm/music/Desejo+de+Menina,0,"Forro, romanticas, desejo de menina"
Bryan Martin,605158,52155,,https://www.last.fm/music/Bryan+Martin,0,"country, blues, country rock"
El Fantasma,970576,52136,,https://www.last.fm/music/El+Fantasma,0,"mexican, corridos, BANDA"
Young Cister,2431514,52127,,https://www.last.fm/music/Young+Cister,0,"hip hop, latin, chile"
Novulent,727238,52115,,https://www.last.fm/music/Novulent,0,shoegaze
Jasleen Royal,935566,52077,6118ae97-0d86-45da-b4e8-4ead6fb9573d,https://www.last.fm/music/Jasleen+Royal,0,"india, Hindie"
ワンダーランズ×ショウタイム,4044526,52011,,https://www.last.fm/music/%E3%83%AF%E3%83%B3%E3%83%80%E3%83%BC%E3%83%A9%E3%83%B3%E3%82%BA%C3%97%E3%82%B7%E3%83%A7%E3%82%A6%E3%82%BF%E3%82%A4%E3%83%A0,0,"vocaloid, project sekai, japanese"
Orange & Lemons,1099903,51999,,https://www.last.fm/music/Orange+&+Lemons,0,"OPM, pinoy, Pinoy Rock"
Jessica Baio,474096,51945,,https://www.last.fm/music/Jessica+Baio,0,"pop, female vocalists, USA"
Rooler,1103123,51924,,https://www.last.fm/music/Rooler,0,"hardstyle, rawstyle, electronic"
bugcried,488969,51887,,https://www.last.fm/music/bugcried,0,
Vivid BAD SQUAD,3299577,51872,,https://www.last.fm/music/Vivid+BAD+SQUAD,0,"vocaloid covers, project sekai, japanese"
Blaize Jenkins,223977,51797,,https://www.last.fm/music/Blaize+Jenkins,0,american
Kratos,826364,51792,,https://www.last.fm/music/Kratos,0,"heavy metal, seen live, Gothic Metal"
MC Larissa,277283,51763,,https://www.last.fm/music/MC+Larissa,0,baile funk
RAIZHELL,345210,51761,,https://www.last.fm/music/RAIZHELL,0,"electronic, phonk, drift phonk"
Sp3ctrum,374626,51757,,https://www.last.fm/music/Sp3ctrum,0,electronic
Dj João Pereira,302667,51752,,https://www.last.fm/music/Dj+Jo%C3%A3o+Pereira,0,"MTG, funk bh"
Ariel Camacho Y Los Plebes Del Rancho,1272540,51744,038d3f6c-4bd1-4403-bc80-31e8b6880d94,https://www.last.fm/music/Ariel+Camacho+Y+Los+Plebes+Del+Rancho,0,"mexico, corridos, latin"
Soojin,1435731,51735,,https://www.last.fm/music/Soojin,0,"Korean, k-pop, Kpop"
SB Maffija,6119357,51697,111cd704-91cc-4135-92a4-65d7e86d1c87,https://www.last.fm/music/SB+Maffija,0,"Hip-Hop, rap, polish"
Baby Gang,2267695,51681,,https://www.last.fm/music/Baby+Gang,0,"Hip-Hop, hip hop, rap"
Will Stetson,2406024,51648,,https://www.last.fm/music/Will+Stetson,0,"american, covers, utaite"
mqx,1538014,51610,,https://www.last.fm/music/mqx,0,hardstyle
Shay,1724546,51610,,https://www.last.fm/music/Shay,0,"french, rap, female vocalists"
Rkomi,2904377,51603,,https://www.last.fm/music/Rkomi,0,"hip hop, rap, trap"
Elena Siegman,572670,51603,,https://www.last.fm/music/Elena+Siegman,0,"game soundtrack, zombiecore, rock"
The Red Clay Strays,413533,51576,,https://www.last.fm/music/The+Red+Clay+Strays,0,"Southern Rock, country rock, country blues"
Yonlu,1756807,51573,,https://www.last.fm/music/Yonlu,0,"Lo-Fi, experimental, brazilian"
Nxdia,386927,51564,,https://www.last.fm/music/Nxdia,0,"pop, electropop, british"
Alex C.,417882,51493,6bfb7f3e-b5cc-46da-8b59-7dc22c10ca6b,https://www.last.fm/music/Alex+C.,0,"dance, trance, electronic"
larinhx,695642,51473,,https://www.last.fm/music/larinhx,0,"Hip-Hop, rap, brazilian"
Ghost Atlas,1021602,51442,,https://www.last.fm/music/Ghost+Atlas,0,"post-hardcore, alternative rock, Progressive rock"
Dylan Gossett,520042,51415,,https://www.last.fm/music/Dylan+Gossett,0,"country, folk, USA"
Nicholas Craven,1295622,51288,,https://www.last.fm/music/Nicholas+Craven,0,"rap, Hip-Hop, hip hop"
CSR,1760833,51263,,https://www.last.fm/music/CSR,0,"k-pop, space rock, shoegazer"
Peggy,353981,51262,f631a461-e364-44dd-82ae-d50b0a877050,https://www.last.fm/music/Peggy,0,"indie, indie rock, alternative"
Monty.Pk,507188,51208,,https://www.last.fm/music/Monty.Pk,0,
Beamer,231828,51174,,https://www.last.fm/music/Beamer,0,"swedish, techno, minimal"
nobita,955070,51158,,https://www.last.fm/music/nobita,0,"philippines, OPM, Pinoy Rock"
PALEFACE SWISS,929852,51156,,https://www.last.fm/music/PALEFACE+SWISS,0,"deathcore, hardcore, beatdown"
Romantica,485545,51107,477d267c-720b-45bd-8a4b-9c1d029c132e,https://www.last.fm/music/Romantica,0,"indie, seen live, acoustic"
Yüzyüzeyken Konuşuruz,3139114,51087,147f60cf-e5c9-4183-9c58-bb755395b819,https://www.last.fm/music/Y%C3%BCzy%C3%BCzeyken+Konu%C5%9Furuz,0,"acoustic, singer-songwriter, turkey"
cosMo@Bousou-P,804421,51070,,https://www.last.fm/music/cosMo@Bousou-P,0,"japanese, japan, speedcore"
sowhatimdead,635154,51062,,https://www.last.fm/music/sowhatimdead,0,
Zimmer90,337479,51011,,https://www.last.fm/music/Zimmer90,0,"indie, pop, seen live"
Ezhel,4023290,50969,,https://www.last.fm/music/Ezhel,0,"hip hop, Hip-Hop, reggae"
Kukon,12971719,50959,,https://www.last.fm/music/Kukon,0,"Hip-Hop, rap, seen live"
T3r Elemento,1738629,50908,,https://www.last.fm/music/T3r+Elemento,0,"mexico, Sierreno, latin"
Cowboy Malfoy,372889,50900,,https://www.last.fm/music/Cowboy+Malfoy,0,indie pop
Susannah Joffe,298274,50879,,https://www.last.fm/music/Susannah+Joffe,0,"indie pop, indie rock, female vocalists"
Muscadine Bloodline,869391,50867,,https://www.last.fm/music/Muscadine+Bloodline,0,"country, alternative rock, USA"
Sophia Chablau e Uma Enorme Perda de Tempo,1245723,50845,,https://www.last.fm/music/Sophia+Chablau+e+Uma+Enorme+Perda+de+Tempo,0,"seen live, brazil, indie"
Taylor Acorn,854884,50826,,https://www.last.fm/music/Taylor+Acorn,0,"pop rock, rock, country"
1600J,1096079,50815,,https://www.last.fm/music/1600J,0,"hip hop, rap, new york"
teo glacier,522759,50792,,https://www.last.fm/music/teo+glacier,0,"soul, New Zealand, rnb"
Imala Zir,202037,50723,,https://www.last.fm/music/Imala+Zir,0,
明星 <Akeboshi>,575452,50705,,https://www.last.fm/music/%E6%98%8E%E6%98%9F+%3CAkeboshi%3E,0,"indie, japanese, folk"
Joy Anonymous,316632,50644,,https://www.last.fm/music/Joy+Anonymous,0,"electronic, House, UK Garage"
DjSM,347269,50617,,https://www.last.fm/music/DjSM,0,
Peyton Parrish,1081198,50588,,https://www.last.fm/music/Peyton+Parrish,0,"alternative metal, america, alternative rock"
The Marshmallow Kisses,473130,50487,8d5a8531-da2c-4792-b731-e8dbcdf67e7d,https://www.last.fm/music/The+Marshmallow+Kisses,0,"twee, Hong Kong, indie"
YOUTHISENDING,374582,50471,,https://www.last.fm/music/YOUTHISENDING,0,
Maverick City Music,3563426,50401,,https://www.last.fm/music/Maverick+City+Music,0,"gospel, worship, pop"
Trunks,580140,50370,f42d7b90-1ed4-47dd-a495-97cc74c76009,https://www.last.fm/music/Trunks,0,"jazz, experimental, Avant-Garde"
jahhde,1031425,50299,,https://www.last.fm/music/jahhde,0,
Oxt,898802,50291,,https://www.last.fm/music/Oxt,0,"japanese, JPop, Asian"
Ak Ausserkontrolle,1945252,50207,,https://www.last.fm/music/Ak+Ausserkontrolle,0,"rap, Hip-Hop, hip hop"
Madilyn Mei,776858,50150,,https://www.last.fm/music/Madilyn+Mei,0,"indie, USA, bedroom pop"
Jiro Inagaki and His Soul Media,317029,50149,,https://www.last.fm/music/Jiro+Inagaki+and+His+Soul+Media,0,"jazz, funk, japan"
Somnolence,220768,50146,4987db0b-63fc-4ff2-b8f9-3cbcdc17b2a9,https://www.last.fm/music/Somnolence,0,"black metal, ambient, experimental"
7 Minutoz,2849001,50144,,https://www.last.fm/music/7+Minutoz,0,"hip hop, rap, brazil"
Pablo Chill-E,2234149,50123,,https://www.last.fm/music/Pablo+Chill-E,0,"chile, trap, hip hop"
Crying City,711182,50111,,https://www.last.fm/music/Crying+City,0,"rock, bedroom rnb, korean dream pop"
Kyle Hume,718239,50054,,https://www.last.fm/music/Kyle+Hume,0,
Grim Salvo,1798102,49997,,https://www.last.fm/music/Grim+Salvo,0,"rap, dark trap, hip hop"
son feci bisiklet,1917134,49996,,https://www.last.fm/music/son+feci+bisiklet,0,"alternative rock, indie rock, acoustic"
TOOBOE,884175,49960,,https://www.last.fm/music/TOOBOE,0,japanese
Talibando,583399,49940,,https://www.last.fm/music/Talibando,0,"detroit rap, scam rap"
Ano,689281,49939,,https://www.last.fm/music/Ano,0,"japanese, punk, hardcore"
Los Sebosos Postizos,750309,49891,ec5f71fb-97bf-41de-aafe-2ed867bea1c3,https://www.last.fm/music/Los+Sebosos+Postizos,0,"brazilian, mangue beat, manguebeat"
Vishal Mishra,702093,49825,,https://www.last.fm/music/Vishal+Mishra,0,"Soundtrack, Indian, bollywood"
Pirâmide Perdida,943826,49812,,https://www.last.fm/music/Pir%C3%A2mide+Perdida,0,"rap, hip hop, brazilian"
きくおはな,1248534,49806,,https://www.last.fm/music/%E3%81%8D%E3%81%8F%E3%81%8A%E3%81%AF%E3%81%AA,0,"electronic, japanese, pop"
Young Igi,3972082,49789,,https://www.last.fm/music/Young+Igi,0,"Hip-Hop, rap, polish"
JKRS,451009,49723,,https://www.last.fm/music/JKRS,0,"electronic, Musik, EDM"
Heejin,1879788,49638,,https://www.last.fm/music/Heejin,0,"Loona, k-pop, Kpop"
Harto Falión,1383559,49624,,https://www.last.fm/music/Harto+Fali%C3%B3n,0,"trap, plugg, surf gang"
Hiroshi Kitadani,576153,49599,66938bb6-e328-46c7-8868-e84211f81751,https://www.last.fm/music/Hiroshi+Kitadani,0,"j-pop, japanese, anime"
Henry Freitas,523016,49566,,https://www.last.fm/music/Henry+Freitas,0,"brazilian, Forro, piseiro"
Los Rodriguez,693434,49495,,https://www.last.fm/music/Los+Rodriguez,0,"Rock Argentino, rock, Rock en Espanol"
nettspend,2907503,49473,,https://www.last.fm/music/nettspend,0,"Trash, ass, cloud rap"
Reto,3398897,49428,,https://www.last.fm/music/Reto,0,"seen live, Gowno, rock"
Meg Smith,259130,49409,,https://www.last.fm/music/Meg+Smith,0,"pop, acoustic, female vocalists"
Sickmode,1285112,49394,,https://www.last.fm/music/Sickmode,0,"rawstyle, hardstyle, italian"
LUNACYCL,181648,49336,,https://www.last.fm/music/LUNACYCL,0,
Mariana Froes,573185,49257,,https://www.last.fm/music/Mariana+Froes,0,"cover, portuguese, mpb"
Evan Call,2312914,49158,,https://www.last.fm/music/Evan+Call,0,"Soundtrack, american, composer"
Maruja,484540,49137,4d53a817-cfc4-41fa-a3ab-2dc543013eae,https://www.last.fm/music/Maruja,0,"art rock, post-rock, post-punk"
CHRIST DILLINGER,876985,48929,,https://www.last.fm/music/CHRIST+DILLINGER,0,"spider gang, Hip-Hop, seen live"
Grian Chatten,694570,48910,,https://www.last.fm/music/Grian+Chatten,0,"rock, folk, indie rock"
stxlkin,782514,48910,,https://www.last.fm/music/stxlkin,0,"hyperpop, another winter"
Deathbrain,1018017,48885,,https://www.last.fm/music/Deathbrain,0,"jungle, atmospheric drum and bass, noise"
azayaka,215349,48866,,https://www.last.fm/music/azayaka,0,United States
hkmori,885162,48691,,https://www.last.fm/music/hkmori,0,"breakcore, depressive breakcore"
closed tear,274687,48658,,https://www.last.fm/music/closed+tear,0,"electronic, synthpop, electronica"
DJ RICK 013,299151,48607,,https://www.last.fm/music/DJ+RICK+013,0,
Yuu Miyashita,1353426,48573,,https://www.last.fm/music/Yuu+Miyashita,0,"utaite, japanese, jp"
BHZ,3211422,48552,,https://www.last.fm/music/BHZ,0,"rap, Hip-Hop, hip hop"
Acidgvrl,478483,48447,,https://www.last.fm/music/Acidgvrl,0,"trance, ambient, experimental"
Nuvfr,697201,48320,,https://www.last.fm/music/Nuvfr,0,"electronic, sigilkore"
PXSEIDON,689354,48253,,https://www.last.fm/music/PXSEIDON,0,hardstyle
Japa,3245292,48237,,https://www.last.fm/music/Japa,0,"rap, brazil, brazilian"
Fast Boy,310394,48220,,https://www.last.fm/music/Fast+Boy,0,"pop, rap, USA"
Slow Attack Ensemble,378618,48184,,https://www.last.fm/music/Slow+Attack+Ensemble,0,"ambient, electronic, canada"
11:11 Music Group,274948,48122,,https://www.last.fm/music/11:11+Music+Group,0,
Baker St.,138694,48059,,https://www.last.fm/music/Baker+St.,0,jazz
Dutch Hour,288369,48007,,https://www.last.fm/music/Dutch+Hour,0,"techno, Dark Techno, minimal techno"
Reidenshi,477759,47964,,https://www.last.fm/music/Reidenshi,0,"electronic, ambient"
GEZEBELLE GABURGABLY,3661271,47944,,https://www.last.fm/music/GEZEBELLE+GABURGABLY,0,"incelcore, slacker rock, femcelcore"
knola,298203,47934,,https://www.last.fm/music/knola,0,"emo, midwest emo, indie"
Jé Santiago,1839278,47873,,https://www.last.fm/music/J%C3%A9+Santiago,0,"trap, rnb, Hip-Hop"
1tbsp,330309,47866,,https://www.last.fm/music/1tbsp,0,"electronic, House, australia"
METTE,274220,47843,e9b6b268-12b8-40a2-af48-3ff363347eb2,https://www.last.fm/music/METTE,0,"pop, Hip-Hop, electropop"
Bread Beatz,577702,47839,,https://www.last.fm/music/Bread+Beatz,0,"canada, new jazz"
Jan-rapowanie,5069067,47802,,https://www.last.fm/music/Jan-rapowanie,0,"Hip-Hop, seen live, rap"
Hyejin,472291,47769,,https://www.last.fm/music/Hyejin,0,"k-pop, Kpop, craxy"
Mc Ws da leste,207600,47623,,https://www.last.fm/music/Mc+Ws+da+leste,0,
Zuukou Mayzie,1987379,47617,,https://www.last.fm/music/Zuukou+Mayzie,0,"rap, 667, Hip-Hop"
Bruno Berle,446522,47610,,https://www.last.fm/music/Bruno+Berle,0,"Bossa Nova, seen live, brazilian"
AYLIVA,2280178,47393,,https://www.last.fm/music/AYLIVA,0,"german, deutschland, female singer"
zild,3854627,47361,,https://www.last.fm/music/zild,0,"Filipino, indie, alternative"
TATA,1088113,47321,7911c0ea-4589-4fc9-8f85-d0d60ba4f368,https://www.last.fm/music/TATA,0,"Armenian, jazz, thai"
Daniel Di Angelo,958824,47284,,https://www.last.fm/music/Daniel+Di+Angelo,0,
steve breaux,327875,47269,,https://www.last.fm/music/steve+breaux,0,
Corey Kent,577511,47255,,https://www.last.fm/music/Corey+Kent,0,country
Sanguisugabogg,1252381,47237,,https://www.last.fm/music/Sanguisugabogg,0,"death metal, Brutal Death Metal, metal"
Sodré,341524,47120,,https://www.last.fm/music/Sodr%C3%A9,0,
Soushi Sakiyama,497377,47110,,https://www.last.fm/music/Soushi+Sakiyama,0,"JPop, japanese, japan"
M Dot R,234987,47088,,https://www.last.fm/music/M+Dot+R,0,"reggae, Grime, ragga"
Silva Hound,822735,47081,9747d8e2-99db-417a-8d9a-9f33eec29f86,https://www.last.fm/music/Silva+Hound,0,"House, electronic, pony"
Lee Hyori,529563,47041,,https://www.last.fm/music/Lee+Hyori,0,"k-pop, Korean, Kpop"
Ray Lozano,177548,46986,,https://www.last.fm/music/Ray+Lozano,0,"pop, soul, singer-songwriter"
Supernova Ent,477843,46816,,https://www.last.fm/music/Supernova+Ent,0,"Veigh, Drill BR"
makko,3070103,46665,,https://www.last.fm/music/makko,0,"rap, hip hop, Berlin"
Macroix,231368,46612,,https://www.last.fm/music/Macroix,0,
Amira Elfeky,435939,46584,,https://www.last.fm/music/Amira+Elfeky,0,"rock, female vocalists, Emo rock"
Dj Boy,507388,46550,,https://www.last.fm/music/Dj+Boy,0,"radiohead, the game, common"
Soto asa,2496364,46534,,https://www.last.fm/music/Soto+asa,0,"Reggaeton, seen live, spain"
Darshan Raval,1087488,46521,,https://www.last.fm/music/Darshan+Raval,0,"Indian, india, playback singer"
Raz Fresco,337272,46474,,https://www.last.fm/music/Raz+Fresco,0,"Hip-Hop, rap, canada"
Jere Klein,1688283,46407,,https://www.last.fm/music/Jere+Klein,0,"chile, dogshit"
Joe Worker,892999,46360,,https://www.last.fm/music/Joe+Worker,0,Kansas City
Ex Habit,319152,46349,,https://www.last.fm/music/Ex+Habit,0,"electropop, indie, pop"
thasup,3246883,46348,,https://www.last.fm/music/thasup,0,"trap, italian, Italy"
songer,1308960,46322,,https://www.last.fm/music/songer,0,"rap, Grime, hiphop"
DJ HEARTSTRING,574802,46287,,https://www.last.fm/music/DJ+HEARTSTRING,0,"trance, techno, eurodance"
You Lost,338408,46180,,https://www.last.fm/music/You+Lost,0,
Rules,174369,46143,576e4bc8-d5d1-4b02-a3bb-675fbd9623bf,https://www.last.fm/music/Rules,0,"future garage, electronic, bass"
Joost,2742915,46112,,https://www.last.fm/music/Joost,0,"Hip-Hop, seen live, dutch"
Leozin,1480806,46098,,https://www.last.fm/music/Leozin,0,"rap, brazilian, trap"
D$ Luqi,1259491,46078,,https://www.last.fm/music/D$+Luqi,0,
Bomull,141278,46034,,https://www.last.fm/music/Bomull,0,
Glorb,903978,46019,,https://www.last.fm/music/Glorb,0,"Hip-Hop, novelty, trap"
Eden FM,345439,46006,,https://www.last.fm/music/Eden+FM,0,
Mc Luanna,1338044,45902,,https://www.last.fm/music/Mc+Luanna,0,"trap, Hip-Hop, pop"
Hammocks & Lime,134076,45872,,https://www.last.fm/music/Hammocks+&+Lime,0,"chill, lofi"
Hideki Taniuchi,1460698,45819,,https://www.last.fm/music/Hideki+Taniuchi,0,"Soundtrack, japanese, instrumental"
Orange Sector,778690,45778,464aa85f-475e-4ebb-b67a-440b1d3862bd,https://www.last.fm/music/Orange+Sector,0,"ebm, Old school EBM, industrial"
pitcher56,658332,45688,,https://www.last.fm/music/pitcher56,0,"shibuya-kei, japanese, electronica"
21 Lil Harold,244651,45636,,https://www.last.fm/music/21+Lil+Harold,0,"Hip-Hop, rap, atlanta"
Saramalacara,2086882,45570,,https://www.last.fm/music/Saramalacara,0,"trap, RIP GANG, cloud rap"
ciaffa,469406,45535,,https://www.last.fm/music/ciaffa,0,"sped up, speed up, slowed reverb"
fadewtf,562663,45502,,https://www.last.fm/music/fadewtf,0,
Jdot Breezy,1935861,45496,,https://www.last.fm/music/Jdot+Breezy,0,"USA, rap, drill"
Cup of Joe,2107590,45421,,https://www.last.fm/music/Cup+of+Joe,0,"OPM, pop rock, band"
Wyatt Flores,691972,45324,,https://www.last.fm/music/Wyatt+Flores,0,"country, USA, americana"
Paper Planes,300008,45324,4115393f-ba72-4d3f-b630-98d4ba6bd30b,https://www.last.fm/music/Paper+Planes,0,"seen live, rock, thai"
dj samir,346838,45219,,https://www.last.fm/music/dj+samir,0,
FourFive,479351,45210,,https://www.last.fm/music/FourFive,0,"metalcore, deathcore, USA"
Dthang,1487473,45144,,https://www.last.fm/music/Dthang,0,"rap, new york, american"
idylla,276447,45097,,https://www.last.fm/music/idylla,0,"instrumental, chillhop"
Heembeezy,865199,45060,,https://www.last.fm/music/Heembeezy,0,"Hip-Hop, rap"
Kaz Bałagane,7933506,45055,,https://www.last.fm/music/Kaz+Ba%C5%82agane,0,"Hip-Hop, rap, polish"
Dezko,271454,45015,,https://www.last.fm/music/Dezko,0,"tech house, colombian, phonk"
DJ NK3,417181,44884,,https://www.last.fm/music/DJ+NK3,0,"brazil, electronic, funk"
Dilaw,875393,44863,,https://www.last.fm/music/Dilaw,0,"hip hop, rap"
Massaru,1102929,44814,,https://www.last.fm/music/Massaru,0,"trap, hip hop, brazil"
Barretta,614980,44805,,https://www.last.fm/music/Barretta,0,
Belén Aguilera,2287986,44759,,https://www.last.fm/music/Bel%C3%A9n+Aguilera,0,"spanish, seen live, pop"
Jorge Rivera-Herrans,2110080,44748,,https://www.last.fm/music/Jorge+Rivera-Herrans,0,"electronic, rock, orchestral"
Roy Bee,452441,44699,,https://www.last.fm/music/Roy+Bee,0,"french, dance, france"
Ruger,724326,44601,,https://www.last.fm/music/Ruger,0,"nigeria, Nigerian pop, afrobeats"
UNORDINARYBEATS,193738,44551,,https://www.last.fm/music/UNORDINARYBEATS,0,
Luiza Schmidt,160802,44434,,https://www.last.fm/music/Luiza+Schmidt,0,"Classical, piano, chamber"
Anthony Willis,344637,44416,,https://www.last.fm/music/Anthony+Willis,0,"Soundtrack, instrumental, composer"
dudu,1249618,44388,,https://www.last.fm/music/dudu,0,"trap, hip hop, gospel"
Kholby Wardell,594859,44208,,https://www.last.fm/music/Kholby+Wardell,0,
OG Keemo,3791396,44201,,https://www.last.fm/music/OG+Keemo,0,"german, Hip-Hop, seen live"
АИГЕЛ,1541619,44183,,https://www.last.fm/music/%D0%90%D0%98%D0%93%D0%95%D0%9B,0,"idm, russian, Hip-Hop"
Issey Cross,252341,44095,,https://www.last.fm/music/Issey+Cross,0,"pop, electronic, electropop"
Al James,1694603,44016,e659e4ab-3cf4-43f3-af55-b4673b4d87ad,https://www.last.fm/music/Al+James,0,"Dolorean, baryoberde, Pinoy hip-hop"
Enmity,605133,43990,a1502b28-c158-4a95-90be-019c0610b670,https://www.last.fm/music/Enmity,0,"Brutal Death Metal, death metal, grindcore"
Patrick Holland,255592,43968,,https://www.last.fm/music/Patrick+Holland,0,"House, electronic, indie pop"
Rob Deniel,877324,43925,,https://www.last.fm/music/Rob+Deniel,0,philippines
Taichu,1213760,43906,,https://www.last.fm/music/Taichu,0,"trap, hyper pop, RIP GANG"
Uzielito Mix,483277,43823,,https://www.last.fm/music/Uzielito+Mix,0,"mexico, Reggaeton, Reggaeton mexicano"
Charles Wesley Godwin,745557,43670,,https://www.last.fm/music/Charles+Wesley+Godwin,0,"country, americana, american"
Thee Lakesiders,254478,43663,,https://www.last.fm/music/Thee+Lakesiders,0,rnb
Yuki Kajiura,2076073,43437,67e344da-ec54-4e26-b2a4-8351d744a14c,https://www.last.fm/music/Yuki+Kajiura,0,"Soundtrack, japanese, anime"
Rico Blanco,718568,43417,b146f17c-6e7a-4616-8baf-ee598e462570,https://www.last.fm/music/Rico+Blanco,0,"Filipino, OPM, singer-songwriter"
Gemitaiz,3950170,43391,59364b13-1a3f-4a49-bc68-7b253d27c12c,https://www.last.fm/music/Gemitaiz,0,"rap, trap, Hip-Hop"
lor2mg,495331,43359,,https://www.last.fm/music/lor2mg,0,"screamo, Hip-Hop, rap"
Kerry Butler,262750,43339,318c4a49-683e-4daf-a48e-d33645be2df7,https://www.last.fm/music/Kerry+Butler,0,"musical, showtunes, female vocalists"
Sam Short,268489,43328,,https://www.last.fm/music/Sam+Short,0,"pop, indie pop, female vocalists"
JaidynAlexis,298602,43316,,https://www.last.fm/music/JaidynAlexis,0,"trap, jersey club"
Madrigal,1416153,43280,7c4d0809-a6c5-4ee9-a893-ad60e03d4414,https://www.last.fm/music/Madrigal,0,"Gothic Metal, doom metal, black metal"
Męskie Granie Orkiestra,757981,43245,22f3afb3-9afd-4096-bb91-f9562ce79d01,https://www.last.fm/music/M%C4%99skie+Granie+Orkiestra,0,"seen live, polish, rock"
Ziak,3817415,43245,,https://www.last.fm/music/Ziak,0,"drill, UK Drill, hip hop"
White Noise Radiance,6651027,43092,,https://www.last.fm/music/White+Noise+Radiance,0,"Sleep, white power"
Vylet Pony,3035380,43081,,https://www.last.fm/music/Vylet+Pony,0,"synthpop, electropop, hyperpop"
la adictiva,538983,43034,,https://www.last.fm/music/la+adictiva,0,"mexico, regional"
Sachet Tandon,700476,43008,,https://www.last.fm/music/Sachet+Tandon,0,"Indian, bollywood, india"
Tetê Espíndola,402335,42908,ee413219-50d7-4668-abca-748263f5b8c3,https://www.last.fm/music/Tet%C3%AA+Esp%C3%ADndola,0,"mpb, brazilian, vanguarda"
Endzone,946183,42889,,https://www.last.fm/music/Endzone,0,"Progressive metal, thrash metal, russian"
Arcy Drive,292533,42885,,https://www.last.fm/music/Arcy+Drive,0,"indie rock, new york"
BASSTON,491812,42878,,https://www.last.fm/music/BASSTON,0,
DADAROMA,2362013,42775,,https://www.last.fm/music/DADAROMA,0,"visual kei, japanese, metalcore"
scizzie,443901,42738,,https://www.last.fm/music/scizzie,0,"electronic, sad, canada"
Greg Mendez,493965,42713,,https://www.last.fm/music/Greg+Mendez,0,"indie, USA"
a vow,427504,42650,,https://www.last.fm/music/a+vow,0,ambient
arm's length,1836402,42521,,https://www.last.fm/music/arm%27s+length,0,"emo, alternative, indie"
Highvyn,541825,42474,,https://www.last.fm/music/Highvyn,0,
heylog,5793526,42437,,https://www.last.fm/music/heylog,0,"experimental, hyperpop, alternative rock"
Luck Ra,1096756,42338,,https://www.last.fm/music/Luck+Ra,0,"argentina, childrens music, white rapper"
Adamlar,2769083,42315,,https://www.last.fm/music/Adamlar,0,"turkish, reggae, alternative rock"
AYYBO,223327,42293,,https://www.last.fm/music/AYYBO,0,USA
Marlon DuBois,2152603,42279,,https://www.last.fm/music/Marlon+DuBois,0,"nod, trap, cloud rap"
Nova One,146027,42270,,https://www.last.fm/music/Nova+One,0,"pop, dream pop, 60s"
Hoàng Thùy Linh,1076922,42268,9ad9a4d3-10a6-4765-b1a4-8100d2cda756,https://www.last.fm/music/Ho%C3%A0ng+Th%C3%B9y+Linh,0,"vietnamese, pop, v-pop"
Vampyx,695277,42219,,https://www.last.fm/music/Vampyx,0,"scenecore, emo, Scene"
Notorious Nick,281005,42078,,https://www.last.fm/music/Notorious+Nick,0,
Witchz,751638,41984,,https://www.last.fm/music/Witchz,0,"electronic, Nevada, phonk"
G.A,502374,41916,,https://www.last.fm/music/G.A,0,"Hip-Hop, soul, rap"
Alfredo Olivas,1253792,41908,,https://www.last.fm/music/Alfredo+Olivas,0,"mexico, regional mexican, el patroncito"
The New Six,989716,41881,,https://www.last.fm/music/The+New+Six,0,"Korean, k-pop, pop"
49 Winchester,594123,41860,,https://www.last.fm/music/49+Winchester,0,"seen live, country, USA"
oston,385315,41844,,https://www.last.fm/music/oston,0,"pop, indie pop, female vocalists"
Because,1109161,41823,631c0240-fead-4c4d-ac81-7ec0fb7a5b80,https://www.last.fm/music/Because,0,"seen live, Love, vocals"
Hana Stretton,442607,41787,,https://www.last.fm/music/Hana+Stretton,0,"folk, ambient, bedroom"
ZAPRAVKA,446570,41706,,https://www.last.fm/music/ZAPRAVKA,0,"electronic, russian, meme"
Billy Gillies,243302,41693,e8b137a3-67b2-4880-8cfd-761135688837,https://www.last.fm/music/Billy+Gillies,0,"trance, uplifting trance, UK"
Hackle,2039231,41671,,https://www.last.fm/music/Hackle,0,"haunted mound, Horrorcore, witch house"
Wanessa Camargo,8758399,41627,d3acca3b-2a75-4b2d-b15c-a5f6ee723b45,https://www.last.fm/music/Wanessa+Camargo,0,"pop, dance, female vocalists"
sira,600411,41614,,https://www.last.fm/music/sira,0,"trance, dance, vocal trance"
Timothée Chalamet,531147,41564,,https://www.last.fm/music/Timoth%C3%A9e+Chalamet,0,"USA, Love, american"
EgoFear,394860,41538,,https://www.last.fm/music/EgoFear,0,"DJENT, industrial metal, modern metal"
Jonas Sandberg,196331,41378,,https://www.last.fm/music/Jonas+Sandberg,0,
Punchmade Dev,1708193,41300,,https://www.last.fm/music/Punchmade+Dev,0,"producer, miami bass, Rapper"
Big Bllakk,1349069,41260,,https://www.last.fm/music/Big+Bllakk,0,"drill, Grime, brazil"
Borai & Denham Audio,232814,41215,,https://www.last.fm/music/Borai+&+Denham+Audio,0,"electronic, hardcore, UK"
Sprints,444139,41190,,https://www.last.fm/music/Sprints,0,"post-punk, Crank wave, indie rock"
Jalen Ngonda,228274,40987,,https://www.last.fm/music/Jalen+Ngonda,0,"soul, rnb, USA"
Josh Meloy,414328,40961,,https://www.last.fm/music/Josh+Meloy,0,"country, USA, guitar"
La Fève,5974601,40884,,https://www.last.fm/music/La+F%C3%A8ve,0,"french rap, Hip-Hop, rap"
deyluvkirby,405182,40883,,https://www.last.fm/music/deyluvkirby,0,
DJmegan23,546116,40790,,https://www.last.fm/music/DJmegan23,0,electronic
PEOPLE 1,672395,40763,,https://www.last.fm/music/PEOPLE+1,0,"pop, japanese, dream pop"
Summrs Vault,784445,40749,,https://www.last.fm/music/Summrs+Vault,0,"archive, trap, pop rap"
Camping in Alaska,1025759,40746,,https://www.last.fm/music/Camping+in+Alaska,0,"emo, punk, indie"
Pi Teddy,112594,40595,,https://www.last.fm/music/Pi+Teddy,0,
Cean Jr.,561709,40592,,https://www.last.fm/music/Cean+Jr.,0,
BBY,161098,40579,,https://www.last.fm/music/BBY,0,"indie pop, Lo-Fi, bedroom pop"
Jini,820680,40559,,https://www.last.fm/music/Jini,0,"Kpop, Korean, k-pop"
Izaya Tiji Archive,1504401,40558,,https://www.last.fm/music/Izaya+Tiji+Archive,0,"trap, pop rap, cloud rap"
REDCHINAWAVE,411194,40451,,https://www.last.fm/music/REDCHINAWAVE,0,"electronic, russian, darkwave"
smokedope2016,1310132,40363,,https://www.last.fm/music/smokedope2016,0,"cloud rap, trap, shit"
ASHESS,271727,40325,,https://www.last.fm/music/ASHESS,0,"ambient, wave"
TOKYOSLEEP,284004,40319,,https://www.last.fm/music/TOKYOSLEEP,0,japan
Loomington,96318,40292,,https://www.last.fm/music/Loomington,0,
LXAES,339139,40236,,https://www.last.fm/music/LXAES,0,
English Teacher,347204,40204,,https://www.last.fm/music/English+Teacher,0,"post-punk, Crank wave, indie rock"
Esteban Gabriel,699426,40036,,https://www.last.fm/music/Esteban+Gabriel,0,"american, Houston"
Endie,695342,39907,,https://www.last.fm/music/Endie,0,"indie pop, USA"
Lil Big Stack,287762,39873,,https://www.last.fm/music/Lil+Big+Stack,0,"cringe, normie, Skibidi Toilet"
Miguel Angeles,497497,39710,,https://www.last.fm/music/Miguel+Angeles,0,"electronic, dance, Rave"
xtcblast,341916,39658,,https://www.last.fm/music/xtcblast,0,
Sdm,1856603,39535,,https://www.last.fm/music/Sdm,0,"poezja spiewana, polish, poetry"
Chayce Beckham,397113,39520,,https://www.last.fm/music/Chayce+Beckham,0,"country, American Idol"
Lucio101,2809891,39447,,https://www.last.fm/music/Lucio101,0,"rap, Berlin, Deutschrap"
Ralphie Choo,831403,39347,,https://www.last.fm/music/Ralphie+Choo,0,"Lo-Fi, spanish, electronic"
riphoops!,374648,39255,,https://www.last.fm/music/riphoops%21,0,"archiver, reuploader"
TX2,772758,39211,,https://www.last.fm/music/TX2,0,"rock, alternative, american"
Alfie Jukes,383544,39136,,https://www.last.fm/music/Alfie+Jukes,0,"british, alfie jukes"
Henry Morris,176799,39120,,https://www.last.fm/music/Henry+Morris,0,"indie, pop, indie pop"
Vira Talisa,582902,39019,,https://www.last.fm/music/Vira+Talisa,0,"indie pop, indonesia, indie"
Anuv Jain,1798317,38985,,https://www.last.fm/music/Anuv+Jain,0,"indie, Hindi, folk"
Green Montana,4171988,38967,,https://www.last.fm/music/Green+Montana,0,"rap, trap, Hip-Hop"
Kevin Sherwood,454093,38950,,https://www.last.fm/music/Kevin+Sherwood,0,"metal, zombies, metalcore"
Minuano,700890,38786,,https://www.last.fm/music/Minuano,0,"japanese, Bossa Nova, math rock"
Junie & TheHutFriends,413234,38761,,https://www.last.fm/music/Junie+&+TheHutFriends,0,"synth, american, art-pop"
Hold,396964,38759,c3e39b51-981d-4e51-a9bd-5e2ee25808e5,https://www.last.fm/music/Hold,0,"slowcore, Gothic Rock, rock"
DJ Jonatas Felipe,258752,38747,,https://www.last.fm/music/DJ+Jonatas+Felipe,0,
El Chachito,469020,38739,,https://www.last.fm/music/El+Chachito,0,mexico
club2020,2585054,38723,,https://www.last.fm/music/club2020,0,"Hip-Hop, rap, piotr krasko w swojej mazurskiej posiadlosci"
Luca-Dante Spadafora,421351,38705,,https://www.last.fm/music/Luca-Dante+Spadafora,0,"techno, House, german"
Rudies Flacko,2746988,38677,,https://www.last.fm/music/Rudies+Flacko,0,"pluggnb, trap, rage"
Unshackled,125565,38567,,https://www.last.fm/music/Unshackled,0,"hardcore punk, electronic, punk"
Honey Revenge,872244,38556,,https://www.last.fm/music/Honey+Revenge,0,"pop punk, seen live, pop"
Flower in Bloom,117980,38551,,https://www.last.fm/music/Flower+in+Bloom,0,USA
Mietze Conte,334317,38481,,https://www.last.fm/music/Mietze+Conte,0,"electronic, pop, experimental"
Kalben,1682368,38449,,https://www.last.fm/music/Kalben,0,"folk, singer-songwriter, acoustic"
WELS,204740,38353,,https://www.last.fm/music/WELS,0,"math, Shellac, schlagzeug und bass"
Fizz,585026,38236,9c70757c-e336-40a9-924c-e897f0131b83,https://www.last.fm/music/Fizz,0,"indie pop, Hip-Hop, indie"
whatsaheart,1497504,38235,,https://www.last.fm/music/whatsaheart,0,"emo, shoegaze, emocore"
Tolga Karaoğlan,131524,38194,,https://www.last.fm/music/Tolga+Karao%C4%9Flan,0,
Yami Safdie,472228,38112,,https://www.last.fm/music/Yami+Safdie,0,"pop, female vocalists, urban"
Shadowstep,142007,38033,,https://www.last.fm/music/Shadowstep,0,
Småland,261796,37940,,https://www.last.fm/music/Sm%C3%A5land,0,ambient
Teya Dora,551673,37926,,https://www.last.fm/music/Teya+Dora,0,"pop, Serbia, serbian"
MC ROSE DA TRETA,235271,37912,,https://www.last.fm/music/MC+ROSE+DA+TRETA,0,brazil
Shubh,1650986,37892,,https://www.last.fm/music/Shubh,0,"Hip-Hop, rap, Indian"
Gabito Ballesteros,609456,37845,,https://www.last.fm/music/Gabito+Ballesteros,0,"mexico, regional"
MC KAKO,604585,37824,,https://www.last.fm/music/MC+KAKO,0,"rap, brazil, Funk Carioca"
Mc Morena,246776,37790,,https://www.last.fm/music/Mc+Morena,0,"funk, Funk Brasil"
Jhung,165116,37788,,https://www.last.fm/music/Jhung,0,
2ke,302622,37758,,https://www.last.fm/music/2ke,0,brazil
munimuni,1183971,37689,,https://www.last.fm/music/munimuni,0,"angura kei, visual kei, japanese"
*67,999630,37645,,https://www.last.fm/music/%2A67,0,"pedocore, rap, greed"
dialE,179702,37629,,https://www.last.fm/music/dialE,0,"rap, Grime, UK"
Dolu Kadehi Ters Tut,2619455,37627,,https://www.last.fm/music/Dolu+Kadehi+Ters+Tut,0,"rock, turkish, turkey"
ISOxo,784961,37490,,https://www.last.fm/music/ISOxo,0,"dubstep, USA, Drum and bass"
Avantika,192021,37357,,https://www.last.fm/music/Avantika,0,"Soundtrack, pop, female vocalists"
100BandXan,445517,37325,,https://www.last.fm/music/100BandXan,0,
The Poles,893216,37148,9e9c3d2c-fc23-4e33-a12a-2ca633eff734,https://www.last.fm/music/The+Poles,0,"punk, experimental, sadcore"
MORE MORE JUMP!,1956431,37113,,https://www.last.fm/music/MORE+MORE+JUMP%21,0,"japanese, j-pop, project sekai"
KidSnorlax,1011626,37056,,https://www.last.fm/music/KidSnorlax,0,"hyperpop, scenecore, glitchcore"
Subiibabii,1064214,37047,,https://www.last.fm/music/Subiibabii,0,"swag, Jerk, tiktok"
tommy oeffling,194032,37042,,https://www.last.fm/music/tommy+oeffling,0,"indie, indie rock, Lo-Fi"
Lilithzplug,386697,37025,,https://www.last.fm/music/Lilithzplug,0,electropop
HANABIE.,678977,37016,,https://www.last.fm/music/HANABIE.,0,"metalcore, J-rock, metal"
VCHA,783546,37004,,https://www.last.fm/music/VCHA,0,"pop, k-pop, girl group"
Emahoy Tsege Mariam Gebru,294408,36832,,https://www.last.fm/music/Emahoy+Tsege+Mariam+Gebru,0,"jazz, Classical, piano"
TEDUA,3939072,36825,,https://www.last.fm/music/TEDUA,0,"drill, rap, trap"
Szpaku,3390947,36799,,https://www.last.fm/music/Szpaku,0,"Hip-Hop, rap, electro"
ぐちり,1018915,36784,,https://www.last.fm/music/%E3%81%90%E3%81%A1%E3%82%8A,0,
Ch4yn,185321,36770,,https://www.last.fm/music/Ch4yn,0,electronic
Thy Slaughter,448819,36735,e8367e77-8847-45e2-a52f-1cf55131eaed,https://www.last.fm/music/Thy+Slaughter,0,"bubblegum bass, electronic, pc music"
Headache,435611,36685,da412a60-3b37-4926-a413-be419aeca2e0,https://www.last.fm/music/Headache,0,"Sludge, breakcore, speedcore"
Gunter Kallmann Choir,214307,36578,21074eb7-3849-4d0e-bd4d-5447ff175c45,https://www.last.fm/music/Gunter+Kallmann+Choir,0,"easy listening, german, lounge"
Keep,254553,36450,,https://www.last.fm/music/Keep,0,"shoegaze, japanese, alternative rock"
cadenkala,359374,36436,,https://www.last.fm/music/cadenkala,0,
W8lss,98643,36382,,https://www.last.fm/music/W8lss,0,
Lynx XII,99170,36353,,https://www.last.fm/music/Lynx+XII,0,
EVNNE,1047396,36352,,https://www.last.fm/music/EVNNE,0,"k-pop, Korean, boys planet"
Club Dogo,1420585,36343,ef8ffb35-51ac-436a-8e23-0dd3a95a6328,https://www.last.fm/music/Club+Dogo,0,"rap, Hip-Hop, hip hop"
justend,147014,36342,,https://www.last.fm/music/justend,0,
Dani Flow,502495,36215,,https://www.last.fm/music/Dani+Flow,0,"mexico, Reggaeton, neoperreo"
Josué Bom de Faixa,248929,36122,,https://www.last.fm/music/Josu%C3%A9+Bom+de+Faixa,0,
The Vanished People,502308,35976,,https://www.last.fm/music/The+Vanished+People,0,
DJ LC,239048,35916,,https://www.last.fm/music/DJ+LC,0,funk
Chivas,6498809,35834,,https://www.last.fm/music/Chivas,0,"Hip-Hop, rap, polish"
John Michael Howell,522068,35809,,https://www.last.fm/music/John+Michael+Howell,0,pop
Jeon Jin Hee,370197,35781,,https://www.last.fm/music/Jeon+Jin+Hee,0,"indie, piano, acoustic"
@tayyebsultan_,148638,35780,,https://www.last.fm/music/@tayyebsultan_,0,
user00xman,1219606,35767,,https://www.last.fm/music/user00xman,0,"trap, pop rap, rage"
Alejandro Vargas,190198,35319,,https://www.last.fm/music/Alejandro+Vargas,0,"jazz, cuba, compositor"
ProdMarvin,176238,35305,,https://www.last.fm/music/ProdMarvin,0,
DXSTINY,220162,35276,,https://www.last.fm/music/DXSTINY,0,
saturdays at your place,667486,35254,,https://www.last.fm/music/saturdays+at+your+place,0,"emo, indie, indie rock"
Nourished by Time,442795,35232,,https://www.last.fm/music/Nourished+by+Time,0,"pop, soul, funk"
purzs,345698,35156,,https://www.last.fm/music/purzs,0,opium archive
Guè,2451249,35106,,https://www.last.fm/music/Gu%C3%A8,0,"Hip-Hop, rap, italian"
DJ FAISCA,273464,35039,,https://www.last.fm/music/DJ+FAISCA,0,"brazil, baile funk, Brasil Funk"
SXID,262255,34962,,https://www.last.fm/music/SXID,0,
Aeriu Ika,240526,34917,,https://www.last.fm/music/Aeriu+Ika,0,"breakcore, trance, ambient"
Dj Hugo CS,184308,34909,,https://www.last.fm/music/Dj+Hugo+CS,0,
Tall Towers,118957,34908,,https://www.last.fm/music/Tall+Towers,0,
Tic-Tekk-Toe,290687,34905,,https://www.last.fm/music/Tic-Tekk-Toe,0,"german, hardtekk"
WIV,299979,34903,,https://www.last.fm/music/WIV,0,"electronic, breakcore"
Liang Lawrence,144817,34884,,https://www.last.fm/music/Liang+Lawrence,0,
Moji x Sboy,906129,34867,,https://www.last.fm/music/Moji+x+Sboy,0,Rap FR
kyszenn,298001,34789,,https://www.last.fm/music/kyszenn,0,
Belmondawg,2671663,34772,,https://www.last.fm/music/Belmondawg,0,"seen live, Hip-Hop, rap"
DJ JV DO SG,217332,34771,,https://www.last.fm/music/DJ+JV+DO+SG,0,MTG
Nicolas Julian,240819,34681,,https://www.last.fm/music/Nicolas+Julian,0,"electronic, pop, german"
Jhin,255470,34632,,https://www.last.fm/music/Jhin,0,"indie, pop, singer-songwriter"
widowdusk,602220,34580,,https://www.last.fm/music/widowdusk,0,"screamo, emo, skramz"
TOKIODK,772839,34544,,https://www.last.fm/music/TOKIODK,0,"Grime, drill, Hip-Hop"
Dei V,701760,34503,,https://www.last.fm/music/Dei+V,0,industry plant
Irmãs de Pau,864307,34489,,https://www.last.fm/music/Irm%C3%A3s+de+Pau,0,"electronic, brazil, Hip-Hop"
DJ FKU,274464,34478,,https://www.last.fm/music/DJ+FKU,0,"baile funk, EDM, brazilian funk"
Karan Aujla,1427902,34478,,https://www.last.fm/music/Karan+Aujla,0,"Hip-Hop, Bhangra, Indian"
Maebi,289795,34476,,https://www.last.fm/music/Maebi,0,"electronic, ambient, drone"
JUDELINE,887239,34458,,https://www.last.fm/music/JUDELINE,0,"spanish, electronic, indie pop"
Samrecks,345272,34402,,https://www.last.fm/music/Samrecks,0,"hip hop, rap"
msht,274601,34276,,https://www.last.fm/music/msht,0,"Ukraine, Ukrainian, phonk"
Ha Vay,230799,34271,,https://www.last.fm/music/Ha+Vay,0,"french, indie, alternative"
Niontay,329807,34196,,https://www.last.fm/music/Niontay,0,"rap, Hip-Hop, hip hop"
gulu gulu,1485096,34142,,https://www.last.fm/music/gulu+gulu,0,"visual kei, metal, japanese"
Marc Acardipane,289151,34070,0ca22131-3302-4788-98c5-7a5dad2eca8a,https://www.last.fm/music/Marc+Acardipane,0,"hardcore, hardstyle, Gabber"
Cordelia,154835,34059,16e6fc5d-89c4-49cf-ae18-53fd1906ec44,https://www.last.fm/music/Cordelia,0,"rock, japanese, female vocalist"
Massimo Pericolo,1998571,34037,,https://www.last.fm/music/Massimo+Pericolo,0,"hip hop, trap, Hip-Hop"
YOUNG MULTI,3044271,34017,,https://www.last.fm/music/YOUNG+MULTI,0,"Hip-Hop, rap, drill"
Gibbs,1766880,34004,,https://www.last.fm/music/Gibbs,0,"rap, hip hop, Hip-Hop"
Bedoes 2115,1687865,33910,,https://www.last.fm/music/Bedoes+2115,0,"seen live, hip hop, polish"
Cyan_95,84821,33882,,https://www.last.fm/music/Cyan_95,0,
藤田真由美,699227,33786,,https://www.last.fm/music/%E8%97%A4%E7%94%B0%E7%9C%9F%E7%94%B1%E7%BE%8E,0,"japanese, female vocalists, video game music"
WeRenoi,1618146,33765,,https://www.last.fm/music/WeRenoi,0,"Hip-Hop, pop, france"
cade clair,473405,33759,,https://www.last.fm/music/cade+clair,0,
Michael Marcagi,157712,33684,,https://www.last.fm/music/Michael+Marcagi,0,"indie, alternative, acoustic"
Ray Bull,236867,33652,,https://www.last.fm/music/Ray+Bull,0,indie
Stevie Bill,201962,33594,,https://www.last.fm/music/Stevie+Bill,0,"pop, indie pop, female vocalists"
Debbii Dawson,105564,33577,,https://www.last.fm/music/Debbii+Dawson,0,"pop, us"
Leviano,587330,33531,,https://www.last.fm/music/Leviano,0,"trap, drill, Drill BR"
Lvbel C5,2396762,33490,,https://www.last.fm/music/Lvbel+C5,0,"rap, turkish, Turkish Rap"
Arthur Miguel,540658,33396,,https://www.last.fm/music/Arthur+Miguel,0,"philippines, OPM, Filipino"
Marcy Mane,485387,33223,,https://www.last.fm/music/Marcy+Mane,0,"goth money, reptilian club boyz, trap"
The Lonely Tree,334988,33222,,https://www.last.fm/music/The+Lonely+Tree,0,
Benji Blue Bills,723413,33217,,https://www.last.fm/music/Benji+Blue+Bills,0,"rap, USA, american"
Bb trickz,975440,33106,,https://www.last.fm/music/Bb+trickz,0,"ice spice hacendado, drill pijo, Peru"
Funkin' Sound Team,418364,33049,,https://www.last.fm/music/Funkin%27+Sound+Team,0,
Isadora Pompeo,536193,33033,,https://www.last.fm/music/Isadora+Pompeo,0,"gospel, christian, worship"
Uxie Kid,660868,32950,,https://www.last.fm/music/Uxie+Kid,0,"trap, Plug, Hard Trap"
Basstripper,253155,32720,,https://www.last.fm/music/Basstripper,0,"Drum n Bass, jump up, Belgium"
GEN.KLOUD,138939,32700,,https://www.last.fm/music/GEN.KLOUD,0,"electronic, canada, techno"
ZEDDY WILL,228459,32557,,https://www.last.fm/music/ZEDDY+WILL,0,
Big Rush,3250053,32438,,https://www.last.fm/music/Big+Rush,0,"pluggnb, rap, trap"
antihoney,495917,32313,,https://www.last.fm/music/antihoney,0,"ambient, trip-hop, japanese"
JC Reyes,545260,32191,,https://www.last.fm/music/JC+Reyes,0,USA
Alex Favela,398789,32164,,https://www.last.fm/music/Alex+Favela,0,"USA, mexican regional"
Alemán,601197,32150,,https://www.last.fm/music/Alem%C3%A1n,0,"Hip-Hop, rap, urban"
ma beats,236449,32007,,https://www.last.fm/music/ma+beats,0,
Most Iverson,89033,31826,,https://www.last.fm/music/Most+Iverson,0,"jazz, instrumental"
Nobu Woods,548580,31809,,https://www.last.fm/music/Nobu+Woods,0,rnb
Certified Trapper,654738,31723,,https://www.last.fm/music/Certified+Trapper,0,"milwaukee, USA, bounce"
Triz,163910,31723,,https://www.last.fm/music/Triz,0,"rap, solo, brazil"
Leo/need,1556118,31647,,https://www.last.fm/music/Leo%2Fneed,0,"project sekai, japanese, female vocalists"
myndstream,107959,31500,,https://www.last.fm/music/myndstream,0,
GAVIN M,215215,31467,,https://www.last.fm/music/GAVIN+M,0,"emo, screamo, skramz"
K3NT4!,313596,31447,,https://www.last.fm/music/K3NT4%21,0,
Bryansanon,324996,31344,,https://www.last.fm/music/Bryansanon,0,
oshrare,302028,31290,,https://www.last.fm/music/oshrare,0,
Cakal,2625172,31247,,https://www.last.fm/music/Cakal,0,"rap, Turkish Rap"
Xllie!,223255,31115,,https://www.last.fm/music/Xllie%21,0,
MRL,243483,31015,,https://www.last.fm/music/MRL,0,
Alek Faith,70792,31009,,https://www.last.fm/music/Alek+Faith,0,
sunala.,65074,30920,,https://www.last.fm/music/sunala.,0,
Jay Hound,440967,30870,,https://www.last.fm/music/Jay+Hound,0,"Hip-Hop, rap, drill"
Cleffy,230808,30823,,https://www.last.fm/music/Cleffy,0,"singer-songwriter, emo rap"
DJ FLG,237081,30541,,https://www.last.fm/music/DJ+FLG,0,
Motive,4673447,30482,fb22f4fe-c58a-47db-a8e6-cdcfc1f95852,https://www.last.fm/music/Motive,0,"hardcore, 90s metalcore, metalcore"
Anguish,594984,30436,b0cc7306-d041-4ce3-beec-05527a76245d,https://www.last.fm/music/Anguish,0,"doom metal, death metal, hardcore"
Spellcasting,458821,30246,,https://www.last.fm/music/Spellcasting,0,
Vaeo,860664,30158,,https://www.last.fm/music/Vaeo,0,"alternative rock, USA, glitchcore"
Kerchak,1385604,29866,,https://www.last.fm/music/Kerchak,0,"hip hop, rap, drill"
itechica,230240,29778,,https://www.last.fm/music/itechica,0,
TRXVELER,259251,29596,,https://www.last.fm/music/TRXVELER,0,
Krush,112475,29514,8f3efffd-4045-4074-bc4b-746d224084be,https://www.last.fm/music/Krush,0,"grindcore, Crust, House"
Auðura,90404,29433,,https://www.last.fm/music/Au%C3%B0ura,0,
Favé,944010,29329,,https://www.last.fm/music/Fav%C3%A9,0,
tchelo rodrigues,1100880,29151,,https://www.last.fm/music/tchelo+rodrigues,0,"trap, Hard Trap, trap BR"
Kelvin Krash,128260,29027,,https://www.last.fm/music/Kelvin+Krash,0,"Hip-Hop, electronic, alternative"
Michelle Maciel,281997,28912,,https://www.last.fm/music/Michelle+Maciel,0,
louke's beats,73011,28869,,https://www.last.fm/music/louke%27s+beats,0,
mutedvibes,76572,28825,,https://www.last.fm/music/mutedvibes,0,
May-Flowa,76842,28681,,https://www.last.fm/music/May-Flowa,0,
Alex Ricellow,199474,28632,,https://www.last.fm/music/Alex+Ricellow,0,"post-punk, ambient, indie pop"
Original Three,77402,28526,,https://www.last.fm/music/Original+Three,0,"All, base hit"
Ugovhb,563873,28092,,https://www.last.fm/music/Ugovhb,0,doomshop
YOVNGCHIMI,709647,28053,,https://www.last.fm/music/YOVNGCHIMI,0,"drill, puerto rico, Hip-Hop"
Alizade,1462242,28029,26077ea2-087e-4b08-aa45-39a5edbe31a5,https://www.last.fm/music/Alizade,0,"Persian, persian traditional, Iranian"
virgingod,5571463,28011,,https://www.last.fm/music/virgingod,0,"pluggnb, nerdcore, plugg"
"Jung Kook, Latto",80658800,27891,,"https://www.last.fm/music/Jung+Kook,+Latto",0,"Jung Kook, jungkook, black metal"
Caio Ocean,653779,27472,,https://www.last.fm/music/Caio+Ocean,0,
Casketism,242301,27462,,https://www.last.fm/music/Casketism,0,
Marzuku,470453,27372,,https://www.last.fm/music/Marzuku,0,"shoegaze, breakcore, metal"
liminal00,132091,27224,,https://www.last.fm/music/liminal00,0,
Anar,294231,26984,,https://www.last.fm/music/Anar,0,"black metal, Anarjuana"
Cat Janice,100169,26891,,https://www.last.fm/music/Cat+Janice,0,"pop, Disco, indie"
eze east,63750,26848,,https://www.last.fm/music/eze+east,0,
L.U.C.,722101,26828,,https://www.last.fm/music/L.U.C.,0,"trip-hop, Hip-Hop, polish"
Angourie Rice,160946,26811,,https://www.last.fm/music/Angourie+Rice,0,"australia, australian, actress"
DJ Maninho,132404,26723,,https://www.last.fm/music/DJ+Maninho,0,
lilibu,66437,26703,,https://www.last.fm/music/lilibu,0,
Gooee,58296,26607,,https://www.last.fm/music/Gooee,0,
Duckboy,934548,26396,,https://www.last.fm/music/Duckboy,0,"punk, pop punk, punk rock"
Johnnie Guilbert,864181,26384,,https://www.last.fm/music/Johnnie+Guilbert,0,"emo, rock, alternative rock"
Grego,141173,26322,df68fff7-6472-46f0-85ed-46b313ed4694,https://www.last.fm/music/Grego,0,"traditional, trap, psaltery"
yung vegan,805988,26199,,https://www.last.fm/music/yung+vegan,0,"Hip-Hop, hip hop, rap"
A & C,55790,26119,,https://www.last.fm/music/A+&+C,0,eurodance
Jaques Raupé,140742,26050,26aca235-3136-45b3-9e53-e42f4c86389b,https://www.last.fm/music/Jaques+Raup%C3%A9,0,"minimal, electronic, House"
boi what,420755,25936,,https://www.last.fm/music/boi+what,0,"metalcore, metal, rock"
Rhodessa,307321,25906,1512585d-e35f-47f6-8fa7-ecdbec882f48,https://www.last.fm/music/Rhodessa,0,"indie, OPM"
2Sdxrt3all,814718,25897,,https://www.last.fm/music/2Sdxrt3all,0,"Gangsta Rap, trap, Southern Hip Hop"
YOUNG POSSE,478906,25876,,https://www.last.fm/music/YOUNG+POSSE,0,"k-pop, Korean, Kpop"
Andrew Underberg,1151300,25606,,https://www.last.fm/music/Andrew+Underberg,0,
herbstreit,63202,25414,,https://www.last.fm/music/herbstreit,0,"chill, lofi"
Karrahbooo,222748,25397,,https://www.last.fm/music/Karrahbooo,0,"USA, Gangsta Rap, Dirty South"
Viliam Lane,211265,25364,,https://www.last.fm/music/Viliam+Lane,0,"dark, electronic music, witch house"
Victor Ray,271053,25359,,https://www.last.fm/music/Victor+Ray,0,"seen live, pop, soul"
TONEEJAY,340204,25288,,https://www.last.fm/music/TONEEJAY,0,OPM
Hydro,150136,25286,db7fe789-e14d-4180-9316-05e8c81c0ada,https://www.last.fm/music/Hydro,0,"Drum and bass, Brutal Death Metal, hip hop"
Demi,318446,25271,d3940275-976c-4bc5-9b0f-b4146f34504c,https://www.last.fm/music/Demi,0,"House, electro, spotify"
dj idk,120484,25219,,https://www.last.fm/music/dj+idk,0,
HaSeul,345324,25213,,https://www.last.fm/music/HaSeul,0,"k-pop, Kpop, Loona"
Bruiser Wolf,345879,25205,,https://www.last.fm/music/Bruiser+Wolf,0,"rap, Gangsta Rap, hip hop"
Jeymes Samuel,86364,25134,51cae821-87eb-4fdb-8932-e97e72e8d1f6,https://www.last.fm/music/Jeymes+Samuel,0,"chillout, jazz, soul"
Loukeman,220403,25086,,https://www.last.fm/music/Loukeman,0,
Catalyst...,730331,24811,,https://www.last.fm/music/Catalyst...,0,"screamo, punk, sad"
Kyle Selig,104123,24783,,https://www.last.fm/music/Kyle+Selig,0,
Fya Playce,63954,24669,,https://www.last.fm/music/Fya+Playce,0,
Pencil Legs,140318,24659,,https://www.last.fm/music/Pencil+Legs,0,"indie, Lo-Fi, Ukrainian"
phreshboyswag,1374494,24589,,https://www.last.fm/music/phreshboyswag,0,"UK, 1c, british"
BadKarma,115729,24523,,https://www.last.fm/music/BadKarma,0,"rock, hard rock, Awesome"
Jtbazz,344130,24381,,https://www.last.fm/music/Jtbazz,0,
Low&Slow,52592,24067,,https://www.last.fm/music/Low&Slow,0,
Amaru,247175,23958,,https://www.last.fm/music/Amaru,0,"alternative rock, rock, modern rock"
whxtt,212759,23929,,https://www.last.fm/music/whxtt,0,
Cjota,657803,23929,,https://www.last.fm/music/Cjota,0,"rnb, Hip-Hop, pop"
Ftp,141233,23919,,https://www.last.fm/music/Ftp,0,"Identity Rock, french, rock"
Ren Lockhart,88384,23915,,https://www.last.fm/music/Ren+Lockhart,0,
Lil Tony Official,438399,23472,,https://www.last.fm/music/Lil+Tony+Official,0,
Nicxletina,201093,23423,,https://www.last.fm/music/Nicxletina,0,
Jason Dhakal,305629,23415,,https://www.last.fm/music/Jason+Dhakal,0,"rnb, male vocalists, philippines"
adrey,201944,23369,,https://www.last.fm/music/adrey,0,
The Offline,139828,23105,,https://www.last.fm/music/The+Offline,0,"Soundtrack, jazz, soul"
Overrated,746063,23100,,https://www.last.fm/music/Overrated,0,"alternative, radiohead, hardstyle"
cxphex,151754,23075,,https://www.last.fm/music/cxphex,0,
Azevedo,221125,23063,,https://www.last.fm/music/Azevedo,0,trap BR
Emily Green Trio,58911,23046,,https://www.last.fm/music/Emily+Green+Trio,0,jazz
Anycia,162529,22975,,https://www.last.fm/music/Anycia,0,
Hev Abi,1770975,22964,,https://www.last.fm/music/Hev+Abi,0,"rap, hiphop, OPM"
Good Neighbours,92014,22618,,https://www.last.fm/music/Good+Neighbours,0,"indie, ambient, dance"
evilgiane,211943,22581,,https://www.last.fm/music/evilgiane,0,"hip hop, rap, trap"
Saphena Trio,60519,22438,,https://www.last.fm/music/Saphena+Trio,0,
Bossa,247783,22213,90abcbd5-8062-4d58-b904-43bfbb00f8da,https://www.last.fm/music/Bossa,0,"bossa, electro bossa"
AUR,192975,21944,8eeed424-7e5c-4984-8b06-69accec13740,https://www.last.fm/music/AUR,0,"indie, rap, Hindi"
Heaven Pierce Her,1407390,21888,,https://www.last.fm/music/Heaven+Pierce+Her,0,"post-rock, breakcore, ambient"
Made,1638913,21851,d16aa6d6-168a-4005-8d69-3e9daab52288,https://www.last.fm/music/Made,0,"idm, electronic, indie"
Towa Bird,113840,21797,,https://www.last.fm/music/Towa+Bird,0,"indie, rock, singer-songwriter"
RJ Pasin,371942,21788,,https://www.last.fm/music/RJ+Pasin,0,"instrumental, United States"
Make His Ribs Show,201272,21650,,https://www.last.fm/music/Make+His+Ribs+Show,0,"slowcore, shoegaze, indie"
femtanyl,1205835,21644,,https://www.last.fm/music/femtanyl,0,"digital hardcore, furry, electronic"
Jazeek,1207136,21594,,https://www.last.fm/music/Jazeek,0,
Yoari,171257,21466,,https://www.last.fm/music/Yoari,0,"Korean, korean female vocal, rock"
Alto,132883,21305,,https://www.last.fm/music/Alto,0,"heavy metal, chillout, electronic"
Tenkay,680890,21067,,https://www.last.fm/music/Tenkay,0,"1c, Houston, Jerk"
Ocean Ocean,117767,20946,,https://www.last.fm/music/Ocean+Ocean,0,"indie, russian, Russia"
Jerskin Fendrix,340356,20799,,https://www.last.fm/music/Jerskin+Fendrix,0,"electronic, art pop, electropop"
bl4ck m4rket c4rt,275098,20246,,https://www.last.fm/music/bl4ck+m4rket+c4rt,0,"indie rock, shoegaze, slowcore"
Shay Walsh,43392,19967,,https://www.last.fm/music/Shay+Walsh,0,
Retrib,51197,19794,,https://www.last.fm/music/Retrib,0,
Link do Zap,2223257,19722,,https://www.last.fm/music/Link+do+Zap,0,"brazil, trap, bedroom pop"
mc pl alves,80031,19616,,https://www.last.fm/music/mc+pl+alves,0,
TWS,486656,19498,,https://www.last.fm/music/TWS,0,"Korean, k-pop, tws"
Arthur Taylor Trio,46107,19485,,https://www.last.fm/music/Arthur+Taylor+Trio,0,
dopuu,65559,19434,,https://www.last.fm/music/dopuu,0,
Eugenio Esquivel,150431,19240,,https://www.last.fm/music/Eugenio+Esquivel,0,
Jake Webber,664382,19153,,https://www.last.fm/music/Jake+Webber,0,alternative
txmy,202910,18561,,https://www.last.fm/music/txmy,0,"Classical, instrumental"
heavymoncler,134997,18404,,https://www.last.fm/music/heavymoncler,0,
fedo DJ,45843,18265,,https://www.last.fm/music/fedo+DJ,0,
Yeri Mua,140250,18078,,https://www.last.fm/music/Yeri+Mua,0,"Reggaeton, latino, urbano"
BMW Albo,72673,18034,,https://www.last.fm/music/BMW+Albo,0,
O SIDE MAFIA,820632,17988,,https://www.last.fm/music/O+SIDE+MAFIA,0,"rap, hiphop, trap"
Sleep Theory,166722,17974,,https://www.last.fm/music/Sleep+Theory,0,"alternative rock, alternative metal, philippines"
OT7 Quanny,419816,17811,,https://www.last.fm/music/OT7+Quanny,0,"hip hop, rap, trap"
Blake Roman,364915,17694,,https://www.last.fm/music/Blake+Roman,0,"Broadway, actor, Voice Actor"
Sviral.,105037,17613,,https://www.last.fm/music/Sviral.,0,
Gonova!,148544,17390,,https://www.last.fm/music/Gonova%21,0,
Sett,144308,17323,d2fe15db-2603-423c-837a-14a11c83011a,https://www.last.fm/music/Sett,0,"Croatian Hip-Hop, Hip-Hop, Balkan hip-hop"
WX,96844,16957,,https://www.last.fm/music/WX,0,"Hip-Hop, brazil, brasil"
Passion Mango,102860,16873,,https://www.last.fm/music/Passion+Mango,0,
Mirage Amuro,173639,16753,,https://www.last.fm/music/Mirage+Amuro,0,"electronic, pop, dance"
Denizlpsevv,99863,16003,,https://www.last.fm/music/Denizlpsevv,0,
DJ DIDI,58121,15940,,https://www.last.fm/music/DJ+DIDI,0,
TR,60931,15789,,https://www.last.fm/music/TR,0,"Gabber, hardcore techno, techno"
Suki,59048,15503,d87639c7-8157-4c09-8c1e-f62de458c170,https://www.last.fm/music/Suki,0,"electronic, Uplifting, nitzhonot"
Charuss,88457,15423,,https://www.last.fm/music/Charuss,0,
"The Army, The Navy",93514,14938,,"https://www.last.fm/music/The+Army,+The+Navy",0,"indie, indie pop, USA"
Bebe Wood,55006,14709,,https://www.last.fm/music/Bebe+Wood,0,
wzzywrld,37730,14521,,https://www.last.fm/music/wzzywrld,0,
Noah Richardson,69762,14266,,https://www.last.fm/music/Noah+Richardson,0,
core5k,129047,14242,,https://www.last.fm/music/core5k,0,
Otto Benson,83917,14204,,https://www.last.fm/music/Otto+Benson,0,"Lo-Fi, experimental indie, Lo-Fi Indie"
Poems,36288,13919,d31fe383-3702-4e7e-9948-881e07b5a143,https://www.last.fm/music/Poems,0,"Hip-Hop, jazz-hop, jazz"
Skitz00,77608,13872,,https://www.last.fm/music/Skitz00,0,
Lunko,49632,13797,,https://www.last.fm/music/Lunko,0,UK
Gaby Music,85825,13751,,https://www.last.fm/music/Gaby+Music,0,
Aimee Carty,73164,13458,,https://www.last.fm/music/Aimee+Carty,0,"indie pop, singer-songwriter, ireland"
LH CHUCRO,300073,13415,,https://www.last.fm/music/LH+CHUCRO,0,"detroit, goofy, Hard Trap"
Kidd Voodoo,809736,13312,,https://www.last.fm/music/Kidd+Voodoo,0,"latin, chile, reggeaton"
J.Tajor,142186,13053,,https://www.last.fm/music/J.Tajor,0,"Hip-Hop, australian, rnb"
Calah Lane,74027,13034,,https://www.last.fm/music/Calah+Lane,0,
New Carti,75760,13025,,https://www.last.fm/music/New+Carti,0,
Gabriel Gonzalez,23351,12624,,https://www.last.fm/music/Gabriel+Gonzalez,0,latin
Jé,159493,12528,,https://www.last.fm/music/J%C3%A9,0,"rap, rnb, trap"
Breakcore Girl,328755,11830,,https://www.last.fm/music/Breakcore+Girl,0,"breakcore, AI, AI Generated"
Kristina Dawn,145407,11817,,https://www.last.fm/music/Kristina+Dawn,0,
Figo i Samogony,90105,11020,,https://www.last.fm/music/Figo+i+Samogony,0,
i don't like mirrors,142432,10826,,https://www.last.fm/music/i+don%27t+like+mirrors,0,"indie, instrumental, indie rock"
Christell,38921,10685,a27556dd-af1e-4c6a-8857-817d09a2b2c2,https://www.last.fm/music/Christell,0,"chucky, me duele la guatita, chile"
Collinsworthy,17004,10299,,https://www.last.fm/music/Collinsworthy,0,
concretevault,62055,10198,,https://www.last.fm/music/concretevault,0,
Marianne Ross,51068,9956,,https://www.last.fm/music/Marianne+Ross,0,
Teckill,25621,9724,,https://www.last.fm/music/Teckill,0,
fbiv2,56363,9533,,https://www.last.fm/music/fbiv2,0,
HONESTAV,88067,9148,,https://www.last.fm/music/HONESTAV,0,"alternative, emo, rap"
Clover!,112196,8837,,https://www.last.fm/music/Clover%21,0,
mud washed denim,18188,8603,,https://www.last.fm/music/mud+washed+denim,0,
Aager 声音,13686,8477,,https://www.last.fm/music/Aager+%E5%A3%B0%E9%9F%B3,0,
Max Hayward,14116,8366,,https://www.last.fm/music/Max+Hayward,0,
